video_id,comment_id,video_title,channel_name,channel_id,author_name,author_channel_id,text,source_query,source_group,dataset_sources,author_handle,published_text,like_count_text,reply_count,is_pinned,viewer_rating,texto_original,like_count_observado,like_count,texto_paso1,tiene_url,menciones_encontradas,hashtags_encontrados,emojis_encontrados,num_emojis,texto_limpio,tokens_limpios,longitud_original,longitud_limpia,sentiment_input,sentiment_status,sentiment,p_NEG,p_NEU,p_POS,token_count,truncated,confidence,low_confidence,sentiment_score,model_id,model_revision,author_community,video_community,internal
j43HgwYFKfk,Ugw-J65a1iYL9hqhELh4AaABAg,La cooptación de Walter Mazariegos en la USAC,Quorum,UCE4rsXcgDb6e1-a9iTbWzfg,@MarcosCarillo-b1r,UCdFlugHJJa4l3YqWuNRmvXw,Ese corrupto amigo de la vieja fiscal los tengo que verbose en la carcel,@quorumgt,topic,j43HgwYFKfk_out_comments.csv | quorum_complete_comments.csv | youtube_guatemala_plus_comments.csv,/@MarcosCarillo-b1r,hace 6 meses,,0,False,,Ese corrupto amigo de la vieja fiscal los tengo que verbose en la carcel                                                                                                                                                                                                                                                                                                                                                                                                                                                                                                                                                                                                                                                                                                                                                                                                                                                                                                                                                                                        ,False,0,ese corrupto amigo de la vieja fiscal los tengo que verbose en la carcel,False,[],[],[],0,corrupto amigo viejo fiscal verbo él carcel,"['corrupto', 'amigo', 'viejo', 'fiscal', 'verbo él', 'carcel']",1024,43,Ese corrupto amigo de la vieja fiscal los tengo que verbose en la carcel,classified,NEG,0.807786762714386,0.14628508687019348,0.04592810571193695,18,False,0.807786762714386,False,-0.761858657002449,pysentimiento/robertuito-sentiment-analysis,a2cc0f67ebd705c55191e25a05ba23d885fcc09b,15,1,False
06mFNPU0aB8,Ugw-ZT9t9wU2V-tCaUZ4AaABAg,Capturan a presuntos delincuentes disfrazados de mujer señalados de cometer asalto,Noti7,UCVpSRoZgngfSL03Nlbjtq9A,@RaulPerez-cw2vi,UCvl1tzQeBeGy6efPTRJXSCw,"Están jóvenes porque no buscan un trabajo,  tuvieron suerte que no hay policías que le gusta del otro vando , por ir vestido de mujer se los hubieran ensamblado la maquinaria.",guatemala noticias,topic,youtube_guatemala_comments.csv | youtube_guatemala_plus_comments.csv,/@RaulPerez-cw2vi,hace 2 semanas,,0,False,,"Están jóvenes porque no buscan un trabajo,  tuvieron suerte que no hay policías que le gusta del otro vando , por ir vestido de mujer se los hubieran ensamblado la maquinaria.                                                                                                                                                                                                                                                                                                                                                                                                                                                                                                                                                                                                                                                                                                                                                                                                                                                                               ",False,0,están jóvenes porque no buscan un trabajo tuvieron suerte que no hay policías que le gusta del otro vando por ir vestido de mujer se los hubieran ensamblado la maquinaria,False,[],[],[],0,joven buscar trabajo tener suerte policía gustar var vestir mujer haber ensamblar maquinaria,"['joven', 'buscar', 'trabajo', 'tener', 'suerte', 'policía', 'gustar', 'var', 'vestir', 'mujer', 'haber', 'ensamblar', 'maquinaria']",1022,92,"Están jóvenes porque no buscan un trabajo,  tuvieron suerte que no hay policías que le gusta del otro vando , por ir vestido de mujer se los hubieran ensamblado la maquinaria.",classified,NEG,0.9650871753692627,0.029080349951982498,0.005832497030496597,38,False,0.9650871753692627,False,-0.9592546783387661,pysentimiento/robertuito-sentiment-analysis,a2cc0f67ebd705c55191e25a05ba23d885fcc09b,6,6,True
j43HgwYFKfk,Ugw0xaOb2CYXXoudtwJ4AaABAg,La cooptación de Walter Mazariegos en la USAC,Quorum,UCE4rsXcgDb6e1-a9iTbWzfg,@iamjimalesssa,UCRAquv8el-tQ30bN7MlmySQ,"Me dejaron con ganas de demandar la ilegalidad de las reuniones virtuales, esto no es una maquila",@quorumgt,topic,j43HgwYFKfk_out_comments.csv | quorum_complete_comments.csv | youtube_guatemala_plus_comments.csv,/@iamjimalesssa,hace 1 año,4.0,0,False,,"Me dejaron con ganas de demandar la ilegalidad de las reuniones virtuales, esto no es una maquila                                                                                                                                                                                                                                                                                                                                                                                                                                                                                                                                                                                                                                                                                                                                                                                                                                                                                                                                                             ",True,4,me dejaron con ganas de demandar la ilegalidad de las reuniones virtuales esto no es una maquila,False,[],[],[],0,dejar gana demandar ilegalidad reunión virtual maquila,"['dejar', 'gana', 'demandar', 'ilegalidad', 'reunión', 'virtual', 'maquila']",1022,54,"Me dejaron con ganas de demandar la ilegalidad de las reuniones virtuales, esto no es una maquila",classified,NEG,0.9713771343231201,0.025966854766011238,0.002656026277691126,22,False,0.9713771343231201,False,-0.968721108045429,pysentimiento/robertuito-sentiment-analysis,a2cc0f67ebd705c55191e25a05ba23d885fcc09b,1,1,True
j43HgwYFKfk,Ugw0xgUc2ISpBr5_T654AaABAg,La cooptación de Walter Mazariegos en la USAC,Quorum,UCE4rsXcgDb6e1-a9iTbWzfg,@gonzalo6075,UCkbsS_3D-pvg1iHOld9uvIg,Veremos a este mafioso de Mazariegos en la cárcel y un buen tiempo en la sombra.,@quorumgt/videos,channel,quorum_complete_comments.csv | youtube_guatemala_plus_comments.csv,/@gonzalo6075,hace 1 año,,0,False,,Veremos a este mafioso de Mazariegos en la cárcel y un buen tiempo en la sombra.                                                                                                                                                                                                                                                                                                                                                                                                                                                                                                                                                                                                                                                                                                                                                                                                                                                                                                                                                                                ,False,0,veremos a este mafioso de mazariegos en la cárcel y un buen tiempo en la sombra,False,[],[],[],0,ver mafioso mazariego cárcel tiempo sombra,"['ver', 'mafioso', 'mazariego', 'cárcel', 'tiempo', 'sombra']",1024,42,Veremos a este mafioso de Mazariegos en la cárcel y un buen tiempo en la sombra.,classified,NEG,0.7018648982048035,0.26764851808547974,0.03048660233616829,22,False,0.7018648982048035,False,-0.6713782958686352,pysentimiento/robertuito-sentiment-analysis,a2cc0f67ebd705c55191e25a05ba23d885fcc09b,1,1,True
OkXlHx0hx-8,Ugw1ZzA21njWhaqQQTh4AaABAg,EE.UU. envía a mexicanos deportados a Guatemala antes de su regreso a México | Noticias Telemundo,Noticias Telemundo,UCRwA1NUcUnwsly35ikGhp0A,@luisroldan7374,UCOLHH4ZpMxPYF-Q6e6wvn5A,"eso es para que salga de USA por su propio pie
                                                                                                                                                                                                                                                                                               que se auto deporten",guatemala noticias,topic,youtube_guatemala_comments.csv | youtube_guatemala_plus_comments.csv,/@luisroldan7374,hace 1 día,2.0,1,False,,"eso es para que salga de USA por su propio pie
                                                                                                                                                                                                                                                                                               que se auto deporten                                                                                                                                                                                                                                                                                                                                                                                                                                                                                                                                                                                                                                                                                                                                                                                                                                                                                                                                                                                                                                           ",True,2,eso es para que salga de usa por su propio pie que se auto deporten,False,[],[],[],0,salir pie auto deportar,"['salir', 'pie', 'auto', 'deportar']",1358,23,"eso es para que salga de USA por su propio pie
   que se auto deporten",classified,NEG,0.7452157139778137,0.23289403319358826,0.021890269592404366,22,False,0.7452157139778137,False,-0.7233254443854094,pysentimiento/robertuito-sentiment-analysis,a2cc0f67ebd705c55191e25a05ba23d885fcc09b,5,5,True
OkXlHx0hx-8,Ugw1ZzA21njWhaqQQTh4AaABAg.Aa9Tf29tBouAaB_XZQglTL,EE.UU. envía a mexicanos deportados a Guatemala antes de su regreso a México | Noticias Telemundo,Noticias Telemundo,UCRwA1NUcUnwsly35ikGhp0A,@eugeneramirez4405,UCi2KiZq63sRq8Mfbcp-MelQ,Imagine if they had to walk back home.,guatemala noticias,topic,youtube_guatemala_comments.csv | youtube_guatemala_plus_comments.csv,/@eugeneramirez4405,hace 20 horas,,0,False,,Imagine if they had to walk back home.                                                                                                                                                                                                                                                                                                                                                                                                                                                                                                                                                                                                                                                                                                                                                                                                                                                                                                                                                                                                                          ,False,0,imagine if they had to walk back home,False,[],[],[],0,imagine if they had to walk back home,"['imagine', 'if', 'they', 'had', 'to', 'walk', 'back', 'home']",1024,37,Imagine if they had to walk back home.,classified,NEU,0.3089750409126282,0.539604127407074,0.15142077207565308,10,False,0.539604127407074,True,-0.1575542688369751,pysentimiento/robertuito-sentiment-analysis,a2cc0f67ebd705c55191e25a05ba23d885fcc09b,5,5,True
yLZS3JiEBg8,Ugw2014OIYf336oytFt4AaABAg,Arroz con pollo a la MONOPOLIO,Quorum,UCE4rsXcgDb6e1-a9iTbWzfg,@capitanfrans,UCXl30Y_upRqbti52fmjK4YA,buenísima investigacion :hand-purple-blue-peace::hand-purple-blue-peace::hand-purple-blue-peace:,@quorumgt/videos,channel,quorum_complete_comments.csv | youtube_guatemala_plus_comments.csv,/@capitanfrans,hace 2 años,,0,False,,buenísima investigacion :hand-purple-blue-peace::hand-purple-blue-peace::hand-purple-blue-peace:                                                                                                                                                                                                                                                                                                                                                                                                                                                                                                                                                                                                                                                                                                                                                                                                                                                                                                                                                                ,False,0,buenísima investigacion hand purple blue peace hand purple blue peace hand purple blue peace,False,[],[],[],0,buenísima investigacion hand purple blue peace hand purple blue peace hand purple blue peace,"['buenísima', 'investigacion', 'hand', 'purple', 'blue', 'peace', 'hand', 'purple', 'blue', 'peace', 'hand', 'purple', 'blue', 'peace']",1024,92,buenísima investigacion :hand-purple-blue-peace::hand-purple-blue-peace::hand-purple-blue-peace:,classified,POS,0.021916236728429794,0.38881930708885193,0.5892645120620728,44,False,0.5892645120620728,True,0.567348275333643,pysentimiento/robertuito-sentiment-analysis,a2cc0f67ebd705c55191e25a05ba23d885fcc09b,7,7,True
n8iP75gIpmw,Ugw2bSVOoNn2pc8ZcUl4AaABAg,Qué rico come tu diputado,Quorum,UCE4rsXcgDb6e1-a9iTbWzfg,@danyraymundo2942,UCRelkU8JiZBytTzebJxaa-w,"Lleven su lonchera, sacrifiquense un poco. Y reintevren ese dinero. O están robando.",@quorumgt/videos,channel,quorum_complete_comments.csv | youtube_guatemala_plus_comments.csv,/@danyraymundo2942,hace 2 años,3.0,0,False,,"Lleven su lonchera, sacrifiquense un poco. Y reintevren ese dinero. O están robando.                                                                                                                                                                                                                                                                                                                                                                                                                                                                                                                                                                                                                                                                                                                                                                                                                                                                                                                                                                          ",True,3,lleven su lonchera sacrifiquense un poco y reintevren ese dinero o están robando,False,[],[],[],0,llevar lonchera sacrifiquensar reintevren dinero robar,"['llevar', 'lonchera', 'sacrifiquensar', 'reintevren', 'dinero', 'robar']",1022,54,"Lleven su lonchera, sacrifiquense un poco. Y reintevren ese dinero. O están robando.",classified,NEG,0.5835473537445068,0.37668576836586,0.0397668331861496,23,False,0.5835473537445068,True,-0.5437805205583572,pysentimiento/robertuito-sentiment-analysis,a2cc0f67ebd705c55191e25a05ba23d885fcc09b,0,0,True
lj983NWyAQY,Ugw3gnUvLp6AqO0_odt4AaABAg,Plan 2032 Ciudad de Guatemala,Municipalidad de Guatemala,UCXa6LVjBzUtmcM3cwbd9e2w,@perritojuega1,UCgLurCo-e019HGODcjXHWCw,Viva Guatemala 🇬🇹🇬🇹🇬🇹🥳🥳🥳,Municipalidad de Guatemala,topic,lj983NWyAQY_out_comments.csv | youtube_guatemala_plus_comments.csv,/@perritojuega1,hace 5 años,2.0,0,False,,Viva Guatemala 🇬🇹🇬🇹🇬🇹🥳🥳🥳                                                                                                                                                                                                                                                                                                                                                                                                                                                                                                                                                                                                                                                                                                                                                                                                                                                                                                                                                                                                                               ,True,2,viva guatemala,False,[],[],"['🇬🇹', '🇬🇹', '🇬🇹', '🥳', '🥳', '🥳']",6,vivo guatemala,"['vivo', 'guatemala']",1015,14,Viva Guatemala  emoji bandera guatemala emoji  emoji bandera guatemala emoji  emoji bandera guatemala emoji  emoji cara de fiesta emoji  emoji cara de fiesta emoji  emoji cara de fiesta emoji,classified,NEU,0.15794509649276733,0.677142858505249,0.16491208970546722,49,False,0.677142858505249,False,0.00696699321269989,pysentimiento/robertuito-sentiment-analysis,a2cc0f67ebd705c55191e25a05ba23d885fcc09b,3,3,True
n8iP75gIpmw,Ugw4C1ijI36l6LAiSZh4AaABAg,Qué rico come tu diputado,Quorum,UCE4rsXcgDb6e1-a9iTbWzfg,@lizardomorataya8274,UCDIMztpVm7G27qBuiWuT6oQ,LADRONES !!!!,@quorumgt/videos,channel,quorum_complete_comments.csv | youtube_guatemala_plus_comments.csv,/@lizardomorataya8274,hace 2 años,,0,False,,LADRONES !!!!                                                                                                                                                                                                                                                                                                                                                                                                                                                                                                                                                                                                                                                                                                                                                                                                                                                                                                                                                                                                                                                   ,False,0,ladrones,False,[],[],[],0,ladrón,['ladrón'],1024,6,LADRONES !!!,classified,NEG,0.5815953016281128,0.2898417115211487,0.1285630613565445,4,False,0.5815953016281128,True,-0.4530322402715683,pysentimiento/robertuito-sentiment-analysis,a2cc0f67ebd705c55191e25a05ba23d885fcc09b,0,0,True
ndAZjHqzzT8,Ugw4St_YnT9_Ya5xSPt4AaABAg,Internet: escoger el menos malo,Quorum,UCE4rsXcgDb6e1-a9iTbWzfg,@daniloarevalo3170,UCZOmq6MwFDVoCaEl99BRRaw,"Otro pequeño truco es que tenés un plan mensual de Gb y redes ilimitadas y luego te mandan mensaje que consumiste el 95% de tu plan y ahi viene el caos verificas el consumo de tus datos y solo has utilizado redes, con un mínimo de internet y por ende hay que hacer una recarga adicional,,, porque vas a averiguar y solo te dicen que sí consumiste tus datos y ya,,,,a recargar,,un negoció redondo para ambas empresas 🤮🤮😠😠💵💵",@quorumgt/videos,channel,quorum_complete_comments.csv | youtube_guatemala_plus_comments.csv,/@daniloarevalo3170,hace 1 año,,0,False,,"Otro pequeño truco es que tenés un plan mensual de Gb y redes ilimitadas y luego te mandan mensaje que consumiste el 95% de tu plan y ahi viene el caos verificas el consumo de tus datos y solo has utilizado redes, con un mínimo de internet y por ende hay que hacer una recarga adicional,,, porque vas a averiguar y solo te dicen que sí consumiste tus datos y ya,,,,a recargar,,un negoció redondo para ambas empresas 🤮🤮😠😠💵💵                                                                                                                                                                                                                                                                                                                                                                                                                                                                                                                                                                                                                  ",False,0,otro pequeño truco es que tenés un plan mensual de gb y redes ilimitadas y luego te mandan mensaje que consumiste el de tu plan y ahi viene el caos verificas el consumo de tus datos y solo has utilizado redes con un mínimo de internet y por ende hay que hacer una recarga adicional porque vas a averiguar y solo te dicen que sí consumiste tus datos y ya a recargar un negoció redondo para ambas empresas,False,[],[],"['🤮', '🤮', '😠', '😠', '💵', '💵']",6,pequeño truco tenés plan mensual gb red ilimitado mandan mensaje consumistir plan venir caos verifica consumo dato haber utilizar red mínimo internet ende recarga adicional ir averiguar consumistir dato recargar negoció redondo ambos empresa,"['pequeño', 'truco', 'tenés', 'plan', 'mensual', 'gb', 'red', 'ilimitado', 'mandan', 'mensaje', 'consumistir', 'plan', 'venir', 'caos', 'verifica', 'consumo', 'dato', 'haber', 'utilizar', 'red', 'mínimo', 'internet', 'ende', 'recarga', 'adicional', 'ir', 'averiguar', 'consumistir', 'dato', 'recargar', 'negoció', 'redondo', 'ambos', 'empresa']",1016,241,"Otro pequeño truco es que tenés un plan mensual de Gb y redes ilimitadas y luego te mandan mensaje que consumiste el 95% de tu plan y ahi viene el caos verificas el consumo de tus datos y solo has utilizado redes, con un mínimo de internet y por ende hay que hacer una recarga adicional,,, porque vas a averiguar y solo te dicen que sí consumiste tus datos y ya,,,a recargar,,un negoció redondo para ambas empresas  emoji cara vomitando emoji  emoji cara vomitando emoji  emoji cara enfadada emoji  emoji cara enfadada emoji  emoji billete de dólar emoji  emoji billete de dólar emoji",classified,NEG,0.9142569303512573,0.08024966716766357,0.005493373144418001,139,True,0.9142569303512573,False,-0.9087635572068393,pysentimiento/robertuito-sentiment-analysis,a2cc0f67ebd705c55191e25a05ba23d885fcc09b,7,7,True
6W4u8sGEnGM,Ugw4ccnmIWJaE6VNRWN4AaABAg,Inician los trabajos de recuperación del Puente Belice II.,Gobierno de la República de Guatemala,UC-ZtFBHzgkYFh7whZkuR_Ag,@vitalianochavez8382,UCFybmWapGvBKcQod7cPPH9w,Que bien que cambio de nombre,Gobierno de la República de Guatemala,topic,youtube_guatemala_plus_comments.csv | youtube_lab_targets_small_comments.csv,/@vitalianochavez8382,hace 5 días,1.0,0,False,,Que bien que cambio de nombre                                                                                                                                                                                                                                                                                                                                                                                                                                                                                                                                                                                                                                                                                                                                                                                                                                                                                                                                                                                                                                   ,True,1,que bien que cambio de nombre,False,[],[],[],0,cambio nombre,"['cambio', 'nombre']",1024,13,Que bien que cambio de nombre,classified,POS,0.024983610957860947,0.07526618242263794,0.8997502326965332,8,False,0.8997502326965332,False,0.8747666217386723,pysentimiento/robertuito-sentiment-analysis,a2cc0f67ebd705c55191e25a05ba23d885fcc09b,2,2,True
n8iP75gIpmw,Ugw5E402-fn52PLXFIJ4AaABAg,Qué rico come tu diputado,Quorum,UCE4rsXcgDb6e1-a9iTbWzfg,@andyB5280,UCh5ESQvtzyHDhCA7XyekCFA,Tiene un poquito de oro y no habla como resolver los problemas .,@quorumgt/videos,channel,quorum_complete_comments.csv | youtube_guatemala_plus_comments.csv,/@andyB5280,hace 2 años,,0,False,,Tiene un poquito de oro y no habla como resolver los problemas .                                                                                                                                                                                                                                                                                                                                                                                                                                                                                                                                                                                                                                                                                                                                                                                                                                                                                                                                                                                                ,False,0,tiene un poquito de oro y no habla como resolver los problemas,False,[],[],[],0,poquito oro resolver problema,"['poquito', 'oro', 'resolver', 'problema']",1024,29,Tiene un poquito de oro y no habla como resolver los problemas .,classified,NEG,0.7196907997131348,0.25525081157684326,0.025058412924408913,15,False,0.7196907997131348,False,-0.6946323867887259,pysentimiento/robertuito-sentiment-analysis,a2cc0f67ebd705c55191e25a05ba23d885fcc09b,0,0,True
n8iP75gIpmw,Ugw5URsiAF9QVoniY-l4AaABAg,Qué rico come tu diputado,Quorum,UCE4rsXcgDb6e1-a9iTbWzfg,@cesarandreas7824,UCWIZUtKJ636y-4TYrNvok0g,"Si a los diputados no les alcanza el sueldo que se busquen otro trabajo,  ya sea de los departamentos o de la capital.",@quorumgt/videos,channel,quorum_complete_comments.csv | youtube_guatemala_plus_comments.csv,/@cesarandreas7824,hace 2 años,5.0,0,False,,"Si a los diputados no les alcanza el sueldo que se busquen otro trabajo,  ya sea de los departamentos o de la capital.                                                                                                                                                                                                                                                                                                                                                                                                                                                                                                                                                                                                                                                                                                                                                                                                                                                                                                                                        ",True,5,si a los diputados no les alcanza el sueldo que se busquen otro trabajo ya sea de los departamentos o de la capital,False,[],[],[],0,diputado alcanzar sueldo buscar trabajo departamento capital,"['diputado', 'alcanzar', 'sueldo', 'buscar', 'trabajo', 'departamento', 'capital']",1022,60,"Si a los diputados no les alcanza el sueldo que se busquen otro trabajo,  ya sea de los departamentos o de la capital.",classified,NEG,0.8866134285926819,0.10643389821052551,0.006952647119760513,27,False,0.8866134285926819,False,-0.8796607814729214,pysentimiento/robertuito-sentiment-analysis,a2cc0f67ebd705c55191e25a05ba23d885fcc09b,0,0,True
n8iP75gIpmw,Ugw5xMAuDaygo77ynI94AaABAg,Qué rico come tu diputado,Quorum,UCE4rsXcgDb6e1-a9iTbWzfg,@jor77cas,UCzoL2l5H5eVlorWGH8AZfAg,"Lamentable son las EXCUSAS,  reclama que porque no se ve el trabajo que realizan, sueldon para que se costeen sus propios alimentos, pero tienen que ir a restaurantes de lujo y el PUEBLO luchando para llevar un pan a su mesa, muchos ni a eso llegan  ...",@quorumgt/videos,channel,quorum_complete_comments.csv | youtube_guatemala_plus_comments.csv,/@jor77cas,hace 2 años (editado),6.0,0,False,,"Lamentable son las EXCUSAS,  reclama que porque no se ve el trabajo que realizan, sueldon para que se costeen sus propios alimentos, pero tienen que ir a restaurantes de lujo y el PUEBLO luchando para llevar un pan a su mesa, muchos ni a eso llegan  ...                                                                                                                                                                                                                                                                                                                                                                                                                                                                                                                                                                                                                                                                                                                                                                                                 ",True,6,lamentable son las excusas reclama que porque no se ve el trabajo que realizan sueldon para que se costeen sus propios alimentos pero tienen que ir a restaurantes de lujo y el pueblo luchando para llevar un pan a su mesa muchos ni a eso llegan,False,[],[],[],0,lamentable excusa reclamar ver trabajo realizar sueldon costear alimento restaurante lujo pueblo luchar pan mesa llegar,"['lamentable', 'excusa', 'reclamar', 'ver', 'trabajo', 'realizar', 'sueldon', 'costear', 'alimento', 'restaurante', 'lujo', 'pueblo', 'luchar', 'pan', 'mesa', 'llegar']",1022,119,"Lamentable son las EXCUSAS,  reclama que porque no se ve el trabajo que realizan, sueldon para que se costeen sus propios alimentos, pero tienen que ir a restaurantes de lujo y el PUEBLO luchando para llevar un pan a su mesa, muchos ni a eso llegan  ...",classified,NEG,0.9809203147888184,0.015993129462003708,0.0030865054577589035,56,False,0.9809203147888184,False,-0.9778338093310595,pysentimiento/robertuito-sentiment-analysis,a2cc0f67ebd705c55191e25a05ba23d885fcc09b,0,0,True
TT4qJ5FXHYE,Ugw6cfXYfV4H-asKlDR4AaABAg,"I’x K’at: el primer equipo guatemalteco de pelota maya, conformado únicamente por mujeres.",Quorum,UCE4rsXcgDb6e1-a9iTbWzfg,@rotorairgroup8409,UCKVzDUqbtdSMBcexaEtMmzQ,No se ve un deporte dinamico ni entretenido. El trasfondo de este juego era bastante macabro y refleja la oscuridad de las culturas pre colombinas en America. No le encuentro sentido a recrear algo tan negativo y arcaico.,@quorumgt/videos,channel,quorum_complete_comments.csv | youtube_guatemala_plus_comments.csv,/@rotorairgroup8409,hace 2 años,,0,False,,No se ve un deporte dinamico ni entretenido. El trasfondo de este juego era bastante macabro y refleja la oscuridad de las culturas pre colombinas en America. No le encuentro sentido a recrear algo tan negativo y arcaico.                                                                                                                                                                                                                                                                                                                                                                                                                                                                                                                                                                                                                                                                                                                                                                                                                                   ,False,0,no se ve un deporte dinamico ni entretenido el trasfondo de este juego era bastante macabro y refleja la oscuridad de las culturas pre colombinas en america no le encuentro sentido a recrear algo tan negativo y arcaico,False,[],[],[],0,ver deporte dinamico entretenido trasfondo juego macabro reflejar oscuridad cultura pre colombina america encontrar sentido recrear negativo arcaico,"['ver', 'deporte', 'dinamico', 'entretenido', 'trasfondo', 'juego', 'macabro', 'reflejar', 'oscuridad', 'cultura', 'pre', 'colombina', 'america', 'encontrar', 'sentido', 'recrear', 'negativo', 'arcaico']",1024,148,No se ve un deporte dinamico ni entretenido. El trasfondo de este juego era bastante macabro y refleja la oscuridad de las culturas pre colombinas en America. No le encuentro sentido a recrear algo tan negativo y arcaico.,classified,NEG,0.97502201795578,0.021452898159623146,0.0035250724758952856,50,False,0.97502201795578,False,-0.9714969454798847,pysentimiento/robertuito-sentiment-analysis,a2cc0f67ebd705c55191e25a05ba23d885fcc09b,9,9,True
j43HgwYFKfk,Ugw74asIfir0_SVC6OB4AaABAg,La cooptación de Walter Mazariegos en la USAC,Quorum,UCE4rsXcgDb6e1-a9iTbWzfg,@eustaquiogomez9975,UCNpt5CQlTzNjlAKY6CJtClQ,Denle golpe universitario (de estado). Lo puede hacer el CSU?,@quorumgt/videos,channel,quorum_complete_comments.csv | youtube_guatemala_plus_comments.csv,/@eustaquiogomez9975,hace 1 año,,0,False,,Denle golpe universitario (de estado). Lo puede hacer el CSU?                                                                                                                                                                                                                                                                                                                                                                                                                                                                                                                                                                                                                                                                                                                                                                                                                                                                                                                                                                                                   ,False,0,denle golpe universitario de estado lo puede hacer el csu,False,[],[],[],0,denle golpe universitario csu,"['denle', 'golpe', 'universitario', 'csu']",1024,29,Denle golpe universitario (de estado). Lo puede hacer el CSU?,classified,NEU,0.29836440086364746,0.685453474521637,0.01618209481239319,15,False,0.685453474521637,False,-0.2821823060512543,pysentimiento/robertuito-sentiment-analysis,a2cc0f67ebd705c55191e25a05ba23d885fcc09b,1,1,True
n8iP75gIpmw,Ugw86zOgTwKzYotlT9l4AaABAg,Qué rico come tu diputado,Quorum,UCE4rsXcgDb6e1-a9iTbWzfg,@yeniferaguirre4498,UCut6b9S98nv84cVX89PmKzA,Y el pueblo muriéndose de hambre muchas madres de familia ganando 50 quetzales al día y en algunos departamentos solo ganan 30 te voy a dar mención una aldea llamada el jabalí 30 quetzales al día gana algunas personas ganan 300 quetzales a la semana fiestas sanguijuelas se los comieron en un almuerzo,@quorumgt/videos,channel,quorum_complete_comments.csv | youtube_guatemala_plus_comments.csv,/@yeniferaguirre4498,hace 2 años,1.0,0,False,,Y el pueblo muriéndose de hambre muchas madres de familia ganando 50 quetzales al día y en algunos departamentos solo ganan 30 te voy a dar mención una aldea llamada el jabalí 30 quetzales al día gana algunas personas ganan 300 quetzales a la semana fiestas sanguijuelas se los comieron en un almuerzo                                                                                                                                                                                                                                                                                                                                                                                                                                                                                                                                                                                                                                                                                                                                                   ,True,1,y el pueblo muriéndose de hambre muchas madres de familia ganando quetzales al día y en algunos departamentos solo ganan te voy a dar mención una aldea llamada el jabalí quetzales al día gana algunas personas ganan quetzales a la semana fiestas sanguijuelas se los comieron en un almuerzo,False,[],[],[],0,pueblo morir él hambre madre familia ganar quetzales departamento ganar mención aldea llamado jabalí quetzal ganar persona ganar quetzales semana fiesta sanguijuela comer almuerzo,"['pueblo', 'morir él', 'hambre', 'madre', 'familia', 'ganar', 'quetzales', 'departamento', 'ganar', 'mención', 'aldea', 'llamado', 'jabalí', 'quetzal', 'ganar', 'persona', 'ganar', 'quetzales', 'semana', 'fiesta', 'sanguijuela', 'comer', 'almuerzo']",1024,179,Y el pueblo muriéndose de hambre muchas madres de familia ganando 50 quetzales al día y en algunos departamentos solo ganan 30 te voy a dar mención una aldea llamada el jabalí 30 quetzales al día gana algunas personas ganan 300 quetzales a la semana fiestas sanguijuelas se los comieron en un almuerzo,classified,NEG,0.9045087695121765,0.08896265923976898,0.0065285093151032925,69,False,0.9045087695121765,False,-0.8979802601970732,pysentimiento/robertuito-sentiment-analysis,a2cc0f67ebd705c55191e25a05ba23d885fcc09b,0,0,True
j43HgwYFKfk,Ugw8iZ_G2Cwq-9ZYctt4AaABAg,La cooptación de Walter Mazariegos en la USAC,Quorum,UCE4rsXcgDb6e1-a9iTbWzfg,@aguilar4254,UCQyOePccUP-fIJYzchAgZYw,"Pues son muchos los alumnos hay que unirse se han quedado con la pata del Walter en el cuello, fuera hay que sacarlos",@quorumgt/videos,channel,quorum_complete_comments.csv | youtube_guatemala_plus_comments.csv,/@aguilar4254,hace 6 meses,,0,False,,"Pues son muchos los alumnos hay que unirse se han quedado con la pata del Walter en el cuello, fuera hay que sacarlos                                                                                                                                                                                                                                                                                                                                                                                                                                                                                                                                                                                                                                                                                                                                                                                                                                                                                                                                         ",False,0,pues son muchos los alumnos hay que unirse se han quedado con la pata del walter en el cuello fuera hay que sacarlos,False,[],[],[],0,alumno unir él quedar pata walter cuello sacar él,"['alumno', 'unir él', 'quedar', 'pata', 'walter', 'cuello', 'sacar él']",1022,49,"Pues son muchos los alumnos hay que unirse se han quedado con la pata del Walter en el cuello, fuera hay que sacarlos",classified,NEG,0.9448850154876709,0.04358523711562157,0.01152976043522358,27,False,0.9448850154876709,False,-0.9333552550524473,pysentimiento/robertuito-sentiment-analysis,a2cc0f67ebd705c55191e25a05ba23d885fcc09b,1,1,True
n8iP75gIpmw,Ugw8pyxscJNUQpfoKuF4AaABAg,Qué rico come tu diputado,Quorum,UCE4rsXcgDb6e1-a9iTbWzfg,@welfrealdana5559,UCOLGv5Pf6BF2wFcwUzgcvHg,Todos lis que trabajan en la capital pagamos apartamento y no tenemos carro y gasolina gratis,@quorumgt/videos,channel,quorum_complete_comments.csv | youtube_guatemala_plus_comments.csv,/@welfrealdana5559,hace 2 años,4.0,0,False,,Todos lis que trabajan en la capital pagamos apartamento y no tenemos carro y gasolina gratis                                                                                                                                                                                                                                                                                                                                                                                                                                                                                                                                                                                                                                                                                                                                                                                                                                                                                                                                                                   ,True,4,todos lis que trabajan en la capital pagamos apartamento y no tenemos carro y gasolina gratis,False,[],[],[],0,li trabajar capital pagar apartamento carro gasolina gratis,"['li', 'trabajar', 'capital', 'pagar', 'apartamento', 'carro', 'gasolina', 'gratis']",1024,59,Todos lis que trabajan en la capital pagamos apartamento y no tenemos carro y gasolina gratis,classified,NEG,0.7940722107887268,0.19531507790088654,0.010612699203193188,18,False,0.7940722107887268,False,-0.7834595115855336,pysentimiento/robertuito-sentiment-analysis,a2cc0f67ebd705c55191e25a05ba23d885fcc09b,0,0,True
06mFNPU0aB8,Ugw9_Qw_QaSdggWuKJt4AaABAg,Capturan a presuntos delincuentes disfrazados de mujer señalados de cometer asalto,Noti7,UCVpSRoZgngfSL03Nlbjtq9A,@ruddydepaz322,UCAxvOOHQk7dYPOajzFEVtbA,Las dos se ubieran vestido de rosita con tacones y medias.Dia y noche no les ba faltar de todos calibres .delen una bolsa de pintalabios también .,guatemala noticias,topic,youtube_guatemala_comments.csv | youtube_guatemala_plus_comments.csv,/@ruddydepaz322,hace 2 semanas,,0,False,,Las dos se ubieran vestido de rosita con tacones y medias.Dia y noche no les ba faltar de todos calibres .delen una bolsa de pintalabios también .                                                                                                                                                                                                                                                                                                                                                                                                                                                                                                                                                                                                                                                                                                                                                                                                                                                                                                              ,False,0,las dos se ubieran vestido de rosita con tacones y medias dia y noche no les ba faltar de todos calibres delen una bolsa de pintalabios también,False,[],[],[],0,ubeír vestido rosita tacón media noche ba faltar calibre delar bolsa pintalabio,"['ubeír', 'vestido', 'rosita', 'tacón', 'media', 'noche', 'ba', 'faltar', 'calibre', 'delar', 'bolsa', 'pintalabio']",1024,79,Las dos se ubieran vestido de rosita con tacones y medias.Dia y noche no les ba faltar de todos calibres .delen una bolsa de pintalabios también .,classified,NEU,0.12265896052122116,0.8152621388435364,0.06207888200879097,40,False,0.8152621388435364,False,-0.06058007851243019,pysentimiento/robertuito-sentiment-analysis,a2cc0f67ebd705c55191e25a05ba23d885fcc09b,6,6,True
n8iP75gIpmw,Ugw9eye2GML6RHRSu-14AaABAg,Qué rico come tu diputado,Quorum,UCE4rsXcgDb6e1-a9iTbWzfg,@MegaKristenstewart,UCQ_-LPP8JAbfkc-b1Q6NvWw,La gente muriendose de hambre y esos ladrones comiendo de maravilla que verguenza...,@quorumgt/videos,channel,quorum_complete_comments.csv | youtube_guatemala_plus_comments.csv,/@MegaKristenstewart,hace 2 años,31.0,0,False,,La gente muriendose de hambre y esos ladrones comiendo de maravilla que verguenza...                                                                                                                                                                                                                                                                                                                                                                                                                                                                                                                                                                                                                                                                                                                                                                                                                                                                                                                                                                            ,True,31,la gente muriendose de hambre y esos ladrones comiendo de maravilla que verguenza,False,[],[],[],0,gente morir él hambre ladrón comer maravilla verguenzar,"['gente', 'morir él', 'hambre', 'ladrón', 'comer', 'maravilla', 'verguenzar']",1024,55,La gente muriendose de hambre y esos ladrones comiendo de maravilla que verguenza...,classified,NEG,0.9528023600578308,0.03727802261710167,0.009919611737132072,18,False,0.9528023600578308,False,-0.9428827483206987,pysentimiento/robertuito-sentiment-analysis,a2cc0f67ebd705c55191e25a05ba23d885fcc09b,0,0,True
lj983NWyAQY,UgwA5aTmgACLCuTUT494AaABAg,Plan 2032 Ciudad de Guatemala,Municipalidad de Guatemala,UCXa6LVjBzUtmcM3cwbd9e2w,@melvinperez6710,UCXmrpc6Li0spcKxtS0Q_ptg,Guatemala nunca se tube que llamar guatemala dino guatebella guatehermosa guatelinda la eterna primavera es guatebella abrazos hnos de un salvadoreno que viva el amor y la armonia,Municipalidad de Guatemala,topic,lj983NWyAQY_out_comments.csv | youtube_guatemala_plus_comments.csv,/@melvinperez6710,hace 6 años,10.0,0,False,,Guatemala nunca se tube que llamar guatemala dino guatebella guatehermosa guatelinda la eterna primavera es guatebella abrazos hnos de un salvadoreno que viva el amor y la armonia                                                                                                                                                                                                                                                                                                                                                                                                                                                                                                                                                                                                                                                                                                                                                                                                                                                                             ,True,10,guatemala nunca se tube que llamar guatemala dino guatebella guatehermosa guatelinda la eterna primavera es guatebella abrazos hnos de un salvadoreno que viva el amor y la armonia,False,[],[],[],0,guatemala tubar llamar guatemala dino guatebella guatehermós guatelinda eterno primavera guatebello abrazo hno salvadoreno vivir amor armonia,"['guatemala', 'tubar', 'llamar', 'guatemala', 'dino', 'guatebella', 'guatehermós', 'guatelinda', 'eterno', 'primavera', 'guatebello', 'abrazo', 'hno', 'salvadoreno', 'vivir', 'amor', 'armonia']",1024,141,Guatemala nunca se tube que llamar guatemala dino guatebella guatehermosa guatelinda la eterna primavera es guatebella abrazos hnos de un salvadoreno que viva el amor y la armonia,classified,POS,0.010685156099498272,0.13139809668064117,0.8579167723655701,41,False,0.8579167723655701,False,0.8472316162660718,pysentimiento/robertuito-sentiment-analysis,a2cc0f67ebd705c55191e25a05ba23d885fcc09b,3,3,True
n8iP75gIpmw,UgwARHTnVAzzPrHbNox4AaABAg,Qué rico come tu diputado,Quorum,UCE4rsXcgDb6e1-a9iTbWzfg,@belvettzapeta1251,UCZ51R_9Q9C0c8I3pAWhtmjQ,Me parece excelente esta entrevista,@quorumgt/videos,channel,quorum_complete_comments.csv | youtube_guatemala_plus_comments.csv,/@belvettzapeta1251,hace 2 años,8.0,0,False,,Me parece excelente esta entrevista                                                                                                                                                                                                                                                                                                                                                                                                                                                                                                                                                                                                                                                                                                                                                                                                                                                                                                                                                                                                                             ,True,8,me parece excelente esta entrevista,False,[],[],[],0,excelente entrevista,"['excelente', 'entrevista']",1024,20,Me parece excelente esta entrevista,classified,POS,0.002945296000689268,0.02327592484652996,0.9737788438796997,7,False,0.9737788438796997,False,0.9708335478790104,pysentimiento/robertuito-sentiment-analysis,a2cc0f67ebd705c55191e25a05ba23d885fcc09b,0,0,True
X_FAIef8qlE,UgwBIwUPLGxEWAu3Mh14AaABAg,Cruzando la ciudad a puro Transmetro,Quorum,UCE4rsXcgDb6e1-a9iTbWzfg,@elizabethmonterroso7719,UCPLW0HE3siElqCgXfgWxMqg,"¿Como se subscribe uno al boletín informativo?
                                                                                                                                                                                                                                                                                               Yo intenté desde la pagina web pero  los teléfonos que tienen colocados  dice telgua que no existen. Y WhatsApp igual dice que ese teléfono no existe.",@quorumgt/videos,channel,quorum_complete_comments.csv | youtube_guatemala_plus_comments.csv,/@elizabethmonterroso7719,hace 5 meses,,0,False,,"¿Como se subscribe uno al boletín informativo?
                                                                                                                                                                                                                                                                                               Yo intenté desde la pagina web pero  los teléfonos que tienen colocados  dice telgua que no existen. Y WhatsApp igual dice que ese teléfono no existe.                                                                                                                                                                                                                                                                                                                                                                                                                                                                                                                                                                                                                                                                                                                                                                                                                                                                                                         ",False,0,como se subscribe uno al boletín informativo yo intenté desde la pagina web pero los teléfonos que tienen colocados dice telgua que no existen y whatsapp igual dice que ese teléfono no existe,False,[],[],[],0,subscribir boletín informativo intentar pagina web teléfono colocado telguo whatsapp teléfono,"['subscribir', 'boletín', 'informativo', 'intentar', 'pagina', 'web', 'teléfono', 'colocado', 'telguo', 'whatsapp', 'teléfono']",1358,93,"¿Como se subscribe uno al boletín informativo?
   Yo intenté desde la pagina web pero  los teléfonos que tienen colocados  dice telgua que no existen. Y WhatsApp igual dice que ese teléfono no existe.",classified,NEG,0.8974962830543518,0.09924444556236267,0.003259235294535756,46,False,0.8974962830543518,False,-0.894237047759816,pysentimiento/robertuito-sentiment-analysis,a2cc0f67ebd705c55191e25a05ba23d885fcc09b,12,12,True
OkXlHx0hx-8,UgwCW5PErySUmwse3bZ4AaABAg,EE.UU. envía a mexicanos deportados a Guatemala antes de su regreso a México | Noticias Telemundo,Noticias Telemundo,UCRwA1NUcUnwsly35ikGhp0A,@WilR-s8r,UCxhtlxPV8AYWaNNyU6S9H8Q,Pero hay que ver el lado bueno si los deportan por la Frontera los carteles los secuestran para sacar dinero a los familiares en USA,guatemala noticias,topic,youtube_guatemala_comments.csv | youtube_guatemala_plus_comments.csv,/@WilR-s8r,hace 1 día,,0,False,,Pero hay que ver el lado bueno si los deportan por la Frontera los carteles los secuestran para sacar dinero a los familiares en USA                                                                                                                                                                                                                                                                                                                                                                                                                                                                                                                                                                                                                                                                                                                                                                                                                                                                                                                            ,False,0,pero hay que ver el lado bueno si los deportan por la frontera los carteles los secuestran para sacar dinero a los familiares en usa,False,[],[],[],0,deportar frontera cartel secuestrar sacar dinero familiar,"['deportar', 'frontera', 'cartel', 'secuestrar', 'sacar', 'dinero', 'familiar']",1024,57,Pero hay que ver el lado bueno si los deportan por la Frontera los carteles los secuestran para sacar dinero a los familiares en USA,classified,NEU,0.46558672189712524,0.47274208068847656,0.06167112663388252,29,False,0.47274208068847656,True,-0.4039155952632427,pysentimiento/robertuito-sentiment-analysis,a2cc0f67ebd705c55191e25a05ba23d885fcc09b,5,5,True
yLZS3JiEBg8,UgwCfRlzeiXz172UQQV4AaABAg,Arroz con pollo a la MONOPOLIO,Quorum,UCE4rsXcgDb6e1-a9iTbWzfg,@hashojea7348,UCvcu1kR8xMYy_I1Ty-2mV2Q,"Este video debe llegar a muchas personas, es muy buena información",@quorumgt/videos,channel,quorum_complete_comments.csv | youtube_guatemala_plus_comments.csv,/@hashojea7348,hace 2 años,,0,False,,"Este video debe llegar a muchas personas, es muy buena información                                                                                                                                                                                                                                                                                                                                                                                                                                                                                                                                                                                                                                                                                                                                                                                                                                                                                                                                                                                            ",False,0,este video debe llegar a muchas personas es muy buena información,False,[],[],[],0,video llegar persona información,"['video', 'llegar', 'persona', 'información']",1022,32,"Este video debe llegar a muchas personas, es muy buena información",classified,POS,0.0028262652922421694,0.03551184758543968,0.9616618156433105,13,False,0.9616618156433105,False,0.9588355503510684,pysentimiento/robertuito-sentiment-analysis,a2cc0f67ebd705c55191e25a05ba23d885fcc09b,7,7,True
j43HgwYFKfk,UgwCw9bhAw6suYQfCWx4AaABAg,La cooptación de Walter Mazariegos en la USAC,Quorum,UCE4rsXcgDb6e1-a9iTbWzfg,@josecastillo4390,UCaKAjTW9MVub_clgr4DRYjQ,Qué lujooo de contenidooooo 🔥,@quorumgt,topic,j43HgwYFKfk_out_comments.csv | quorum_complete_comments.csv | youtube_guatemala_plus_comments.csv,/@josecastillo4390,hace 1 año,6.0,0,False,,Qué lujooo de contenidooooo 🔥                                                                                                                                                                                                                                                                                                                                                                                                                                                                                                                                                                                                                                                                                                                                                                                                                                                                                                                                                                                                                                  ,True,6,qué lujooo de contenidooooo,False,[],[],['🔥'],1,lujooo contenidooooo,"['lujooo', 'contenidooooo']",1023,20,Qué lujooo de contenidooo  emoji fuego emoji,classified,POS,0.030621608719229698,0.20220723748207092,0.7671712040901184,14,False,0.7671712040901184,False,0.7365495953708887,pysentimiento/robertuito-sentiment-analysis,a2cc0f67ebd705c55191e25a05ba23d885fcc09b,1,1,True
n8iP75gIpmw,UgwEOUk-ofXNqkHW5Cx4AaABAg,Qué rico come tu diputado,Quorum,UCE4rsXcgDb6e1-a9iTbWzfg,@markoherrera,UCxff05WuyvwELNITi7bj7UA,"Desde que dijo que qué hacían los periodistas por el país lo deje de escuchar, no me quiero picar el hígado",@quorumgt/videos,channel,quorum_complete_comments.csv | youtube_guatemala_plus_comments.csv,/@markoherrera,hace 2 años,3.0,0,False,,"Desde que dijo que qué hacían los periodistas por el país lo deje de escuchar, no me quiero picar el hígado                                                                                                                                                                                                                                                                                                                                                                                                                                                                                                                                                                                                                                                                                                                                                                                                                                                                                                                                                   ",True,3,desde que dijo que qué hacían los periodistas por el país lo deje de escuchar no me quiero picar el hígado,False,[],[],[],0,hacer periodista país dejar escuchar querer picar hígado,"['hacer', 'periodista', 'país', 'dejar', 'escuchar', 'querer', 'picar', 'hígado']",1022,56,"Desde que dijo que qué hacían los periodistas por el país lo deje de escuchar, no me quiero picar el hígado",classified,NEG,0.9598258137702942,0.037203460931777954,0.0029706722125411034,24,False,0.9598258137702942,False,-0.9568551415577531,pysentimiento/robertuito-sentiment-analysis,a2cc0f67ebd705c55191e25a05ba23d885fcc09b,0,0,True
n8iP75gIpmw,UgwEQHx8Ik7SbxBTQ914AaABAg,Qué rico come tu diputado,Quorum,UCE4rsXcgDb6e1-a9iTbWzfg,@SoniaMarroquin-y6e,UCZLG9qH0tUjNhEGFIUt0CYw,Otros nuevos corruptos,@quorumgt/videos,channel,quorum_complete_comments.csv | youtube_guatemala_plus_comments.csv,/@SoniaMarroquin-y6e,hace 2 años,1.0,0,False,,Otros nuevos corruptos                                                                                                                                                                                                                                                                                                                                                                                                                                                                                                                                                                                                                                                                                                                                                                                                                                                                                                                                                                                                                                          ,True,1,otros nuevos corruptos,False,[],[],[],0,corrupto,['corrupto'],1024,8,Otros nuevos corruptos,classified,NEU,0.3548591136932373,0.5239256024360657,0.12121535837650299,5,False,0.5239256024360657,True,-0.23364375531673431,pysentimiento/robertuito-sentiment-analysis,a2cc0f67ebd705c55191e25a05ba23d885fcc09b,0,0,True
j43HgwYFKfk,UgwEjfj5ueeimHg-Hbt4AaABAg,La cooptación de Walter Mazariegos en la USAC,Quorum,UCE4rsXcgDb6e1-a9iTbWzfg,@armindapenados2841,UCwgCc9Jd_gG-uLE_SY-FfPg,¡¡¡La USAC NO tiene rector sólo un usurpador!!!,@quorumgt/videos,channel,quorum_complete_comments.csv | youtube_guatemala_plus_comments.csv,/@armindapenados2841,hace 1 año,,0,False,,¡¡¡La USAC NO tiene rector sólo un usurpador!!!                                                                                                                                                                                                                                                                                                                                                                                                                                                                                                                                                                                                                                                                                                                                                                                                                                                                                                                                                                                                                 ,False,0,la usac no tiene rector sólo un usurpador,False,[],[],[],0,usac rector usurpador,"['usac', 'rector', 'usurpador']",1024,21,¡¡¡La USAC NO tiene rector sólo un usurpador!!!,classified,NEG,0.879448413848877,0.10442876815795898,0.01612294279038906,13,False,0.879448413848877,False,-0.8633254710584879,pysentimiento/robertuito-sentiment-analysis,a2cc0f67ebd705c55191e25a05ba23d885fcc09b,1,1,True
n8iP75gIpmw,UgwG3XiEgFlHKtrtTqd4AaABAg,Qué rico come tu diputado,Quorum,UCE4rsXcgDb6e1-a9iTbWzfg,@JacintaTzoy,UCXSkL3ejZ8qWYyF_M7s_QKA,"Entoces las mismas 💩😡 Junta Directiva haciéndose de las suyas con el dinero del Estado. Ya basta de tanto robo, barriles sin fondos..💩😡",@quorumgt/videos,channel,quorum_complete_comments.csv | youtube_guatemala_plus_comments.csv,/@JacintaTzoy,hace 2 años,,0,False,,"Entoces las mismas 💩😡 Junta Directiva haciéndose de las suyas con el dinero del Estado. Ya basta de tanto robo, barriles sin fondos..💩😡                                                                                                                                                                                                                                                                                                                                                                                                                                                                                                                                                                                                                                                                                                                                                                                                                                                                                                                   ",False,0,entoces las mismas junta directiva haciéndose de las suyas con el dinero del estado ya basta de tanto robo barriles sin fondos,False,[],[],"['💩', '😡', '💩', '😡']",4,entoz junta directivo hacer él dinero bastar robo barril fondo,"['entoz', 'junta', 'directivo', 'hacer él', 'dinero', 'bastar', 'robo', 'barril', 'fondo']",1018,62,"Entoces las mismas  emoji caca con ojos emoji  emoji cara cabreada emoji  Junta Directiva haciéndose de las suyas con el dinero del Estado. Ya basta de tanto robo, barriles sin fondos.. emoji caca con ojos emoji  emoji cara cabreada emoji",classified,NEG,0.9689444899559021,0.027760902419686317,0.0032945978455245495,59,False,0.9689444899559021,False,-0.9656498921103776,pysentimiento/robertuito-sentiment-analysis,a2cc0f67ebd705c55191e25a05ba23d885fcc09b,0,0,True
n8iP75gIpmw,UgwGm1V-_GN1ZPcijdl4AaABAg,Qué rico come tu diputado,Quorum,UCE4rsXcgDb6e1-a9iTbWzfg,@byronpontaza,UChs3tU2BcKOT0CezykvAsGw,"Eso es lo que yo no entiendo de los periodistas, porque ahora atacan con tanto entusiasmo estas cosas, en el gobierno anterior estuvieron callados, o en ese tiempo también ellos recibían sus pagos",@quorumgt/videos,channel,quorum_complete_comments.csv | youtube_guatemala_plus_comments.csv,/@byronpontaza,hace 2 años,2.0,0,False,,"Eso es lo que yo no entiendo de los periodistas, porque ahora atacan con tanto entusiasmo estas cosas, en el gobierno anterior estuvieron callados, o en ese tiempo también ellos recibían sus pagos                                                                                                                                                                                                                                                                                                                                                                                                                                                                                                                                                                                                                                                                                                                                                                                                                                                          ",True,2,eso es lo que yo no entiendo de los periodistas porque ahora atacan con tanto entusiasmo estas cosas en el gobierno anterior estuvieron callados o en ese tiempo también ellos recibían sus pagos,False,[],[],[],0,entender periodista atacar entusiasmo cosa gobierno estar callado tiempo recibir pago,"['entender', 'periodista', 'atacar', 'entusiasmo', 'cosa', 'gobierno', 'estar', 'callado', 'tiempo', 'recibir', 'pago']",1022,85,"Eso es lo que yo no entiendo de los periodistas, porque ahora atacan con tanto entusiasmo estas cosas, en el gobierno anterior estuvieron callados, o en ese tiempo también ellos recibían sus pagos",classified,NEG,0.9338314533233643,0.06275975704193115,0.0034088052343577147,37,False,0.9338314533233643,False,-0.9304226480890065,pysentimiento/robertuito-sentiment-analysis,a2cc0f67ebd705c55191e25a05ba23d885fcc09b,0,0,True
n8iP75gIpmw,UgwHY5LtTiQ0lBONp8N4AaABAg,Qué rico come tu diputado,Quorum,UCE4rsXcgDb6e1-a9iTbWzfg,@johnmejia992,UC6PvO1_k5lHKGdAPo5_C6TA,"Tanto mierda este programa... tiene razón pero
                                                                                                                                                                                                                                                                                               Y porque no le tira así a los corruptos",@quorumgt/videos,channel,quorum_complete_comments.csv | youtube_guatemala_plus_comments.csv,/@johnmejia992,hace 2 años,1.0,0,False,,"Tanto mierda este programa... tiene razón pero
                                                                                                                                                                                                                                                                                               Y porque no le tira así a los corruptos                                                                                                                                                                                                                                                                                                                                                                                                                                                                                                                                                                                                                                                                                                                                                                                                                                                                                                                                                                                                                        ",True,1,tanto mierda este programa tiene razón pero y porque no le tira así a los corruptos,False,[],[],[],0,mierda programa razón tirar corrupto,"['mierda', 'programa', 'razón', 'tirar', 'corrupto']",1358,36,"Tanto mierda este programa... tiene razón pero
   Y porque no le tira así a los corruptos",classified,NEG,0.9444648027420044,0.04805581644177437,0.007479437161237001,23,False,0.9444648027420044,False,-0.9369853655807674,pysentimiento/robertuito-sentiment-analysis,a2cc0f67ebd705c55191e25a05ba23d885fcc09b,0,0,True
6W4u8sGEnGM,UgwIB06iEQnFOFLc9et4AaABAg,Inician los trabajos de recuperación del Puente Belice II.,Gobierno de la República de Guatemala,UC-ZtFBHzgkYFh7whZkuR_Ag,@vic-bonivideos,UCwxoKK59nGCeBqB2sXfDBIw,"Indignante COMO EXISTEN unos GUATEMALTECOS ESTÚPIDOS , los PROYECTOS, SON PROYECTOS DE ESTADOS no de PARTIDOS POLÍTICOS, lo que hubiera estado HACIENDO EL ZURDO PRESIDENTE era INAURANDO su CONSTRUCCIÓN no reempezar lo que hace 3 años empezó así como el el puente Roosevelt no tuvo ningún cambio fue lo que ya estaba expuesto, lo que sucede que siempre llega otro delincuente y quiere su mordida ese PROSUPUESTO YA ESTABA ECHO ..",Gobierno de la República de Guatemala,topic,youtube_guatemala_plus_comments.csv | youtube_lab_targets_small_comments.csv,/@vic-bonivideos,hace 6 días,,1,False,,"Indignante COMO EXISTEN unos GUATEMALTECOS ESTÚPIDOS , los PROYECTOS, SON PROYECTOS DE ESTADOS no de PARTIDOS POLÍTICOS, lo que hubiera estado HACIENDO EL ZURDO PRESIDENTE era INAURANDO su CONSTRUCCIÓN no reempezar lo que hace 3 años empezó así como el el puente Roosevelt no tuvo ningún cambio fue lo que ya estaba expuesto, lo que sucede que siempre llega otro delincuente y quiere su mordida ese PROSUPUESTO YA ESTABA ECHO ..                                                                                                                                                                                                                                                                                                                                                                                                                                                                                                                                                                                                                  ",False,0,indignante como existen unos guatemaltecos estúpidos los proyectos son proyectos de estados no de partidos políticos lo que hubiera estado haciendo el zurdo presidente era inaurando su construcción no reempezar lo que hace años empezó así como el el puente roosevelt no tuvo ningún cambio fue lo que ya estaba expuesto lo que sucede que siempre llega otro delincuente y quiere su mordida ese prosupuesto ya estaba echo,False,[],[],[],0,indignante guatemalteco estúpido proyecto proyecto partido político haber zurdo presidente inaurar construcción reempezar año empezar puente roosevelt cambio expuesto suceder llegar delincuente mordida prosupuesto echo,"['indignante', 'guatemalteco', 'estúpido', 'proyecto', 'proyecto', 'partido', 'político', 'haber', 'zurdo', 'presidente', 'inaurar', 'construcción', 'reempezar', 'año', 'empezar', 'puente', 'roosevelt', 'cambio', 'expuesto', 'suceder', 'llegar', 'delincuente', 'mordida', 'prosupuesto', 'echo']",1022,218,"Indignante COMO EXISTEN unos GUATEMALTECOS ESTÚPIDOS , los PROYECTOS, SON PROYECTOS DE ESTADOS no de PARTIDOS POLÍTICOS, lo que hubiera estado HACIENDO EL ZURDO PRESIDENTE era INAURANDO su CONSTRUCCIÓN no reempezar lo que hace 3 años empezó así como el el puente Roosevelt no tuvo ningún cambio fue lo que ya estaba expuesto, lo que sucede que siempre llega otro delincuente y quiere su mordida ese PROSUPUESTO YA ESTABA ECHO ..",classified,NEG,0.9623076319694519,0.033109404146671295,0.004582861438393593,88,False,0.9623076319694519,False,-0.9577247705310583,pysentimiento/robertuito-sentiment-analysis,a2cc0f67ebd705c55191e25a05ba23d885fcc09b,2,2,True
6W4u8sGEnGM,UgwIB06iEQnFOFLc9et4AaABAg.Aa-0m2jDJt2Aa42DVzs9Zy,Inician los trabajos de recuperación del Puente Belice II.,Gobierno de la República de Guatemala,UC-ZtFBHzgkYFh7whZkuR_Ag,@hectormaaz5523,UCWaRixDdpgllTBf4V0jPnKQ,Tantos.que empezaron y no llegaron ni siquiera a la mitad puentes donde no hay Rio para robar el dinero y este presidente llegó para hacer algo diferente y eso que no vote por el pues tampoco he cotado por los corruptos pero a este presente si votaría por el si fuera posible,Gobierno de la República de Guatemala,topic,youtube_guatemala_plus_comments.csv | youtube_lab_targets_small_comments.csv,/@hectormaaz5523,hace 4 días (editado),,0,False,,Tantos.que empezaron y no llegaron ni siquiera a la mitad puentes donde no hay Rio para robar el dinero y este presidente llegó para hacer algo diferente y eso que no vote por el pues tampoco he cotado por los corruptos pero a este presente si votaría por el si fuera posible                                                                                                                                                                                                                                                                                                                                                                                                                                                                                                                                                                                                                                                                                                                                                                             ,False,0,tantos que empezaron y no llegaron ni siquiera a la mitad puentes donde no hay rio para robar el dinero y este presidente llegó para hacer algo diferente y eso que no vote por el pues tampoco he cotado por los corruptos pero a este presente si votaría por el si fuera posible,False,[],[],[],0,tanto empezar llegar siquiera mitad puente rio robar dinero presidente votar cotar corrupto presente votar,"['tanto', 'empezar', 'llegar', 'siquiera', 'mitad', 'puente', 'rio', 'robar', 'dinero', 'presidente', 'votar', 'cotar', 'corrupto', 'presente', 'votar']",1024,106,Tantos.que empezaron y no llegaron ni siquiera a la mitad puentes donde no hay Rio para robar el dinero y este presidente llegó para hacer algo diferente y eso que no vote por el pues tampoco he cotado por los corruptos pero a este presente si votaría por el si fuera posible,classified,NEG,0.8334043622016907,0.13864001631736755,0.027955656871199608,58,False,0.8334043622016907,False,-0.8054487053304911,pysentimiento/robertuito-sentiment-analysis,a2cc0f67ebd705c55191e25a05ba23d885fcc09b,2,2,True
j43HgwYFKfk,UgwIBBqN6fh6MURkwkN4AaABAg,La cooptación de Walter Mazariegos en la USAC,Quorum,UCE4rsXcgDb6e1-a9iTbWzfg,@HectorElias-u2l,UCkVtmkK07b2zaVVNssX4lOg,"Mucha importancia le dan a éste ladrón maldito,",@quorumgt,topic,j43HgwYFKfk_out_comments.csv | quorum_complete_comments.csv | youtube_guatemala_plus_comments.csv,/@HectorElias-u2l,hace 6 meses,,0,False,,"Mucha importancia le dan a éste ladrón maldito,                                                                                                                                                                                                                                                                                                                                                                                                                                                                                                                                                                                                                                                                                                                                                                                                                                                                                                                                                                                                               ",False,0,mucha importancia le dan a éste ladrón maldito,False,[],[],[],0,importancia ladrón maldito,"['importancia', 'ladrón', 'maldito']",1022,26,"Mucha importancia le dan a éste ladrón maldito,",classified,NEG,0.9712888598442078,0.02260175719857216,0.006109330803155899,11,False,0.9712888598442078,False,-0.9651795290410519,pysentimiento/robertuito-sentiment-analysis,a2cc0f67ebd705c55191e25a05ba23d885fcc09b,1,1,True
n8iP75gIpmw,UgwIiqrp6EYNoFmnBAR4AaABAg,Qué rico come tu diputado,Quorum,UCE4rsXcgDb6e1-a9iTbWzfg,@carlosmedranovelasquez6380,UCN6qbfPSzFtjhqUDZ3Cv3CQ,"O sea que si es válido que se den sus gustos con el dinero de los guatemaltecos, es una sinverguenzada, para eso tienen jugosos salarios no le roben al pueblo",@quorumgt/videos,channel,quorum_complete_comments.csv | youtube_guatemala_plus_comments.csv,/@carlosmedranovelasquez6380,hace 2 años,2.0,0,False,,"O sea que si es válido que se den sus gustos con el dinero de los guatemaltecos, es una sinverguenzada, para eso tienen jugosos salarios no le roben al pueblo                                                                                                                                                                                                                                                                                                                                                                                                                                                                                                                                                                                                                                                                                                                                                                                                                                                                                                ",True,2,o sea que si es válido que se den sus gustos con el dinero de los guatemaltecos es una sinverguenzada para eso tienen jugosos salarios no le roben al pueblo,False,[],[],[],0,válido dar gusto dinero guatemalteco sinverguenzado jugoso salario robir pueblo,"['válido', 'dar', 'gusto', 'dinero', 'guatemalteco', 'sinverguenzado', 'jugoso', 'salario', 'robir', 'pueblo']",1022,79,"O sea que si es válido que se den sus gustos con el dinero de los guatemaltecos, es una sinverguenzada, para eso tienen jugosos salarios no le roben al pueblo",classified,NEG,0.9209766387939453,0.06255552172660828,0.016467783600091934,38,False,0.9209766387939453,False,-0.9045088551938534,pysentimiento/robertuito-sentiment-analysis,a2cc0f67ebd705c55191e25a05ba23d885fcc09b,0,0,True
j43HgwYFKfk,UgwIlv8gtF3WKYfHSJJ4AaABAg,La cooptación de Walter Mazariegos en la USAC,Quorum,UCE4rsXcgDb6e1-a9iTbWzfg,@lisss1908,UC95PSMouTx2N5CbSq0hIyrQ,😮,@quorumgt/videos,channel,quorum_complete_comments.csv | youtube_guatemala_plus_comments.csv,/@lisss1908,hace 1 año,,0,False,,😮                                                                                                                                                                                                                                                                                                                                                                                                                                                                                                                                                                                                                                                                                                                                                                                                                                                                                                                                                                                                                                                              ,False,0,,False,[],[],['😮'],1,,[],1023,0,emoji cara con la boca abierta emoji,classified,NEU,0.2560136616230011,0.7021540999412537,0.041832197457551956,10,False,0.7021540999412537,False,-0.21418146416544914,pysentimiento/robertuito-sentiment-analysis,a2cc0f67ebd705c55191e25a05ba23d885fcc09b,1,1,True
n8iP75gIpmw,UgwJ4UehO5E4j0niJU14AaABAg,Qué rico come tu diputado,Quorum,UCE4rsXcgDb6e1-a9iTbWzfg,@fredydomingo7062,UCueV9cTyTDwgQSec1x2dYgA,😂😂😂😂solo pajas😅😅que político gasta su dinero por el país,@quorumgt/videos,channel,quorum_complete_comments.csv | youtube_guatemala_plus_comments.csv,/@fredydomingo7062,hace 1 año,,0,False,,😂😂😂😂solo pajas😅😅que político gasta su dinero por el país                                                                                                                                                                                                                                                                                                                                                                                                                                                                                                                                                                                                                                                                                                                                                                                                                                                                                                                                                                                                  ,False,0,solo pajas que político gasta su dinero por el país,False,[],[],"['😂', '😂', '😂', '😂', '😅', '😅']",6,paja político gastar dinero país,"['paja', 'político', 'gastar', 'dinero', 'país']",1018,32,emoji cara llorando de risa emoji  emoji cara llorando de risa emoji  emoji cara llorando de risa emoji solo pajas emoji cara sonriendo con sudor frío emoji  emoji cara sonriendo con sudor frío emoji que político gasta su dinero por el país,classified,NEG,0.6899158954620361,0.28890281915664673,0.021181296557188034,57,False,0.6899158954620361,False,-0.6687345989048481,pysentimiento/robertuito-sentiment-analysis,a2cc0f67ebd705c55191e25a05ba23d885fcc09b,0,0,True
n8iP75gIpmw,UgwJMFYT7I9czw_oa0V4AaABAg,Qué rico come tu diputado,Quorum,UCE4rsXcgDb6e1-a9iTbWzfg,@ManuelEdran,UC5H8ASmMC9WrURmzeB4ySog,No es el tema centrese y aclare...,@quorumgt/videos,channel,quorum_complete_comments.csv | youtube_guatemala_plus_comments.csv,/@ManuelEdran,hace 2 años,1.0,0,False,,No es el tema centrese y aclare...                                                                                                                                                                                                                                                                                                                                                                                                                                                                                                                                                                                                                                                                                                                                                                                                                                                                                                                                                                                                                              ,True,1,no es el tema centrese y aclare,False,[],[],[],0,tema centrese aclare,"['tema', 'centrese', 'aclare']",1024,20,No es el tema centrese y aclare...,classified,NEU,0.12742027640342712,0.7868337631225586,0.08574589341878891,11,False,0.7868337631225586,False,-0.041674382984638214,pysentimiento/robertuito-sentiment-analysis,a2cc0f67ebd705c55191e25a05ba23d885fcc09b,0,0,True
n8iP75gIpmw,UgwJN55EmMcKPRb_AfB4AaABAg,Qué rico come tu diputado,Quorum,UCE4rsXcgDb6e1-a9iTbWzfg,@fredymendez1786,UCHhHUjaMAZ8SiXdCUCj9DkQ,hay cosas que yo no entiendo de Guatemala que a mi suena ilogico. Dandole almuerzos gratis a funcionarios publico? a poco no es suficiente con todos los robos que hacen aparte de los salarios incontables que tienen. Porque no crean un fondo mas para las escuelas para que los niños desnutridos que seria de gran ayuda para los padres.,@quorumgt/videos,channel,quorum_complete_comments.csv | youtube_guatemala_plus_comments.csv,/@fredymendez1786,hace 2 años,1.0,0,False,,hay cosas que yo no entiendo de Guatemala que a mi suena ilogico. Dandole almuerzos gratis a funcionarios publico? a poco no es suficiente con todos los robos que hacen aparte de los salarios incontables que tienen. Porque no crean un fondo mas para las escuelas para que los niños desnutridos que seria de gran ayuda para los padres.                                                                                                                                                                                                                                                                                                                                                                                                                                                                                                                                                                                                                                                                                                                  ,True,1,hay cosas que yo no entiendo de guatemala que a mi suena ilogico dandole almuerzos gratis a funcionarios publico a poco no es suficiente con todos los robos que hacen aparte de los salarios incontables que tienen porque no crean un fondo mas para las escuelas para que los niños desnutridos que seria de gran ayuda para los padres,False,[],[],[],0,cosa entender guatemala suena ilogico dar él almuerzo gratis funcionario publico suficiente robo aparte salario incontabl crear fondo escuela niño desnutrido seriar ayuda padre,"['cosa', 'entender', 'guatemala', 'suena', 'ilogico', 'dar él', 'almuerzo', 'gratis', 'funcionario', 'publico', 'suficiente', 'robo', 'aparte', 'salario', 'incontabl', 'crear', 'fondo', 'escuela', 'niño', 'desnutrido', 'seriar', 'ayuda', 'padre']",1024,176,hay cosas que yo no entiendo de Guatemala que a mi suena ilogico. Dandole almuerzos gratis a funcionarios publico? a poco no es suficiente con todos los robos que hacen aparte de los salarios incontables que tienen. Porque no crean un fondo mas para las escuelas para que los niños desnutridos que seria de gran ayuda para los padres.,classified,NEG,0.9748119711875916,0.021795855835080147,0.003392221871763468,69,False,0.9748119711875916,False,-0.9714197493158281,pysentimiento/robertuito-sentiment-analysis,a2cc0f67ebd705c55191e25a05ba23d885fcc09b,0,0,True
n8iP75gIpmw,UgwKjHT5lyjLiqR9ym94AaABAg,Qué rico come tu diputado,Quorum,UCE4rsXcgDb6e1-a9iTbWzfg,@fredygarcia9151,UCgvw7xIdGFupzpt1Y_BFkEA,Si hacen algo bueno para guate es por eso que se les paga.,@quorumgt/videos,channel,quorum_complete_comments.csv | youtube_guatemala_plus_comments.csv,/@fredygarcia9151,hace 2 años,1.0,0,False,,Si hacen algo bueno para guate es por eso que se les paga.                                                                                                                                                                                                                                                                                                                                                                                                                                                                                                                                                                                                                                                                                                                                                                                                                                                                                                                                                                                                      ,True,1,si hacen algo bueno para guate es por eso que se les paga,False,[],[],[],0,guate pagar,"['guate', 'pagar']",1024,11,Si hacen algo bueno para guate es por eso que se les paga.,classified,POS,0.10073655098676682,0.20323286950588226,0.6960306167602539,16,False,0.6960306167602539,False,0.5952940657734871,pysentimiento/robertuito-sentiment-analysis,a2cc0f67ebd705c55191e25a05ba23d885fcc09b,0,0,True
j43HgwYFKfk,UgwL_UlN82zRUeNgVDh4AaABAg,La cooptación de Walter Mazariegos en la USAC,Quorum,UCE4rsXcgDb6e1-a9iTbWzfg,@EdgarcalderonCalderong,UCeDNEtI8_a42bZ47wJiJMwQ,SECUESTRADOR DE LA U DE SAN CARLOS,@quorumgt/videos,channel,quorum_complete_comments.csv | youtube_guatemala_plus_comments.csv,/@EdgarcalderonCalderong,hace 1 año,,0,False,,SECUESTRADOR DE LA U DE SAN CARLOS                                                                                                                                                                                                                                                                                                                                                                                                                                                                                                                                                                                                                                                                                                                                                                                                                                                                                                                                                                                                                              ,False,0,secuestrador de la u de san carlos,False,[],[],[],0,secuestrador san carlos,"['secuestrador', 'san', 'carlos']",1024,23,SECUESTRADOR DE LA U DE SAN CARLOS,classified,NEU,0.3924493193626404,0.5653055310249329,0.04224526882171631,10,False,0.5653055310249329,True,-0.3502040505409241,pysentimiento/robertuito-sentiment-analysis,a2cc0f67ebd705c55191e25a05ba23d885fcc09b,1,1,True
6W4u8sGEnGM,UgwMfCTNaiukOxMqfON4AaABAg,Inician los trabajos de recuperación del Puente Belice II.,Gobierno de la República de Guatemala,UC-ZtFBHzgkYFh7whZkuR_Ag,@mariogonzalezorellana8956,UCiOZX__1gahg1ypIj0_XG_w,Pero ya enseña,Gobierno de la República de Guatemala,topic,youtube_guatemala_plus_comments.csv | youtube_lab_targets_small_comments.csv,/@mariogonzalezorellana8956,hace 6 días,1.0,0,False,,Pero ya enseña                                                                                                                                                                                                                                                                                                                                                                                                                                                                                                                                                                                                                                                                                                                                                                                                                                                                                                                                                                                                                                                  ,True,1,pero ya enseña,False,[],[],[],0,enseño,['enseño'],1024,6,Pero ya enseña,classified,NEU,0.08136371523141861,0.7566092610359192,0.1620270311832428,5,False,0.7566092610359192,False,0.08066331595182419,pysentimiento/robertuito-sentiment-analysis,a2cc0f67ebd705c55191e25a05ba23d885fcc09b,2,2,True
j43HgwYFKfk,UgwNvErOoJ_qRYF6TB94AaABAg,La cooptación de Walter Mazariegos en la USAC,Quorum,UCE4rsXcgDb6e1-a9iTbWzfg,@Lyrics_GT,UCqCrvuoJpC-aVb0f4logQRQ,"Es una buena universidad, ahí estudio mi hermano, sin embargo es una universidad manchada por los malditos rojos, los asquerosos Comunistas que salen a manifestar en la huelga.",@quorumgt/videos,channel,quorum_complete_comments.csv | youtube_guatemala_plus_comments.csv,/@Lyrics_GT,hace 1 año,,0,False,,"Es una buena universidad, ahí estudio mi hermano, sin embargo es una universidad manchada por los malditos rojos, los asquerosos Comunistas que salen a manifestar en la huelga.                                                                                                                                                                                                                                                                                                                                                                                                                                                                                                                                                                                                                                                                                                                                                                                                                                                                              ",False,0,es una buena universidad ahí estudio mi hermano sin embargo es una universidad manchada por los malditos rojos los asquerosos comunistas que salen a manifestar en la huelga,False,[],[],[],0,universidad estudiar hermano universidad manchado maldito rojo asqueroso comunista salir manifestar huelga,"['universidad', 'estudiar', 'hermano', 'universidad', 'manchado', 'maldito', 'rojo', 'asqueroso', 'comunista', 'salir', 'manifestar', 'huelga']",1022,106,"Es una buena universidad, ahí estudio mi hermano, sin embargo es una universidad manchada por los malditos rojos, los asquerosos Comunistas que salen a manifestar en la huelga.",classified,NEG,0.8715704679489136,0.08935917913913727,0.03907029703259468,34,False,0.8715704679489136,False,-0.8325001709163189,pysentimiento/robertuito-sentiment-analysis,a2cc0f67ebd705c55191e25a05ba23d885fcc09b,1,1,True
TT4qJ5FXHYE,UgwO8kzHC551ofxNYCV4AaABAg,"I’x K’at: el primer equipo guatemalteco de pelota maya, conformado únicamente por mujeres.",Quorum,UCE4rsXcgDb6e1-a9iTbWzfg,@sarahernandez3873,UCld2stqxaVSk0QdGncM224A,¡Que excelente iniciativa y equipo de emprendimeitno por rescatar las tradiciones de Guatemala! Esperamos que puedan seguir avanzando y que este juego se vuelva algo mucho más popular entre las nuevas generaciones. ¡Bravo!,@quorumgt/videos,channel,quorum_complete_comments.csv | youtube_guatemala_plus_comments.csv,/@sarahernandez3873,hace 4 años,4.0,0,False,,¡Que excelente iniciativa y equipo de emprendimeitno por rescatar las tradiciones de Guatemala! Esperamos que puedan seguir avanzando y que este juego se vuelva algo mucho más popular entre las nuevas generaciones. ¡Bravo!                                                                                                                                                                                                                                                                                                                                                                                                                                                                                                                                                                                                                                                                                                                                                                                                                                  ,True,4,que excelente iniciativa y equipo de emprendimeitno por rescatar las tradiciones de guatemala esperamos que puedan seguir avanzando y que este juego se vuelva algo mucho más popular entre las nuevas generaciones bravo,False,[],[],[],0,excelente iniciativa equipo emprendimeitno rescatar tradición guatemala esperar poder seguir avanzar juego volver popular generación bravo,"['excelente', 'iniciativa', 'equipo', 'emprendimeitno', 'rescatar', 'tradición', 'guatemala', 'esperar', 'poder', 'seguir', 'avanzar', 'juego', 'volver', 'popular', 'generación', 'bravo']",1024,138,¡Que excelente iniciativa y equipo de emprendimeitno por rescatar las tradiciones de Guatemala! Esperamos que puedan seguir avanzando y que este juego se vuelva algo mucho más popular entre las nuevas generaciones. ¡Bravo!,classified,POS,0.004454266745597124,0.025670373812317848,0.9698753356933594,44,False,0.9698753356933594,False,0.9654210689477623,pysentimiento/robertuito-sentiment-analysis,a2cc0f67ebd705c55191e25a05ba23d885fcc09b,9,9,True
n8iP75gIpmw,UgwPCZZx2gI444cg2AV4AaABAg,Qué rico come tu diputado,Quorum,UCE4rsXcgDb6e1-a9iTbWzfg,@VidalVillatoro-p4w,UCpIdtvoFHVLGASGB5ySqIEA,Este diputado no deja  hablar a los periodistas  y trata de confundir a la población con sus respuestas justificando las armadas que se da con el dinero del pu3blo,@quorumgt/videos,channel,quorum_complete_comments.csv | youtube_guatemala_plus_comments.csv,/@VidalVillatoro-p4w,hace 2 años,1.0,0,False,,Este diputado no deja  hablar a los periodistas  y trata de confundir a la población con sus respuestas justificando las armadas que se da con el dinero del pu3blo                                                                                                                                                                                                                                                                                                                                                                                                                                                                                                                                                                                                                                                                                                                                                                                                                                                                                             ,True,1,este diputado no deja hablar a los periodistas y trata de confundir a la población con sus respuestas justificando las armadas que se da con el dinero del pu blo,False,[],[],[],0,diputado dejar hablar periodista confundir población respuesta justificar armada dinero pu blo,"['diputado', 'dejar', 'hablar', 'periodista', 'confundir', 'población', 'respuesta', 'justificar', 'armada', 'dinero', 'pu', 'blo']",1024,94,Este diputado no deja  hablar a los periodistas  y trata de confundir a la población con sus respuestas justificando las armadas que se da con el dinero del pu3blo,classified,NEG,0.9737553000450134,0.02144022472202778,0.004804516676813364,35,False,0.9737553000450134,False,-0.9689507833682001,pysentimiento/robertuito-sentiment-analysis,a2cc0f67ebd705c55191e25a05ba23d885fcc09b,0,0,True
OkXlHx0hx-8,UgwRLgDGrh-_TEVNOYh4AaABAg,EE.UU. envía a mexicanos deportados a Guatemala antes de su regreso a México | Noticias Telemundo,Noticias Telemundo,UCRwA1NUcUnwsly35ikGhp0A,@Paul-gf7ec,UCtiHFjFu7d5v2XxHnKFUYig,También hay personas que se hacen pasar por mexicanos para que los deporté a México y regresar más rápido a Usa,guatemala noticias,topic,youtube_guatemala_comments.csv | youtube_guatemala_plus_comments.csv,/@Paul-gf7ec,hace 1 día,,0,False,,También hay personas que se hacen pasar por mexicanos para que los deporté a México y regresar más rápido a Usa                                                                                                                                                                                                                                                                                                                                                                                                                                                                                                                                                                                                                                                                                                                                                                                                                                                                                                                                                 ,False,0,también hay personas que se hacen pasar por mexicanos para que los deporté a méxico y regresar más rápido a usa,False,[],[],[],0,persona pasar mexicano deportar méxico regresar rápido,"['persona', 'pasar', 'mexicano', 'deportar', 'méxico', 'regresar', 'rápido']",1024,54,También hay personas que se hacen pasar por mexicanos para que los deporté a México y regresar más rápido a Usa,classified,NEU,0.22977010905742645,0.7296847701072693,0.040545135736465454,24,False,0.7296847701072693,False,-0.189224973320961,pysentimiento/robertuito-sentiment-analysis,a2cc0f67ebd705c55191e25a05ba23d885fcc09b,5,5,True
zweosulrwA8,UgwSDn5aIUEZwOlx9c94AaABAg,Edén por Salud: empleo inclusivo para personas con discapacidad en Antigua | Super - Episodio 2,Quorum,UCE4rsXcgDb6e1-a9iTbWzfg,@elioelias7267,UCQM2tCKRRytVDRxNUfCDqQQ,❤🎉,@quorumgt/videos,channel,quorum_complete_comments.csv | youtube_guatemala_plus_comments.csv,/@elioelias7267,hace 2 meses,,0,False,,❤🎉                                                                                                                                                                                                                                                                                                                                                                                                                                                                                                                                                                                                                                                                                                                                                                                                                                                                                                                                                                                                                                                             ,False,0,,False,[],[],"['❤', '🎉']",2,,[],1023,0,emoji cañón de confeti emoji,classified,POS,0.033134184777736664,0.41005828976631165,0.5568075180053711,8,False,0.5568075180053711,True,0.5236733332276344,pysentimiento/robertuito-sentiment-analysis,a2cc0f67ebd705c55191e25a05ba23d885fcc09b,14,14,True
6W4u8sGEnGM,UgwSt406Q1HWBWCewI14AaABAg,Inician los trabajos de recuperación del Puente Belice II.,Gobierno de la República de Guatemala,UC-ZtFBHzgkYFh7whZkuR_Ag,@AntonioChiyal-x5s,UCWvntqPQx99k_Z_skWKqNSA,5 anos mas precidente,Gobierno de la República de Guatemala,topic,youtube_guatemala_plus_comments.csv | youtube_lab_targets_small_comments.csv,/@AntonioChiyal-x5s,hace 5 días,2.0,1,False,,5 anos mas precidente                                                                                                                                                                                                                                                                                                                                                                                                                                                                                                                                                                                                                                                                                                                                                                                                                                                                                                                                                                                                                                           ,True,2,anos mas precidente,False,[],[],[],0,ano precidente,"['ano', 'precidente']",1024,14,5 anos mas precidente,classified,NEU,0.10884159803390503,0.6455963253974915,0.2455621212720871,7,False,0.6455963253974915,False,0.13672052323818207,pysentimiento/robertuito-sentiment-analysis,a2cc0f67ebd705c55191e25a05ba23d885fcc09b,2,2,True
6W4u8sGEnGM,UgwSt406Q1HWBWCewI14AaABAg.Aa-KmSVE5UgAa-M7iXQwik,Inician los trabajos de recuperación del Puente Belice II.,Gobierno de la República de Guatemala,UC-ZtFBHzgkYFh7whZkuR_Ag,@Israel-u5i7i,UCoGdCoJg2Lh0OX_jv6cG16g,Ojalá se pudiera,Gobierno de la República de Guatemala,topic,youtube_guatemala_plus_comments.csv | youtube_lab_targets_small_comments.csv,/@Israel-u5i7i,hace 5 días,,0,False,,Ojalá se pudiera                                                                                                                                                                                                                                                                                                                                                                                                                                                                                                                                                                                                                                                                                                                                                                                                                                                                                                                                                                                                                                                ,False,0,ojalá se pudiera,False,[],[],[],0,ojalá poder,"['ojalá', 'poder']",1024,11,Ojalá se pudiera,classified,NEU,0.1808440387248993,0.5539582967758179,0.26519766449928284,5,False,0.5539582967758179,True,0.08435362577438354,pysentimiento/robertuito-sentiment-analysis,a2cc0f67ebd705c55191e25a05ba23d885fcc09b,2,2,True
n8iP75gIpmw,UgwTyYcT2aNvGA5DK4J4AaABAg,Qué rico come tu diputado,Quorum,UCE4rsXcgDb6e1-a9iTbWzfg,@pablochitay46,UChgkn5Jt5tWKYMoEOuCjz3Q,Por primera vez deacuerdo con pedro.,@quorumgt/videos,channel,quorum_complete_comments.csv | youtube_guatemala_plus_comments.csv,/@pablochitay46,hace 2 años,2.0,0,False,,Por primera vez deacuerdo con pedro.                                                                                                                                                                                                                                                                                                                                                                                                                                                                                                                                                                                                                                                                                                                                                                                                                                                                                                                                                                                                                            ,True,2,por primera vez deacuerdo con pedro,False,[],[],[],0,deacuerdo pedro,"['deacuerdo', 'pedro']",1024,15,Por primera vez deacuerdo con pedro.,classified,POS,0.014366347342729568,0.20404855906963348,0.781585156917572,10,False,0.781585156917572,False,0.7672188095748425,pysentimiento/robertuito-sentiment-analysis,a2cc0f67ebd705c55191e25a05ba23d885fcc09b,0,0,True
j43HgwYFKfk,UgwUZL4XYbr2lbEi1r94AaABAg,La cooptación de Walter Mazariegos en la USAC,Quorum,UCE4rsXcgDb6e1-a9iTbWzfg,@pedroros6358,UCiC-Jn7wdgyQV4_Urk0DkWQ,"En julio de 2022 al haber asumido como Rector de Facto, eligieron a Héctor Hugo Pérez Aguilera como representante Titular de la USAC ante la Corte de Constitucionalidad.",@quorumgt/videos,channel,quorum_complete_comments.csv | youtube_guatemala_plus_comments.csv,/@pedroros6358,hace 1 año,1.0,0,False,,"En julio de 2022 al haber asumido como Rector de Facto, eligieron a Héctor Hugo Pérez Aguilera como representante Titular de la USAC ante la Corte de Constitucionalidad.                                                                                                                                                                                                                                                                                                                                                                                                                                                                                                                                                                                                                                                                                                                                                                                                                                                                                     ",True,1,en julio de al haber asumido como rector de facto eligieron a héctor hugo pérez aguilera como representante titular de la usac ante la corte de constitucionalidad,False,[],[],[],0,julio asumir rector facto elegir héctor hugo pérez aguilero representante titular usac corte constitucionalidad,"['julio', 'asumir', 'rector', 'facto', 'elegir', 'héctor', 'hugo', 'pérez', 'aguilero', 'representante', 'titular', 'usac', 'corte', 'constitucionalidad']",1022,111,"En julio de 2022 al haber asumido como Rector de Facto, eligieron a Héctor Hugo Pérez Aguilera como representante Titular de la USAC ante la Corte de Constitucionalidad.",classified,NEU,0.1502353399991989,0.7764544486999512,0.0733102336525917,35,False,0.7764544486999512,False,-0.07692510634660721,pysentimiento/robertuito-sentiment-analysis,a2cc0f67ebd705c55191e25a05ba23d885fcc09b,1,1,True
JkpVO1hx2f8,UgwXm2HjtCzRKiDHflJ4AaABAg,10 Preguntas a un año del Paro Nacional,Quorum,UCE4rsXcgDb6e1-a9iTbWzfg,@lyacausa,UCQIdKuZ-OzuFqy0KjGrgesg,Guatemala solo cambia de dictadura cada 4 años,@quorumgt/videos,channel,quorum_complete_comments.csv | youtube_guatemala_plus_comments.csv,/@lyacausa,hace 1 año,1.0,0,False,,Guatemala solo cambia de dictadura cada 4 años                                                                                                                                                                                                                                                                                                                                                                                                                                                                                                                                                                                                                                                                                                                                                                                                                                                                                                                                                                                                                  ,True,1,guatemala solo cambia de dictadura cada años,False,[],[],[],0,guatemala cambiar dictadura año,"['guatemala', 'cambiar', 'dictadura', 'año']",1024,31,Guatemala solo cambia de dictadura cada 4 años,classified,NEG,0.7294134497642517,0.25412699580192566,0.016459500417113304,10,False,0.7294134497642517,False,-0.7129539493471384,pysentimiento/robertuito-sentiment-analysis,a2cc0f67ebd705c55191e25a05ba23d885fcc09b,10,10,True
n8iP75gIpmw,UgwY0wdDJRzHsTCnLbN4AaABAg,Qué rico come tu diputado,Quorum,UCE4rsXcgDb6e1-a9iTbWzfg,@amyherrera7352,UCXr8_5WtGeipe4haOoQDgyQ,"Ala! Que tipo necio y descarado!  Hipócrita!
                                                                                                                                                                                                                                                                                               Comen y después hablan de desnutrición! Que colmo!
                                                                                                                                                                                                                                                                                               Gracias por cumplir con el mandato periodístico!",@quorumgt/videos,channel,quorum_complete_comments.csv | youtube_guatemala_plus_comments.csv,/@amyherrera7352,hace 2 años,,0,False,,"Ala! Que tipo necio y descarado!  Hipócrita!
                                                                                                                                                                                                                                                                                               Comen y después hablan de desnutrición! Que colmo!
                                                                                                                                                                                                                                                                                               Gracias por cumplir con el mandato periodístico!                                                                                                                                                                                                                                                                                                                                                                                                                                                                                                                                                                                                                                                                                                                                                                                                                                                                                                                                                                                                               ",False,0,ala que tipo necio y descarado hipócrita comen y después hablan de desnutrición que colmo gracias por cumplir con el mandato periodístico,False,[],[],[],0,ala tipo necio descarar hipócrita comen desnutrición colmo gracias cumplir mandato periodístico,"['ala', 'tipo', 'necio', 'descarar', 'hipócrita', 'comen', 'desnutrición', 'colmo', 'gracias', 'cumplir', 'mandato', 'periodístico']",1695,95,"Ala! Que tipo necio y descarado!  Hipócrita!
   Comen y después hablan de desnutrición! Que colmo!
   Gracias por cumplir con el mandato periodístico!",classified,NEG,0.969402015209198,0.023298151791095734,0.007299858145415783,42,False,0.969402015209198,False,-0.9621021570637822,pysentimiento/robertuito-sentiment-analysis,a2cc0f67ebd705c55191e25a05ba23d885fcc09b,0,0,True
06mFNPU0aB8,UgwY2FW-3sBGV2CGxaJ4AaABAg,Capturan a presuntos delincuentes disfrazados de mujer señalados de cometer asalto,Noti7,UCVpSRoZgngfSL03Nlbjtq9A,@Historia-wm4os,UC_3xuTXvMIWU5MYP9HkJ3vQ,Excelente trabajo señores agentes que Dios me los cuide mucho,guatemala noticias,topic,youtube_guatemala_comments.csv | youtube_guatemala_plus_comments.csv,/@Historia-wm4os,hace 2 semanas,4.0,0,False,,Excelente trabajo señores agentes que Dios me los cuide mucho                                                                                                                                                                                                                                                                                                                                                                                                                                                                                                                                                                                                                                                                                                                                                                                                                                                                                                                                                                                                   ,True,4,excelente trabajo señores agentes que dios me los cuide mucho,False,[],[],[],0,excelente trabajo señor agente dios cuidir,"['excelente', 'trabajo', 'señor', 'agente', 'dios', 'cuidir']",1024,42,Excelente trabajo señores agentes que Dios me los cuide mucho,classified,POS,0.00427113426849246,0.030406396836042404,0.9653224945068359,12,False,0.9653224945068359,False,0.9610513602383435,pysentimiento/robertuito-sentiment-analysis,a2cc0f67ebd705c55191e25a05ba23d885fcc09b,6,6,True
n8iP75gIpmw,UgwYTL5-XYvmQxsC3Bt4AaABAg,Qué rico come tu diputado,Quorum,UCE4rsXcgDb6e1-a9iTbWzfg,@HaroldoCastillo-rh9iw,UCFjudnPLoaSL1BaRuLahyHg,"Estos siempre andan viendo como comen del pueblo. Si no les basta el sueldo, busquen otro trabajo y por qué lugares tan caros, porque no es su dinero...",@quorumgt/videos,channel,quorum_complete_comments.csv | youtube_guatemala_plus_comments.csv,/@HaroldoCastillo-rh9iw,hace 2 años,1.0,0,False,,"Estos siempre andan viendo como comen del pueblo. Si no les basta el sueldo, busquen otro trabajo y por qué lugares tan caros, porque no es su dinero...                                                                                                                                                                                                                                                                                                                                                                                                                                                                                                                                                                                                                                                                                                                                                                                                                                                                                                      ",True,1,estos siempre andan viendo como comen del pueblo si no les basta el sueldo busquen otro trabajo y por qué lugares tan caros porque no es su dinero,False,[],[],[],0,andar ver comen pueblo bastar sueldo buscar trabajo lugar caro dinero,"['andar', 'ver', 'comen', 'pueblo', 'bastar', 'sueldo', 'buscar', 'trabajo', 'lugar', 'caro', 'dinero']",1022,69,"Estos siempre andan viendo como comen del pueblo. Si no les basta el sueldo, busquen otro trabajo y por qué lugares tan caros, porque no es su dinero...",classified,NEG,0.9705525636672974,0.025769265368580818,0.0036781253293156624,33,False,0.9705525636672974,False,-0.9668744383379817,pysentimiento/robertuito-sentiment-analysis,a2cc0f67ebd705c55191e25a05ba23d885fcc09b,0,0,True
n8iP75gIpmw,UgwYaHf9EYIl5Pf-y514AaABAg,Qué rico come tu diputado,Quorum,UCE4rsXcgDb6e1-a9iTbWzfg,@almacatalan2717,UC-pNP6RMFuLg_-x7Ah_0kEA,"Bien mentirosito ese diputado Nery Rodas, si tanto quiere a Guatemala que ellos paguen su almuerzo, porque el pueblo?",@quorumgt/videos,channel,quorum_complete_comments.csv | youtube_guatemala_plus_comments.csv,/@almacatalan2717,hace 2 años,5.0,0,False,,"Bien mentirosito ese diputado Nery Rodas, si tanto quiere a Guatemala que ellos paguen su almuerzo, porque el pueblo?                                                                                                                                                                                                                                                                                                                                                                                                                                                                                                                                                                                                                                                                                                                                                                                                                                                                                                                                         ",True,5,bien mentirosito ese diputado nery rodas si tanto quiere a guatemala que ellos paguen su almuerzo porque el pueblo,False,[],[],[],0,mentirosito diputado nery roda guatemala pagar almuerzo pueblo,"['mentirosito', 'diputado', 'nery', 'roda', 'guatemala', 'pagar', 'almuerzo', 'pueblo']",1022,62,"Bien mentirosito ese diputado Nery Rodas, si tanto quiere a Guatemala que ellos paguen su almuerzo, porque el pueblo?",classified,NEG,0.9535378217697144,0.037694163620471954,0.00876798015087843,26,False,0.9535378217697144,False,-0.9447698416188359,pysentimiento/robertuito-sentiment-analysis,a2cc0f67ebd705c55191e25a05ba23d885fcc09b,0,0,True
PjmxCj-a9Hg,UgwZw9X6DpxCIJ6YkXZ4AaABAg,Conferencia de Prensa del Gobierno de Guatemala. #LaRondaGt,Gobierno de la República de Guatemala,UC-ZtFBHzgkYFh7whZkuR_Ag,@rosadiaz9235,UC1Y7x3h0c95Z8kUhi-Tzaeg,Siii por tanta corrupción;; ay mucha muerte como en colombia ;; y en Guatemala;; todo porque no ay personas con un corazón;; dispuesto a cuidar del país y sacar adelante;;;,@GobiernodeGuatemala,topic,PjmxCj-a9Hg_out_comments.csv | youtube_guatemala_plus_comments.csv,/@rosadiaz9235,hace 1 año,,0,False,,Siii por tanta corrupción;; ay mucha muerte como en colombia ;; y en Guatemala;; todo porque no ay personas con un corazón;; dispuesto a cuidar del país y sacar adelante;;;                                                                                                                                                                                                                                                                                                                                                                                                                                                                                                                                                                                                                                                                                                                                                                                                                                                                                    ,False,0,siii por tanta corrupción ay mucha muerte como en colombia y en guatemala todo porque no ay personas con un corazón dispuesto a cuidar del país y sacar adelante,False,[],[],[],0,siii tanto corrupción ay muerte colombia guatemala ay persona corazón dispuesto cuidar país sacar,"['siii', 'tanto', 'corrupción', 'ay', 'muerte', 'colombia', 'guatemala', 'ay', 'persona', 'corazón', 'dispuesto', 'cuidar', 'país', 'sacar']",1024,97,Siii por tanta corrupción;; ay mucha muerte como en colombia ;; y en Guatemala;; todo porque no ay personas con un corazón;; dispuesto a cuidar del país y sacar adelante;;;,classified,NEG,0.9177562594413757,0.07355963438749313,0.00868415366858244,38,False,0.9177562594413757,False,-0.9090721057727933,pysentimiento/robertuito-sentiment-analysis,a2cc0f67ebd705c55191e25a05ba23d885fcc09b,4,4,True
OkXlHx0hx-8,Ugw_g00Bv3m-cnSxhMp4AaABAg,EE.UU. envía a mexicanos deportados a Guatemala antes de su regreso a México | Noticias Telemundo,Noticias Telemundo,UCRwA1NUcUnwsly35ikGhp0A,@marthareiss5434,UC1WlJfQmaIskYhP4gmWoamw,Que pena! Que la administración de Trump no ofrezca AMNISTÍA a los mexicanos u otros grupos de personas trabajadoras que ayudan a la mejora de este país. 😢,guatemala noticias,topic,youtube_guatemala_comments.csv | youtube_guatemala_plus_comments.csv,/@marthareiss5434,hace 1 día,2.0,1,False,,Que pena! Que la administración de Trump no ofrezca AMNISTÍA a los mexicanos u otros grupos de personas trabajadoras que ayudan a la mejora de este país. 😢                                                                                                                                                                                                                                                                                                                                                                                                                                                                                                                                                                                                                                                                                                                                                                                                                                                                                                    ,True,2,que pena que la administración de trump no ofrezca amnistía a los mexicanos u otros grupos de personas trabajadoras que ayudan a la mejora de este país,False,[],[],['😢'],1,penar administración trump ofrecer amnistir mexicano grupo persona trabajador ayudar mejora país,"['penar', 'administración', 'trump', 'ofrecer', 'amnistir', 'mexicano', 'grupo', 'persona', 'trabajador', 'ayudar', 'mejora', 'país']",1023,96,Que pena! Que la administración de Trump no ofrezca AMNISTÍA a los mexicanos u otros grupos de personas trabajadoras que ayudan a la mejora de este país.  emoji cara llorando emoji,classified,NEG,0.9829134345054626,0.01435198076069355,0.002734525827690959,39,False,0.9829134345054626,False,-0.9801789086777717,pysentimiento/robertuito-sentiment-analysis,a2cc0f67ebd705c55191e25a05ba23d885fcc09b,5,5,True
n8iP75gIpmw,Ugw_wfk-1nUcdyG3muZ4AaABAg,Qué rico come tu diputado,Quorum,UCE4rsXcgDb6e1-a9iTbWzfg,@isaaclopez7220,UC3MYTqpQqlWBuCB7Th0e0PA,"Me llega que saquen videos cortos porque el vídeo del programa de Con criterio es muy largo, pero vaya que es bueno",@quorumgt/videos,channel,quorum_complete_comments.csv | youtube_guatemala_plus_comments.csv,/@isaaclopez7220,hace 2 años,4.0,0,False,,"Me llega que saquen videos cortos porque el vídeo del programa de Con criterio es muy largo, pero vaya que es bueno                                                                                                                                                                                                                                                                                                                                                                                                                                                                                                                                                                                                                                                                                                                                                                                                                                                                                                                                           ",True,4,me llega que saquen videos cortos porque el vídeo del programa de con criterio es muy largo pero vaya que es bueno,False,[],[],[],0,llegar sacar video corto vídeo programa criterio,"['llegar', 'sacar', 'video', 'corto', 'vídeo', 'programa', 'criterio']",1022,48,"Me llega que saquen videos cortos porque el vídeo del programa de Con criterio es muy largo, pero vaya que es bueno",classified,POS,0.0074361469596624374,0.05396563559770584,0.9385982155799866,24,False,0.9385982155799866,False,0.9311620686203241,pysentimiento/robertuito-sentiment-analysis,a2cc0f67ebd705c55191e25a05ba23d885fcc09b,0,0,True
j43HgwYFKfk,UgwaGYcI3FekgL1PZct4AaABAg,La cooptación de Walter Mazariegos en la USAC,Quorum,UCE4rsXcgDb6e1-a9iTbWzfg,@hendersonlopez3864,UCOcUI5XkTYNMSFhZNMIPpGg,"Urge convocar elecciones, los estudiantes estamos sufriendo con cada vez mas deficientes instalaciones, laboratorios y aulas. Ademas del abandono de Rectoria a las Facultades que siguen luchando contra su oposicion, o que se muestran renuentes a seguir sus ordenes, afectan directamente a los estudiantes, catedraticos, personal de servicios y limita su capacidad de brindar una educacion de calidad, y atender a la poblacion guatemalteca a travez de EPS y otros que ofrecen estas unidades academicas.",@quorumgt/videos,channel,quorum_complete_comments.csv | youtube_guatemala_plus_comments.csv,/@hendersonlopez3864,hace 1 año (editado),3.0,0,False,,"Urge convocar elecciones, los estudiantes estamos sufriendo con cada vez mas deficientes instalaciones, laboratorios y aulas. Ademas del abandono de Rectoria a las Facultades que siguen luchando contra su oposicion, o que se muestran renuentes a seguir sus ordenes, afectan directamente a los estudiantes, catedraticos, personal de servicios y limita su capacidad de brindar una educacion de calidad, y atender a la poblacion guatemalteca a travez de EPS y otros que ofrecen estas unidades academicas.                                                                                                                                                                                                                                                                                                                                                                                                                                                                                                                                         ",True,3,urge convocar elecciones los estudiantes estamos sufriendo con cada vez mas deficientes instalaciones laboratorios y aulas ademas del abandono de rectoria a las facultades que siguen luchando contra su oposicion o que se muestran renuentes a seguir sus ordenes afectan directamente a los estudiantes catedraticos personal de servicios y limita su capacidad de brindar una educacion de calidad y atender a la poblacion guatemalteca a travez de eps y otros que ofrecen estas unidades academicas,False,[],[],[],0,urge convocar elección estudiante sufrir deficiente instalación laboratorio aula abandono rectoria facultad seguir luchar oposicion mostrar renuent seguir orden afectar directamente estudiante catedratico personal servicio limitar capacidad brindar educacion calidad atender poblacion guatemaltecar travez eps ofrecer unidad academica,"['urge', 'convocar', 'elección', 'estudiante', 'sufrir', 'deficiente', 'instalación', 'laboratorio', 'aula', 'abandono', 'rectoria', 'facultad', 'seguir', 'luchar', 'oposicion', 'mostrar', 'renuent', 'seguir', 'orden', 'afectar', 'directamente', 'estudiante', 'catedratico', 'personal', 'servicio', 'limitar', 'capacidad', 'brindar', 'educacion', 'calidad', 'atender', 'poblacion', 'guatemaltecar', 'travez', 'eps', 'ofrecer', 'unidad', 'academica']",1022,334,"Urge convocar elecciones, los estudiantes estamos sufriendo con cada vez mas deficientes instalaciones, laboratorios y aulas. Ademas del abandono de Rectoria a las Facultades que siguen luchando contra su oposicion, o que se muestran renuentes a seguir sus ordenes, afectan directamente a los estudiantes, catedraticos, personal de servicios y limita su capacidad de brindar una educacion de calidad, y atender a la poblacion guatemalteca a travez de EPS y otros que ofrecen estas unidades academicas.",classified,NEG,0.9759317636489868,0.021060748025774956,0.0030074589885771275,95,False,0.9759317636489868,False,-0.9729243046604097,pysentimiento/robertuito-sentiment-analysis,a2cc0f67ebd705c55191e25a05ba23d885fcc09b,1,1,True
n8iP75gIpmw,UgwaokeDKlLgSdqHpW94AaABAg,Qué rico come tu diputado,Quorum,UCE4rsXcgDb6e1-a9iTbWzfg,@OscarHernandez-q8y,UCOS8ViEkccrTZx2w2ccxotA,"Pero porque un desayuno de 250.00,  no habrá uno de 75.00?",@quorumgt/videos,channel,quorum_complete_comments.csv | youtube_guatemala_plus_comments.csv,/@OscarHernandez-q8y,hace 2 años,4.0,0,False,,"Pero porque un desayuno de 250.00,  no habrá uno de 75.00?                                                                                                                                                                                                                                                                                                                                                                                                                                                                                                                                                                                                                                                                                                                                                                                                                                                                                                                                                                                                    ",True,4,pero porque un desayuno de no habrá uno de,False,[],[],[],0,desayuno,['desayuno'],1022,8,"Pero porque un desayuno de 250.00,  no habrá uno de 75.00?",classified,NEU,0.4586734473705292,0.5135295391082764,0.02779708057641983,19,False,0.5135295391082764,True,-0.43087636679410934,pysentimiento/robertuito-sentiment-analysis,a2cc0f67ebd705c55191e25a05ba23d885fcc09b,0,0,True
b_Hkrkl3adA,Ugwbnz3tRoBa7Vs3A3d4AaABAg,Bloqueos en Guatemala este 31 de agosto por alza en combustibles afectan rutas principales,PrensaLibreOficial,UCEepOY2svuxbsJ-zsAPT9Fg,@antonioduarte2288,UC3iIU62XKUOWuqL8BqBzj9A,Puro show esto solo para que los diputranzas les den su parte y autorizar subsidios al gas,guatemala noticias,topic,debug_comments_fixed2_comments.csv | youtube_guatemala_comments.csv | youtube_guatemala_plus_comments.csv,/@antonioduarte2288,hace 49 minutos,,0,False,,Puro show esto solo para que los diputranzas les den su parte y autorizar subsidios al gas                                                                                                                                                                                                                                                                                                                                                                                                                                                                                                                                                                                                                                                                                                                                                                                                                                                                                                                                                                      ,False,0,puro show esto solo para que los diputranzas les den su parte y autorizar subsidios al gas,False,[],[],[],0,puro show diputranza dar autorizar subsidio gas,"['puro', 'show', 'diputranza', 'dar', 'autorizar', 'subsidio', 'gas']",1024,47,Puro show esto solo para que los diputranzas les den su parte y autorizar subsidios al gas,classified,NEG,0.901703417301178,0.08987464010715485,0.00842195376753807,22,False,0.901703417301178,False,-0.8932814635336399,pysentimiento/robertuito-sentiment-analysis,a2cc0f67ebd705c55191e25a05ba23d885fcc09b,8,8,True
6W4u8sGEnGM,Ugwc0TMrFYylioxh_Sh4AaABAg,Inician los trabajos de recuperación del Puente Belice II.,Gobierno de la República de Guatemala,UC-ZtFBHzgkYFh7whZkuR_Ag,@albertoshernandez5251,UCV3fr-YOixFKCZBbJP1-X4w,Que viva viva el Presidente Bernardo Arevalo 🎉🎉👏🎉🎉,Gobierno de la República de Guatemala,topic,youtube_guatemala_plus_comments.csv | youtube_lab_targets_small_comments.csv,/@albertoshernandez5251,hace 6 días,3.0,0,False,,Que viva viva el Presidente Bernardo Arevalo 🎉🎉👏🎉🎉                                                                                                                                                                                                                                                                                                                                                                                                                                                                                                                                                                                                                                                                                                                                                                                                                                                                                                                                                                                                         ,True,3,que viva viva el presidente bernardo arevalo,False,[],[],"['🎉', '🎉', '👏', '🎉', '🎉']",5,vivir vivir presidente bernardo arevalo,"['vivir', 'vivir', 'presidente', 'bernardo', 'arevalo']",1019,39,Que viva viva el Presidente Bernardo Arevalo  emoji cañón de confeti emoji  emoji cañón de confeti emoji  emoji manos aplaudiendo emoji  emoji cañón de confeti emoji  emoji cañón de confeti emoji,classified,POS,0.06470117717981339,0.3607540726661682,0.5745447278022766,49,False,0.5745447278022766,True,0.5098435506224632,pysentimiento/robertuito-sentiment-analysis,a2cc0f67ebd705c55191e25a05ba23d885fcc09b,2,2,True
n8iP75gIpmw,UgwcF8V3__81jxC8Eh14AaABAg,Qué rico come tu diputado,Quorum,UCE4rsXcgDb6e1-a9iTbWzfg,@marcomendez7509,UCmjppp6ujz3SAnULvP3sZMw,pues quien le pidió que la guesiara para Diputado si será descarado seve que son unos Corruptos mientras el pueblo no tiene ni un Cinco u con eso le pagan a los Electores si serán Comen Cuando hay,@quorumgt/videos,channel,quorum_complete_comments.csv | youtube_guatemala_plus_comments.csv,/@marcomendez7509,hace 2 años,,0,False,,pues quien le pidió que la guesiara para Diputado si será descarado seve que son unos Corruptos mientras el pueblo no tiene ni un Cinco u con eso le pagan a los Electores si serán Comen Cuando hay                                                                                                                                                                                                                                                                                                                                                                                                                                                                                                                                                                                                                                                                                                                                                                                                                                                            ,False,0,pues quien le pidió que la guesiara para diputado si será descarado seve que son unos corruptos mientras el pueblo no tiene ni un cinco u con eso le pagan a los electores si serán comen cuando hay,False,[],[],[],0,pedir guesiara diputado descarar seve corrupto pueblo pagar elector comar,"['pedir', 'guesiara', 'diputado', 'descarar', 'seve', 'corrupto', 'pueblo', 'pagar', 'elector', 'comar']",1024,73,pues quien le pidió que la guesiara para Diputado si será descarado seve que son unos Corruptos mientras el pueblo no tiene ni un Cinco u con eso le pagan a los Electores si serán Comen Cuando hay,classified,NEG,0.9374303817749023,0.05453743040561676,0.008032172918319702,45,False,0.9374303817749023,False,-0.9293982088565826,pysentimiento/robertuito-sentiment-analysis,a2cc0f67ebd705c55191e25a05ba23d885fcc09b,0,0,True
lj983NWyAQY,UgwdC_aDdYB1wpgGNAt4AaABAg,Plan 2032 Ciudad de Guatemala,Municipalidad de Guatemala,UCXa6LVjBzUtmcM3cwbd9e2w,@FreddyGmez,UC5PyGvSfFM--OVKmQ3COu6g,Que belleza si se llegara a construir todos esos proyectos 💙👌,Municipalidad de Guatemala,topic,lj983NWyAQY_out_comments.csv | youtube_guatemala_plus_comments.csv,/@FreddyGmez,hace 7 años,3.0,0,False,,Que belleza si se llegara a construir todos esos proyectos 💙👌                                                                                                                                                                                                                                                                                                                                                                                                                                                                                                                                                                                                                                                                                                                                                                                                                                                                                                                                                                                                 ,True,3,que belleza si se llegara a construir todos esos proyectos,False,[],[],"['💙', '👌']",2,bellezar llegar construir proyecto,"['bellezar', 'llegar', 'construir', 'proyecto']",1022,34,Que belleza si se llegara a construir todos esos proyectos  emoji corazón azul emoji  emoji señal de aprobación con la mano emoji,classified,POS,0.009669994004070759,0.10863863676786423,0.8816914558410645,30,False,0.8816914558410645,False,0.8720214618369937,pysentimiento/robertuito-sentiment-analysis,a2cc0f67ebd705c55191e25a05ba23d885fcc09b,3,3,True
n8iP75gIpmw,Ugwe0V0ssRP-r167Lzh4AaABAg,Qué rico come tu diputado,Quorum,UCE4rsXcgDb6e1-a9iTbWzfg,@isaiaslopezvelasquez1539,UCQqetiwzzmRNTM5OWuXarGQ,si no les gusta  renuncie,@quorumgt/videos,channel,quorum_complete_comments.csv | youtube_guatemala_plus_comments.csv,/@isaiaslopezvelasquez1539,hace 2 años,1.0,0,False,,si no les gusta  renuncie                                                                                                                                                                                                                                                                                                                                                                                                                                                                                                                                                                                                                                                                                                                                                                                                                                                                                                                                                                                                                                       ,True,1,si no les gusta renuncie,False,[],[],[],0,gustar renuncie,"['gustar', 'renuncie']",1024,15,si no les gusta  renuncie,classified,NEG,0.8222561478614807,0.16329821944236755,0.014445611275732517,8,False,0.8222561478614807,False,-0.8078105365857482,pysentimiento/robertuito-sentiment-analysis,a2cc0f67ebd705c55191e25a05ba23d885fcc09b,0,0,True
6W4u8sGEnGM,UgwgSP2G2qKwGGl5CSp4AaABAg,Inician los trabajos de recuperación del Puente Belice II.,Gobierno de la República de Guatemala,UC-ZtFBHzgkYFh7whZkuR_Ag,@albertoshernandez5251,UCV3fr-YOixFKCZBbJP1-X4w,EL PRESIDENTE BERNARDO AREVALO SI ES UN PRESIDENTE QUE QUIERE A SU PUEBLO Y AL PAIS DE GUATEMALA 👍 EL NO ES COMO LOS RATAS  PRESIDENTES ANTERIORES 🐭🐭ASI QUE TODO EL APOYO PARA EL PRESIDENTE BERNARDO AREVALO 👍 🎉👍🎉👍🎉👍🎉👍🎉👍,Gobierno de la República de Guatemala,topic,youtube_guatemala_plus_comments.csv | youtube_lab_targets_small_comments.csv,/@albertoshernandez5251,hace 6 días,3.0,0,False,,EL PRESIDENTE BERNARDO AREVALO SI ES UN PRESIDENTE QUE QUIERE A SU PUEBLO Y AL PAIS DE GUATEMALA 👍 EL NO ES COMO LOS RATAS  PRESIDENTES ANTERIORES 🐭🐭ASI QUE TODO EL APOYO PARA EL PRESIDENTE BERNARDO AREVALO 👍 🎉👍🎉👍🎉👍🎉👍🎉👍                                                                                                                                                                                                                                                                                                                                                                                                                                                                                                                                                                                                                                                                                                                                                                                                                       ,True,3,el presidente bernardo arevalo si es un presidente que quiere a su pueblo y al pais de guatemala el no es como los ratas presidentes anteriores asi que todo el apoyo para el presidente bernardo arevalo,False,[],[],"['👍', '🐭', '🐭', '👍', '🎉', '👍', '🎉', '👍', '🎉', '👍', '🎉', '👍', '🎉', '👍']",14,presidente bernardo arevalo presidente pueblo pais guatemala rata president anterior apoyo presidente bernardo arevalo,"['presidente', 'bernardo', 'arevalo', 'presidente', 'pueblo', 'pais', 'guatemala', 'rata', 'president', 'anterior', 'apoyo', 'presidente', 'bernardo', 'arevalo']",1010,118,EL PRESIDENTE BERNARDO AREVALO SI ES UN PRESIDENTE QUE QUIERE A SU PUEBLO Y AL PAIS DE GUATEMALA  emoji pulgar hacia arriba emoji  EL NO ES COMO LOS RATAS  PRESIDENTES ANTERIORES  emoji cara de ratón emoji  emoji cara de ratón emoji ASI QUE TODO EL APOYO PARA EL PRESIDENTE BERNARDO AREVALO  emoji pulgar hacia arriba emoji   emoji cañón de confeti emoji  emoji pulgar hacia arriba emoji  emoji cañón de confeti emoji  emoji pulgar hacia arriba emoji  emoji cañón de confeti emoji  emoji pulgar hacia arriba emoji  emoji cañón de confeti emoji  emoji pulgar hacia arriba emoji  emoji cañón de confeti emoji  emoji pulgar hacia arriba emoji,classified,NEU,0.14069946110248566,0.46753883361816406,0.3917616605758667,155,True,0.46753883361816406,True,0.25106219947338104,pysentimiento/robertuito-sentiment-analysis,a2cc0f67ebd705c55191e25a05ba23d885fcc09b,2,2,True
n8iP75gIpmw,UgwgoKatyznihVvDVVd4AaABAg,Qué rico come tu diputado,Quorum,UCE4rsXcgDb6e1-a9iTbWzfg,@OsvaldoAguirre-l3i,UCCaYwkkbQGcvFoUmothVdQQ,Cuando los agarran con la manos en la masa ya ni Allan que decir estos buenos para nada! Solo para comer de gratis son buenos a que hijos de la gran patria! De Guatemala. Mantenidos estos corruptos solo para wuabiar son bueno.,@quorumgt/videos,channel,quorum_complete_comments.csv | youtube_guatemala_plus_comments.csv,/@OsvaldoAguirre-l3i,hace 2 años,,0,False,,Cuando los agarran con la manos en la masa ya ni Allan que decir estos buenos para nada! Solo para comer de gratis son buenos a que hijos de la gran patria! De Guatemala. Mantenidos estos corruptos solo para wuabiar son bueno.                                                                                                                                                                                                                                                                                                                                                                                                                                                                                                                                                                                                                                                                                                                                                                                                                              ,False,0,cuando los agarran con la manos en la masa ya ni allan que decir estos buenos para nada solo para comer de gratis son buenos a que hijos de la gran patria de guatemala mantenidos estos corruptos solo para wuabiar son bueno,False,[],[],[],0,agarrar mano masa allar comer gratis hijo patria guatemala mantenido corrupto wuabiar,"['agarrar', 'mano', 'masa', 'allar', 'comer', 'gratis', 'hijo', 'patria', 'guatemala', 'mantenido', 'corrupto', 'wuabiar']",1024,85,Cuando los agarran con la manos en la masa ya ni Allan que decir estos buenos para nada! Solo para comer de gratis son buenos a que hijos de la gran patria! De Guatemala. Mantenidos estos corruptos solo para wuabiar son bueno.,classified,NEG,0.9539276361465454,0.034467898309230804,0.011604487895965576,49,False,0.9539276361465454,False,-0.9423231482505798,pysentimiento/robertuito-sentiment-analysis,a2cc0f67ebd705c55191e25a05ba23d885fcc09b,0,0,True
n8iP75gIpmw,UgwguqWom06c5opgpiF4AaABAg,Qué rico come tu diputado,Quorum,UCE4rsXcgDb6e1-a9iTbWzfg,@oscarnavas9996,UCQgYjVngJRfPHDLGB5X6ZjA,Sin vergüenza. Que no se vuelva a lanzar para diputado ladrón,@quorumgt/videos,channel,quorum_complete_comments.csv | youtube_guatemala_plus_comments.csv,/@oscarnavas9996,hace 2 años,,0,False,,Sin vergüenza. Que no se vuelva a lanzar para diputado ladrón                                                                                                                                                                                                                                                                                                                                                                                                                                                                                                                                                                                                                                                                                                                                                                                                                                                                                                                                                                                                   ,False,0,sin vergüenza que no se vuelva a lanzar para diputado ladrón,False,[],[],[],0,vergüenza volver lanzar diputado ladrón,"['vergüenza', 'volver', 'lanzar', 'diputado', 'ladrón']",1024,39,Sin vergüenza. Que no se vuelva a lanzar para diputado ladrón,classified,NEG,0.8495967388153076,0.1195315271615982,0.03087173029780388,13,False,0.8495967388153076,False,-0.8187250085175037,pysentimiento/robertuito-sentiment-analysis,a2cc0f67ebd705c55191e25a05ba23d885fcc09b,0,0,True
PjmxCj-a9Hg,UgwhphOY9n46ofElDut4AaABAg,Conferencia de Prensa del Gobierno de Guatemala. #LaRondaGt,Gobierno de la República de Guatemala,UC-ZtFBHzgkYFh7whZkuR_Ag,@danielantoniogonzalezflore4901,UCN2N_wYOw6fMwCeSzdXLPIw,Mejor saque a guatemala del parlacen y dejen de hablar de tsnta babosadas o ustedes van s ir avrefujiase al parlacen cuando salgan ese dinero que pagamos invertirlo en meducina sehan realustas por sus acciones nadie cree ya en nadie de ver que los gobiernos solo sirven para enriqueserse ya vasta,@GobiernodeGuatemala,topic,PjmxCj-a9Hg_out_comments.csv | youtube_guatemala_plus_comments.csv,/@danielantoniogonzalezflore4901,hace 1 año,,0,False,,Mejor saque a guatemala del parlacen y dejen de hablar de tsnta babosadas o ustedes van s ir avrefujiase al parlacen cuando salgan ese dinero que pagamos invertirlo en meducina sehan realustas por sus acciones nadie cree ya en nadie de ver que los gobiernos solo sirven para enriqueserse ya vasta                                                                                                                                                                                                                                                                                                                                                                                                                                                                                                                                                                                                                                                                                                                                                        ,False,0,mejor saque a guatemala del parlacen y dejen de hablar de tsnta babosadas o ustedes van s ir avrefujiase al parlacen cuando salgan ese dinero que pagamos invertirlo en meducina sehan realustas por sus acciones nadie cree ya en nadie de ver que los gobiernos solo sirven para enriqueserse ya vasta,False,[],[],[],0,saque guatemala parlacen dejen hablar tsnta babosada s avrefujiar parlacir salir dinero pagar invertir él meducina sehaber realusta acción creer gobierno servir enriqueser él vasta,"['saque', 'guatemala', 'parlacen', 'dejen', 'hablar', 'tsnta', 'babosada', 's', 'avrefujiar', 'parlacir', 'salir', 'dinero', 'pagar', 'invertir él', 'meducina', 'sehaber', 'realusta', 'acción', 'creer', 'gobierno', 'servir', 'enriqueser él', 'vasta']",1024,180,Mejor saque a guatemala del parlacen y dejen de hablar de tsnta babosadas o ustedes van s ir avrefujiase al parlacen cuando salgan ese dinero que pagamos invertirlo en meducina sehan realustas por sus acciones nadie cree ya en nadie de ver que los gobiernos solo sirven para enriqueserse ya vasta,classified,NEG,0.9688193798065186,0.027144331485033035,0.004036260303109884,73,False,0.9688193798065186,False,-0.9647831195034087,pysentimiento/robertuito-sentiment-analysis,a2cc0f67ebd705c55191e25a05ba23d885fcc09b,4,4,True
n8iP75gIpmw,UgwiGxmosawIyTVTjnB4AaABAg,Qué rico come tu diputado,Quorum,UCE4rsXcgDb6e1-a9iTbWzfg,@ErvinLeonardoCarreraLatín,UC9vMq1YF-e7C-VO0SHkbUTA,19:27 Basuras de diputados  artense  porque los que sufrieron  hambre serán saciados y los que se saciaron a costillas de los demás tendrán hambre y sed  de todo,@quorumgt/videos,channel,quorum_complete_comments.csv | youtube_guatemala_plus_comments.csv,/@ErvinLeonardoCarreraLat%C3%ADn,hace 2 años (editado),,0,False,,19:27 Basuras de diputados  artense  porque los que sufrieron  hambre serán saciados y los que se saciaron a costillas de los demás tendrán hambre y sed  de todo                                                                                                                                                                                                                                                                                                                                                                                                                                                                                                                                                                                                                                                                                                                                                                                                                                                                                               ,False,0,basuras de diputados artense porque los que sufrieron hambre serán saciados y los que se saciaron a costillas de los demás tendrán hambre y sed de todo,False,[],[],[],0,basura diputado artense sufrir hambre saciar saciar costilla hambre sed,"['basura', 'diputado', 'artense', 'sufrir', 'hambre', 'saciar', 'saciar', 'costilla', 'hambre', 'sed']",1024,71,19:27 Basuras de diputados  artense  porque los que sufrieron  hambre serán saciados y los que se saciaron a costillas de los demás tendrán hambre y sed  de todo,classified,NEG,0.8959919214248657,0.09057553112506866,0.013432452455163002,42,False,0.8959919214248657,False,-0.8825594689697027,pysentimiento/robertuito-sentiment-analysis,a2cc0f67ebd705c55191e25a05ba23d885fcc09b,0,0,True
n8iP75gIpmw,Ugwih8O9PeaJ_zd7FWV4AaABAg,Qué rico come tu diputado,Quorum,UCE4rsXcgDb6e1-a9iTbWzfg,@carmenr6311,UC8F2V63KZ4ZEay6opX2hAQw,"Los alimentos tienen k pagarlos d su sueldo como cualquier otro ciudadano k a pesar de el salario miserable pagan sus alimentos, segun entiendo ese señor  kiere k el pueblo le siga pagando ,si el trabaja haciéndose el pendejo como muchos otros k solo llegan a ocupar la silla y a bla bla hasta el momento no se ve k se trabaje en algo bueno para el pueblo a ese fulano k no esta contento con el alto sueldo k tienen por hacer nada ,k renuncie y k empleen a personas k realmente kieren hacer algo por el hambriento pueblo, braaavo seño por recordarle a ese inepto.,ellos ganan Q25,000 0 mas cuanto gana un médico, una enfermera,una profesora y esos siii trabajan especialmente los médicos.",@quorumgt/videos,channel,quorum_complete_comments.csv | youtube_guatemala_plus_comments.csv,/@carmenr6311,hace 2 años,,0,False,,"Los alimentos tienen k pagarlos d su sueldo como cualquier otro ciudadano k a pesar de el salario miserable pagan sus alimentos, segun entiendo ese señor  kiere k el pueblo le siga pagando ,si el trabaja haciéndose el pendejo como muchos otros k solo llegan a ocupar la silla y a bla bla hasta el momento no se ve k se trabaje en algo bueno para el pueblo a ese fulano k no esta contento con el alto sueldo k tienen por hacer nada ,k renuncie y k empleen a personas k realmente kieren hacer algo por el hambriento pueblo, braaavo seño por recordarle a ese inepto.,ellos ganan Q25,000 0 mas cuanto gana un médico, una enfermera,una profesora y esos siii trabajan especialmente los médicos.                                                                                                                                                                                                                                                                                                                                              ",False,0,los alimentos tienen k pagarlos d su sueldo como cualquier otro ciudadano k a pesar de el salario miserable pagan sus alimentos segun entiendo ese señor kiere k el pueblo le siga pagando si el trabaja haciéndose el pendejo como muchos otros k solo llegan a ocupar la silla y a bla bla hasta el momento no se ve k se trabaje en algo bueno para el pueblo a ese fulano k no esta contento con el alto sueldo k tienen por hacer nada k renuncie y k empleen a personas k realmente kieren hacer algo por el hambriento pueblo braaavo seño por recordarle a ese inepto ellos ganan q mas cuanto gana un médico una enfermera una profesora y esos siii trabajan especialmente los médicos,False,[],[],[],0,alimento k pagarlo d sueldo ciudadano k salario miserable pagar alimento enteir señor kiere k pueblo seguir pagar trabajar hacer él pendejo k llegar ocupar silla bla bla momento ver k trabaje pueblo fulano k contento alto sueldo k k renuncie k emplear persona k realmente kierir hambriento pueblo braaavo seño recordar él inepto ganar q ganar médico enfermera profesora siii trabajar especialmente médico,"['alimento', 'k', 'pagarlo', 'd', 'sueldo', 'ciudadano', 'k', 'salario', 'miserable', 'pagar', 'alimento', 'enteir', 'señor', 'kiere', 'k', 'pueblo', 'seguir', 'pagar', 'trabajar', 'hacer él', 'pendejo', 'k', 'llegar', 'ocupar', 'silla', 'bla', 'bla', 'momento', 'ver', 'k', 'trabaje', 'pueblo', 'fulano', 'k', 'contento', 'alto', 'sueldo', 'k', 'k', 'renuncie', 'k', 'emplear', 'persona', 'k', 'realmente', 'kierir', 'hambriento', 'pueblo', 'braaavo', 'seño', 'recordar él', 'inepto', 'ganar', 'q', 'ganar', 'médico', 'enfermera', 'profesora', 'siii', 'trabajar', 'especialmente', 'médico']",1022,404,"Los alimentos tienen k pagarlos d su sueldo como cualquier otro ciudadano k a pesar de el salario miserable pagan sus alimentos, segun entiendo ese señor  kiere k el pueblo le siga pagando ,si el trabaja haciéndose el pendejo como muchos otros k solo llegan a ocupar la silla y a bla bla hasta el momento no se ve k se trabaje en algo bueno para el pueblo a ese fulano k no esta contento con el alto sueldo k tienen por hacer nada ,k renuncie y k empleen a personas k realmente kieren hacer algo por el hambriento pueblo, braaavo seño por recordarle a ese inepto.,ellos ganan Q25,000 0 mas cuanto gana un médico, una enfermera,una profesora y esos siii trabajan especialmente los médicos.",classified,NEG,0.9758647084236145,0.020543541759252548,0.003591700457036495,151,True,0.9758647084236145,False,-0.972273007966578,pysentimiento/robertuito-sentiment-analysis,a2cc0f67ebd705c55191e25a05ba23d885fcc09b,0,0,True
6W4u8sGEnGM,Ugwije36G_n35mshRfp4AaABAg,Inician los trabajos de recuperación del Puente Belice II.,Gobierno de la República de Guatemala,UC-ZtFBHzgkYFh7whZkuR_Ag,@rosaoliva9389,UCheEJ5GZuIvV0fj-nXyVwXw,Gracias por concluir lo q otros empiezan y no terminan,Gobierno de la República de Guatemala,topic,youtube_guatemala_plus_comments.csv | youtube_lab_targets_small_comments.csv,/@rosaoliva9389,hace 2 días,,0,False,,Gracias por concluir lo q otros empiezan y no terminan                                                                                                                                                                                                                                                                                                                                                                                                                                                                                                                                                                                                                                                                                                                                                                                                                                                                                                                                                                                                          ,False,0,gracias por concluir lo q otros empiezan y no terminan,False,[],[],[],0,gracias concluir q empezar terminar,"['gracias', 'concluir', 'q', 'empezar', 'terminar']",1024,35,Gracias por concluir lo q otros empiezan y no terminan,classified,NEU,0.1488306075334549,0.5659884214401245,0.2851810157299042,13,False,0.5659884214401245,True,0.13635040819644928,pysentimiento/robertuito-sentiment-analysis,a2cc0f67ebd705c55191e25a05ba23d885fcc09b,2,2,True
n8iP75gIpmw,UgwjKxflp7TiD0e7_494AaABAg,Qué rico come tu diputado,Quorum,UCE4rsXcgDb6e1-a9iTbWzfg,@victorarturoruanobautista7588,UCujPF2nBgsTD62nWE3lcpIg,Que se les quite todos los privilegios lo que pasa no les gusta,@quorumgt/videos,channel,quorum_complete_comments.csv | youtube_guatemala_plus_comments.csv,/@victorarturoruanobautista7588,hace 1 año,,0,False,,Que se les quite todos los privilegios lo que pasa no les gusta                                                                                                                                                                                                                                                                                                                                                                                                                                                                                                                                                                                                                                                                                                                                                                                                                                                                                                                                                                                                 ,False,0,que se les quite todos los privilegios lo que pasa no les gusta,False,[],[],[],0,quitar privilegio pasar gustar,"['quitar', 'privilegio', 'pasar', 'gustar']",1024,30,Que se les quite todos los privilegios lo que pasa no les gusta,classified,NEG,0.9009563326835632,0.08502557873725891,0.014018027111887932,15,False,0.9009563326835632,False,-0.8869383055716753,pysentimiento/robertuito-sentiment-analysis,a2cc0f67ebd705c55191e25a05ba23d885fcc09b,0,0,True
n8iP75gIpmw,Ugwjtq_DUb6ISU-ppsh4AaABAg,Qué rico come tu diputado,Quorum,UCE4rsXcgDb6e1-a9iTbWzfg,@byronpontaza,UChs3tU2BcKOT0CezykvAsGw,"Estoy seguro que si a los conductores los envían a hacer un trabajo a un departamento y les dan viáticos, buscan Buenos restaurantes para ir a comer y no se van al mercado",@quorumgt/videos,channel,quorum_complete_comments.csv | youtube_guatemala_plus_comments.csv,/@byronpontaza,hace 2 años,1.0,0,False,,"Estoy seguro que si a los conductores los envían a hacer un trabajo a un departamento y les dan viáticos, buscan Buenos restaurantes para ir a comer y no se van al mercado                                                                                                                                                                                                                                                                                                                                                                                                                                                                                                                                                                                                                                                                                                                                                                                                                                                                                   ",True,1,estoy seguro que si a los conductores los envían a hacer un trabajo a un departamento y les dan viáticos buscan buenos restaurantes para ir a comer y no se van al mercado,False,[],[],[],0,seguro conductor envir trabajo departamento viático buscar restaurante comer mercado,"['seguro', 'conductor', 'envir', 'trabajo', 'departamento', 'viático', 'buscar', 'restaurante', 'comer', 'mercado']",1022,84,"Estoy seguro que si a los conductores los envían a hacer un trabajo a un departamento y les dan viáticos, buscan Buenos restaurantes para ir a comer y no se van al mercado",classified,POS,0.021481934934854507,0.40215057134628296,0.5763674974441528,37,False,0.5763674974441528,True,0.5548855625092983,pysentimiento/robertuito-sentiment-analysis,a2cc0f67ebd705c55191e25a05ba23d885fcc09b,0,0,True
n8iP75gIpmw,UgwkiP4fW1xfpXbZcV14AaABAg,Qué rico come tu diputado,Quorum,UCE4rsXcgDb6e1-a9iTbWzfg,@BenjaminLarios-jd8nk,UCV0iizTBoOfdAFX_thfI9BA,Lo que este diputado ase por el paiz es robarle  al paiz   porque otro beneficio que tiene el paiz  con ellos nada,@quorumgt/videos,channel,quorum_complete_comments.csv | youtube_guatemala_plus_comments.csv,/@BenjaminLarios-jd8nk,hace 2 años,,0,False,,Lo que este diputado ase por el paiz es robarle  al paiz   porque otro beneficio que tiene el paiz  con ellos nada                                                                                                                                                                                                                                                                                                                                                                                                                                                                                                                                                                                                                                                                                                                                                                                                                                                                                                                                              ,False,0,lo que este diputado ase por el paiz es robarle al paiz porque otro beneficio que tiene el paiz con ellos nada,False,[],[],[],0,diputado ar paiz robar él paiz beneficio paiz,"['diputado', 'ar', 'paiz', 'robar él', 'paiz', 'beneficio', 'paiz']",1024,45,Lo que este diputado ase por el paiz es robarle  al paiz   porque otro beneficio que tiene el paiz  con ellos nada,classified,NEG,0.9637752175331116,0.0315733477473259,0.0046515073627233505,32,False,0.9637752175331116,False,-0.9591237101703882,pysentimiento/robertuito-sentiment-analysis,a2cc0f67ebd705c55191e25a05ba23d885fcc09b,0,0,True
6W4u8sGEnGM,Ugwm9VajlW3ydbsf-BJ4AaABAg,Inician los trabajos de recuperación del Puente Belice II.,Gobierno de la República de Guatemala,UC-ZtFBHzgkYFh7whZkuR_Ag,@robertoescobar5507,UCp29O_C7cchZV8IxV7Crdag,Excelente.,Gobierno de la República de Guatemala,topic,youtube_guatemala_plus_comments.csv | youtube_lab_targets_small_comments.csv,/@robertoescobar5507,hace 3 días,,0,False,,Excelente.                                                                                                                                                                                                                                                                                                                                                                                                                                                                                                                                                                                                                                                                                                                                                                                                                                                                                                                                                                                                                                                      ,False,0,excelente,False,[],[],[],0,excelente,['excelente'],1024,9,Excelente.,classified,POS,0.02871805429458618,0.12790054082870483,0.843381404876709,3,False,0.843381404876709,False,0.8146633505821228,pysentimiento/robertuito-sentiment-analysis,a2cc0f67ebd705c55191e25a05ba23d885fcc09b,2,2,True
yLZS3JiEBg8,UgwmvtMMEFg5rWbrmtV4AaABAg,Arroz con pollo a la MONOPOLIO,Quorum,UCE4rsXcgDb6e1-a9iTbWzfg,@11223344An,UCkxdJ_yGN2gghOMo2ybQtXQ,Y no olvidemos y quizá el más cruel. Las farmacéuticas con las medicinas,@quorumgt/videos,channel,quorum_complete_comments.csv | youtube_guatemala_plus_comments.csv,/@11223344An,hace 2 años,1.0,0,False,,Y no olvidemos y quizá el más cruel. Las farmacéuticas con las medicinas                                                                                                                                                                                                                                                                                                                                                                                                                                                                                                                                                                                                                                                                                                                                                                                                                                                                                                                                                                                        ,True,1,y no olvidemos y quizá el más cruel las farmacéuticas con las medicinas,False,[],[],[],0,olvidar cruel farmacéutico medicina,"['olvidar', 'cruel', 'farmacéutico', 'medicina']",1024,35,Y no olvidemos y quizá el más cruel. Las farmacéuticas con las medicinas,classified,NEG,0.9108221530914307,0.08207517862319946,0.007102638483047485,18,False,0.9108221530914307,False,-0.9037195146083832,pysentimiento/robertuito-sentiment-analysis,a2cc0f67ebd705c55191e25a05ba23d885fcc09b,7,7,True
6W4u8sGEnGM,UgwnCwptihjhFCfQK_l4AaABAg,Inician los trabajos de recuperación del Puente Belice II.,Gobierno de la República de Guatemala,UC-ZtFBHzgkYFh7whZkuR_Ag,@franciscoflores3120,UCjZgFEowMBrsjodqfovzdKw,Pero  sería bueno que  le cambien  nombre,Gobierno de la República de Guatemala,topic,youtube_guatemala_plus_comments.csv | youtube_lab_targets_small_comments.csv,/@franciscoflores3120,hace 4 días,,0,False,,Pero  sería bueno que  le cambien  nombre                                                                                                                                                                                                                                                                                                                                                                                                                                                                                                                                                                                                                                                                                                                                                                                                                                                                                                                                                                                                                       ,False,0,pero sería bueno que le cambien nombre,False,[],[],[],0,cambiar nombre,"['cambiar', 'nombre']",1024,14,Pero  sería bueno que  le cambien  nombre,classified,NEU,0.1407715231180191,0.7334154844284058,0.12581297755241394,12,False,0.7334154844284058,False,-0.014958545565605164,pysentimiento/robertuito-sentiment-analysis,a2cc0f67ebd705c55191e25a05ba23d885fcc09b,6,2,False
n8iP75gIpmw,UgwopmNYOXxE5kyT7fF4AaABAg,Qué rico come tu diputado,Quorum,UCE4rsXcgDb6e1-a9iTbWzfg,@hugoasencio7764,UC4wq3DcbfaG6dtCqn8Oyu3w,Ya viste Nery más de lo mismo.,@quorumgt/videos,channel,quorum_complete_comments.csv | youtube_guatemala_plus_comments.csv,/@hugoasencio7764,hace 2 años,1.0,0,False,,Ya viste Nery más de lo mismo.                                                                                                                                                                                                                                                                                                                                                                                                                                                                                                                                                                                                                                                                                                                                                                                                                                                                                                                                                                                                                                  ,True,1,ya viste nery más de lo mismo,False,[],[],[],0,viste nery,"['viste', 'nery']",1024,10,Ya viste Nery más de lo mismo.,classified,NEG,0.8228858113288879,0.16084152460098267,0.016272718086838722,10,False,0.8228858113288879,False,-0.8066130932420492,pysentimiento/robertuito-sentiment-analysis,a2cc0f67ebd705c55191e25a05ba23d885fcc09b,0,0,True
ndAZjHqzzT8,UgwovhZaCiV0r6XOH_R4AaABAg,Internet: escoger el menos malo,Quorum,UCE4rsXcgDb6e1-a9iTbWzfg,@rwdm76,UCVC2QugcI1G4RvlCiUqd1aQ,excelente,@quorumgt/videos,channel,quorum_complete_comments.csv | youtube_guatemala_plus_comments.csv,/@rwdm76,hace 1 año,,0,False,,excelente                                                                                                                                                                                                                                                                                                                                                                                                                                                                                                                                                                                                                                                                                                                                                                                                                                                                                                                                                                                                                                                       ,False,0,excelente,False,[],[],[],0,excelente,['excelente'],1024,9,excelente,classified,NEU,0.20341511070728302,0.47786203026771545,0.31872281432151794,3,False,0.47786203026771545,True,0.11530770361423492,pysentimiento/robertuito-sentiment-analysis,a2cc0f67ebd705c55191e25a05ba23d885fcc09b,7,7,True
yLZS3JiEBg8,UgwoyDvqZ6NlBCvXB7t4AaABAg,Arroz con pollo a la MONOPOLIO,Quorum,UCE4rsXcgDb6e1-a9iTbWzfg,@herminiasaquimux7565,UCXVLc8CmAO813ubM-fLvCDw,"Ahora comprendí porque los cañeros y grupo cacif, estan contra la ley de competencia y siguen tratando de impedir su discusión en el legislativo.",@quorumgt/videos,channel,quorum_complete_comments.csv | youtube_guatemala_plus_comments.csv,/@herminiasaquimux7565,hace 2 años,7.0,0,False,,"Ahora comprendí porque los cañeros y grupo cacif, estan contra la ley de competencia y siguen tratando de impedir su discusión en el legislativo.                                                                                                                                                                                                                                                                                                                                                                                                                                                                                                                                                                                                                                                                                                                                                                                                                                                                                                             ",True,7,ahora comprendí porque los cañeros y grupo cacif estan contra la ley de competencia y siguen tratando de impedir su discusión en el legislativo,False,[],[],[],0,comprendí cañero grupo cacif ley competencia seguir tratar impedir discusión legislativo,"['comprendí', 'cañero', 'grupo', 'cacif', 'ley', 'competencia', 'seguir', 'tratar', 'impedir', 'discusión', 'legislativo']",1022,88,"Ahora comprendí porque los cañeros y grupo cacif, estan contra la ley de competencia y siguen tratando de impedir su discusión en el legislativo.",classified,NEG,0.96089106798172,0.034625839442014694,0.004483030643314123,30,False,0.96089106798172,False,-0.9564080373384058,pysentimiento/robertuito-sentiment-analysis,a2cc0f67ebd705c55191e25a05ba23d885fcc09b,7,7,True
n8iP75gIpmw,Ugwp1SacIqA0qS_netd4AaABAg,Qué rico come tu diputado,Quorum,UCE4rsXcgDb6e1-a9iTbWzfg,@TeresaLucero-b5o,UCwW2OFy95P7ZBkOPxWkpvYg,No se justifica nada... es su obligación trabajar...,@quorumgt/videos,channel,quorum_complete_comments.csv | youtube_guatemala_plus_comments.csv,/@TeresaLucero-b5o,hace 2 años,1.0,0,False,,No se justifica nada... es su obligación trabajar...                                                                                                                                                                                                                                                                                                                                                                                                                                                                                                                                                                                                                                                                                                                                                                                                                                                                                                                                                                                                            ,True,1,no se justifica nada es su obligación trabajar,False,[],[],[],0,justificar obligación trabajar,"['justificar', 'obligación', 'trabajar']",1024,30,No se justifica nada... es su obligación trabajar...,classified,NEG,0.7505589127540588,0.22923915088176727,0.020202020183205605,11,False,0.7505589127540588,False,-0.7303568925708532,pysentimiento/robertuito-sentiment-analysis,a2cc0f67ebd705c55191e25a05ba23d885fcc09b,0,0,True
n8iP75gIpmw,UgwpY9PE_PBfwa2_g_N4AaABAg,Qué rico come tu diputado,Quorum,UCE4rsXcgDb6e1-a9iTbWzfg,@marioajset4283,UC3XTwHxygNCgjndsg-UiCQA,"Repito como siempre, cuantas horas hombre de trabajo se pagan por el cansancio y fatiga del pueblo que hacen productivo al país y que generan renta gravada para los contribuyentes, solo para que estos infelices se den estos gustos.",@quorumgt/videos,channel,quorum_complete_comments.csv | youtube_guatemala_plus_comments.csv,/@marioajset4283,hace 2 años,1.0,0,False,,"Repito como siempre, cuantas horas hombre de trabajo se pagan por el cansancio y fatiga del pueblo que hacen productivo al país y que generan renta gravada para los contribuyentes, solo para que estos infelices se den estos gustos.                                                                                                                                                                                                                                                                                                                                                                                                                                                                                                                                                                                                                                                                                                                                                                                                                       ",True,1,repito como siempre cuantas horas hombre de trabajo se pagan por el cansancio y fatiga del pueblo que hacen productivo al país y que generan renta gravada para los contribuyentes solo para que estos infelices se den estos gustos,False,[],[],[],0,repito hora hombre trabajo pagar cansancio fatiga pueblo productivo país generar renta gravado contribuyente infeliz dar gusto,"['repito', 'hora', 'hombre', 'trabajo', 'pagar', 'cansancio', 'fatiga', 'pueblo', 'productivo', 'país', 'generar', 'renta', 'gravado', 'contribuyente', 'infeliz', 'dar', 'gusto']",1022,126,"Repito como siempre, cuantas horas hombre de trabajo se pagan por el cansancio y fatiga del pueblo que hacen productivo al país y que generan renta gravada para los contribuyentes, solo para que estos infelices se den estos gustos.",classified,NEG,0.9817752838134766,0.015528823249042034,0.0026959001552313566,47,False,0.9817752838134766,False,-0.9790793836582452,pysentimiento/robertuito-sentiment-analysis,a2cc0f67ebd705c55191e25a05ba23d885fcc09b,0,0,True
j43HgwYFKfk,Ugwqsca_nj4eGguiyTJ4AaABAg,La cooptación de Walter Mazariegos en la USAC,Quorum,UCE4rsXcgDb6e1-a9iTbWzfg,@marlenareano-h4t,UCgQw_Sbq3ugruDUKsq1e0-A,"buen reportaje, tristeza da q la USAC este coptada por esos corruptos.",@quorumgt,topic,j43HgwYFKfk_out_comments.csv | quorum_complete_comments.csv | youtube_guatemala_plus_comments.csv,/@marlenareano-h4t,hace 6 meses,,0,False,,"buen reportaje, tristeza da q la USAC este coptada por esos corruptos.                                                                                                                                                                                                                                                                                                                                                                                                                                                                                                                                                                                                                                                                                                                                                                                                                                                                                                                                                                                        ",False,0,buen reportaje tristeza da q la usac este coptada por esos corruptos,False,[],[],[],0,reportaje tristeza q usac coptado corrupto,"['reportaje', 'tristeza', 'q', 'usac', 'coptado', 'corrupto']",1022,42,"buen reportaje, tristeza da q la USAC este coptada por esos corruptos.",classified,NEG,0.9800505042076111,0.014930793084204197,0.0050186761654913425,17,False,0.9800505042076111,False,-0.9750318280421197,pysentimiento/robertuito-sentiment-analysis,a2cc0f67ebd705c55191e25a05ba23d885fcc09b,1,1,True
n8iP75gIpmw,UgwrIvqGid-S983oU9J4AaABAg,Qué rico come tu diputado,Quorum,UCE4rsXcgDb6e1-a9iTbWzfg,@raquelprado3643,UCL13XhnRzbGokEkCkEOb0-g,Por querer justificarse le sacaron a luz sus artadas a costillas del pobre pueblo de Guatemala,@quorumgt/videos,channel,quorum_complete_comments.csv | youtube_guatemala_plus_comments.csv,/@raquelprado3643,hace 2 años,1.0,0,False,,Por querer justificarse le sacaron a luz sus artadas a costillas del pobre pueblo de Guatemala                                                                                                                                                                                                                                                                                                                                                                                                                                                                                                                                                                                                                                                                                                                                                                                                                                                                                                                                                                  ,True,1,por querer justificarse le sacaron a luz sus artadas a costillas del pobre pueblo de guatemala,False,[],[],[],0,querer justificar él sacar luz artada costilla pobre pueblo guatemala,"['querer', 'justificar él', 'sacar', 'luz', 'artada', 'costilla', 'pobre', 'pueblo', 'guatemala']",1024,69,Por querer justificarse le sacaron a luz sus artadas a costillas del pobre pueblo de Guatemala,classified,NEG,0.9381494522094727,0.04809393361210823,0.013756591826677322,21,False,0.9381494522094727,False,-0.9243928603827953,pysentimiento/robertuito-sentiment-analysis,a2cc0f67ebd705c55191e25a05ba23d885fcc09b,0,0,True
n8iP75gIpmw,UgwsCWap2Jq1pNrLOWl4AaABAg,Qué rico come tu diputado,Quorum,UCE4rsXcgDb6e1-a9iTbWzfg,@MacarioMartinezruiz,UCQtSFINs1h6GHkpg9o5kMvg,Lo felicito  periodista de alto valor por decirle la verdad al diputado Rodas,@quorumgt/videos,channel,quorum_complete_comments.csv | youtube_guatemala_plus_comments.csv,/@MacarioMartinezruiz,hace 2 años,12.0,0,False,,Lo felicito  periodista de alto valor por decirle la verdad al diputado Rodas                                                                                                                                                                                                                                                                                                                                                                                                                                                                                                                                                                                                                                                                                                                                                                                                                                                                                                                                                                                   ,True,12,lo felicito periodista de alto valor por decirle la verdad al diputado rodas,False,[],[],[],0,felicito periodista alto valor decir él diputado roda,"['felicito', 'periodista', 'alto', 'valor', 'decir él', 'diputado', 'roda']",1024,53,Lo felicito  periodista de alto valor por decirle la verdad al diputado Rodas,classified,POS,0.021509941667318344,0.06225550174713135,0.9162344932556152,17,False,0.9162344932556152,False,0.8947245515882969,pysentimiento/robertuito-sentiment-analysis,a2cc0f67ebd705c55191e25a05ba23d885fcc09b,0,0,True
06mFNPU0aB8,UgwtcR5U0FAkeZsiVVt4AaABAg,Capturan a presuntos delincuentes disfrazados de mujer señalados de cometer asalto,Noti7,UCVpSRoZgngfSL03Nlbjtq9A,@juliohernandez7438,UC2ngpd8UBQu4gcUYy0goAtg,Metanlos a la carcel y como se bisten de mujer que les echen chuso por maricones,guatemala noticias,topic,youtube_guatemala_comments.csv | youtube_guatemala_plus_comments.csv,/@juliohernandez7438,hace 2 semanas,,0,False,,Metanlos a la carcel y como se bisten de mujer que les echen chuso por maricones                                                                                                                                                                                                                                                                                                                                                                                                                                                                                                                                                                                                                                                                                                                                                                                                                                                                                                                                                                                ,False,0,metanlos a la carcel y como se bisten de mujer que les echen chuso por maricones,False,[],[],[],0,metan él carcel bistar mujer echar chuso maricón,"['metan él', 'carcel', 'bistar', 'mujer', 'echar', 'chuso', 'maricón']",1024,48,Metanlos a la carcel y como se bisten de mujer que les echen chuso por maricones,classified,NEG,0.8489302396774292,0.1290113776922226,0.022058404982089996,22,False,0.8489302396774292,False,-0.8268718346953392,pysentimiento/robertuito-sentiment-analysis,a2cc0f67ebd705c55191e25a05ba23d885fcc09b,6,6,True
PjmxCj-a9Hg,Ugwvm2HYh08HI1HkcXV4AaABAg,Conferencia de Prensa del Gobierno de Guatemala. #LaRondaGt,Gobierno de la República de Guatemala,UC-ZtFBHzgkYFh7whZkuR_Ag,@Burgos68,UC7IMsCxfZyWN7YQo8-JYa6Q,"Muchísimas gracias Sr. y excelentísimo Presidente Constitucional de la República de Guatemala,  por trabajar enormemente por todos los ciudadanos y también por unir sus esfuerzos con el Gobierno de los Estados Unidos Mexicanos,  porque el Turismo va hacer el mejor puente para incrementar la economía de todas aquellas personas al rededor del mundo, que quieran conocer más de esta cultura Maya compartida y la cual nos hace sentirnos hermanos con ese gran país. MÉXICO Y GUATEMALA UNIDOS POR SIEMPRE 💕",@GobiernodeGuatemala,topic,PjmxCj-a9Hg_out_comments.csv | youtube_guatemala_plus_comments.csv,/@Burgos68,hace 1 año (editado),1.0,0,False,,"Muchísimas gracias Sr. y excelentísimo Presidente Constitucional de la República de Guatemala,  por trabajar enormemente por todos los ciudadanos y también por unir sus esfuerzos con el Gobierno de los Estados Unidos Mexicanos,  porque el Turismo va hacer el mejor puente para incrementar la economía de todas aquellas personas al rededor del mundo, que quieran conocer más de esta cultura Maya compartida y la cual nos hace sentirnos hermanos con ese gran país. MÉXICO Y GUATEMALA UNIDOS POR SIEMPRE 💕                                                                                                                                                                                                                                                                                                                                                                                                                                                                                                                                       ",True,1,muchísimas gracias sr y excelentísimo presidente constitucional de la república de guatemala por trabajar enormemente por todos los ciudadanos y también por unir sus esfuerzos con el gobierno de los estados unidos mexicanos porque el turismo va hacer el mejor puente para incrementar la economía de todas aquellas personas al rededor del mundo que quieran conocer más de esta cultura maya compartida y la cual nos hace sentirnos hermanos con ese gran país méxico y guatemala unidos por siempre,False,[],[],['💕'],1,muchísimo gracias sr excelentísimo presidente constitucional república guatemala trabajar enormemente ciudadano unir esfuerzo gobierno unido mexicano turismo puente incrementar economía persona rededor mundo querer cultura maya compartido sentir yo hermano país méxico guatemala unido,"['muchísimo', 'gracias', 'sr', 'excelentísimo', 'presidente', 'constitucional', 'república', 'guatemala', 'trabajar', 'enormemente', 'ciudadano', 'unir', 'esfuerzo', 'gobierno', 'unido', 'mexicano', 'turismo', 'puente', 'incrementar', 'economía', 'persona', 'rededor', 'mundo', 'querer', 'cultura', 'maya', 'compartido', 'sentir yo', 'hermano', 'país', 'méxico', 'guatemala', 'unido']",1021,284,"Muchísimas gracias Sr. y excelentísimo Presidente Constitucional de la República de Guatemala,  por trabajar enormemente por todos los ciudadanos y también por unir sus esfuerzos con el Gobierno de los Estados Unidos Mexicanos,  porque el Turismo va hacer el mejor puente para incrementar la economía de todas aquellas personas al rededor del mundo, que quieran conocer más de esta cultura Maya compartida y la cual nos hace sentirnos hermanos con ese gran país. MÉXICO Y GUATEMALA UNIDOS POR SIEMPRE  emoji dos corazones emoji",classified,POS,0.007008686196058989,0.03900517523288727,0.9539861083030701,99,False,0.9539861083030701,False,0.9469774221070111,pysentimiento/robertuito-sentiment-analysis,a2cc0f67ebd705c55191e25a05ba23d885fcc09b,4,4,True
n8iP75gIpmw,UgwvvK1L0aLOhCMUzfN4AaABAg,Qué rico come tu diputado,Quorum,UCE4rsXcgDb6e1-a9iTbWzfg,@GilmarMaldonado-q9m,UCzSfZlOVxBSs5ObD25ywxDQ,Y haci vienen corriéndo para que él pueblo voté por ustedes no piensan en él pueblo que está sufriendo por un sueldo minusioso partida de ladrones corruptos hijos de la fiscal nietos de giamatey hijastros de Miguel Martínez sinó gana en el congreso renuncien también aprueben la ley para sacar ala fiscal aganlo,@quorumgt/videos,channel,quorum_complete_comments.csv | youtube_guatemala_plus_comments.csv,/@GilmarMaldonado-q9m,hace 2 años,,0,False,,Y haci vienen corriéndo para que él pueblo voté por ustedes no piensan en él pueblo que está sufriendo por un sueldo minusioso partida de ladrones corruptos hijos de la fiscal nietos de giamatey hijastros de Miguel Martínez sinó gana en el congreso renuncien también aprueben la ley para sacar ala fiscal aganlo                                                                                                                                                                                                                                                                                                                                                                                                                                                                                                                                                                                                                                                                                                                                         ,False,0,y haci vienen corriéndo para que él pueblo voté por ustedes no piensan en él pueblo que está sufriendo por un sueldo minusioso partida de ladrones corruptos hijos de la fiscal nietos de giamatey hijastros de miguel martínez sinó gana en el congreso renuncien también aprueben la ley para sacar ala fiscal aganlo,False,[],[],[],0,haci venir corriéndo pueblo voté pensar pueblo sufrir sueldo minusioso partida ladrón corrupto hijo fiscal nieto giamatey hijastro miguel martínez sinar ganar congreso renuncien apruebir ley sacar ala fiscal aganlo,"['haci', 'venir', 'corriéndo', 'pueblo', 'voté', 'pensar', 'pueblo', 'sufrir', 'sueldo', 'minusioso', 'partida', 'ladrón', 'corrupto', 'hijo', 'fiscal', 'nieto', 'giamatey', 'hijastro', 'miguel', 'martínez', 'sinar', 'ganar', 'congreso', 'renuncien', 'apruebir', 'ley', 'sacar', 'ala', 'fiscal', 'aganlo']",1024,214,Y haci vienen corriéndo para que él pueblo voté por ustedes no piensan en él pueblo que está sufriendo por un sueldo minusioso partida de ladrones corruptos hijos de la fiscal nietos de giamatey hijastros de Miguel Martínez sinó gana en el congreso renuncien también aprueben la ley para sacar ala fiscal aganlo,classified,NEG,0.9671024680137634,0.028192652389407158,0.004704918246716261,67,False,0.9671024680137634,False,-0.9623975497670472,pysentimiento/robertuito-sentiment-analysis,a2cc0f67ebd705c55191e25a05ba23d885fcc09b,0,0,True
n8iP75gIpmw,UgwwH4OIcVCCN6SbBX14AaABAg,Qué rico come tu diputado,Quorum,UCE4rsXcgDb6e1-a9iTbWzfg,@kanterra4584,UCLFdHr9BEbXHkoJopbEPLZw,"Deberían ir a comer al mercado central les queda cerca, llegan a pie y contribuyen con la pequeña empresa.
                                                                                                                                                                                                                                                                                               Ir a donde van y pagar con dinero de los tributos es lujurioso e insulta al pueblo soberano.",@quorumgt/videos,channel,quorum_complete_comments.csv | youtube_guatemala_plus_comments.csv,/@kanterra4584,hace 2 años,13.0,0,False,,"Deberían ir a comer al mercado central les queda cerca, llegan a pie y contribuyen con la pequeña empresa.
                                                                                                                                                                                                                                                                                               Ir a donde van y pagar con dinero de los tributos es lujurioso e insulta al pueblo soberano.                                                                                                                                                                                                                                                                                                                                                                                                                                                                                                                                                                                                                                                                                                                                                                                                                                                                                                                                                                   ",True,13,deberían ir a comer al mercado central les queda cerca llegan a pie y contribuyen con la pequeña empresa ir a donde van y pagar con dinero de los tributos es lujurioso e insulta al pueblo soberano,False,[],[],[],0,deber comer mercado central quedar cerca llegar pie contribuir pequeño empresa pagar dinero tributo lujurioso insulta pueblo soberano,"['deber', 'comer', 'mercado', 'central', 'quedar', 'cerca', 'llegar', 'pie', 'contribuir', 'pequeño', 'empresa', 'pagar', 'dinero', 'tributo', 'lujurioso', 'insulta', 'pueblo', 'soberano']",1418,133,"Deberían ir a comer al mercado central les queda cerca, llegan a pie y contribuyen con la pequeña empresa.
   Ir a donde van y pagar con dinero de los tributos es lujurioso e insulta al pueblo soberano.",classified,NEG,0.9676783084869385,0.026489483192563057,0.00583217479288578,49,False,0.9676783084869385,False,-0.9618461336940527,pysentimiento/robertuito-sentiment-analysis,a2cc0f67ebd705c55191e25a05ba23d885fcc09b,0,0,True
n8iP75gIpmw,UgwwKfLmhHVU-Oxzqtl4AaABAg,Qué rico come tu diputado,Quorum,UCE4rsXcgDb6e1-a9iTbWzfg,@vanigomez492,UCNkcuy42zEwddwEcOd_HpnA,"No justifico lo del diputado, pero quisiera ver una entrevista similar en la administración anterior, ahí no! Porq tambien a los d con criterio les salpicaba la corrupción",@quorumgt/videos,channel,quorum_complete_comments.csv | youtube_guatemala_plus_comments.csv,/@vanigomez492,hace 2 años,3.0,0,False,,"No justifico lo del diputado, pero quisiera ver una entrevista similar en la administración anterior, ahí no! Porq tambien a los d con criterio les salpicaba la corrupción                                                                                                                                                                                                                                                                                                                                                                                                                                                                                                                                                                                                                                                                                                                                                                                                                                                                                   ",True,3,no justifico lo del diputado pero quisiera ver una entrevista similar en la administración anterior ahí no porq tambien a los d con criterio les salpicaba la corrupción,False,[],[],[],0,justifico diputado querer entrevista similar administración porq d criterio salpicar corrupción,"['justifico', 'diputado', 'querer', 'entrevista', 'similar', 'administración', 'porq', 'd', 'criterio', 'salpicar', 'corrupción']",1022,95,"No justifico lo del diputado, pero quisiera ver una entrevista similar en la administración anterior, ahí no! Porq tambien a los d con criterio les salpicaba la corrupción",classified,NEG,0.856189489364624,0.13144175708293915,0.012368686497211456,34,False,0.856189489364624,False,-0.8438208028674126,pysentimiento/robertuito-sentiment-analysis,a2cc0f67ebd705c55191e25a05ba23d885fcc09b,0,0,True
ndAZjHqzzT8,UgwwPrhCy2levkb6TRd4AaABAg,Internet: escoger el menos malo,Quorum,UCE4rsXcgDb6e1-a9iTbWzfg,@ULJoshmg2011,UCJp3OrVYcBorC94sKwdch_A,"Otro detalle muy interesante es para la mayoría que usamos líneas prepago; hay muchos abusos por parte de las empresas, una de ellas por ejemplo te roba el saldo cuando haces una recarga sin haberte asignado ningún paquete; aluden a que sino te asignas un paquete el consumo del saldo corre si usas internet; una recarga de Q100 se consume en 5 min.  Esto no está regulado  la verdad en Guate; la otra compañía es más legal en esto; almenos no te permite navegar sino has asignado paquete. El monopolio nunca será nada bueno, en mi caso opté por quitar cable y servicios asociados tuve demasiados abusos, cobros anticipados,  costos  muy altos y final quedas indefenso. Solo opté por un prepago para Internet lo mínimo necesario, para poder ver YouTube. No consumimos nada más, dejamos de ver TV desde la pandemia, es mejor leer y escuchar la radio, no hay que darles gusto a estas empresas que abusan y roban.  Los que puedan tener internet satelital los felicito es mejor que la corrupcion de las dos empresas  actuales.",@quorumgt/videos,channel,quorum_complete_comments.csv | youtube_guatemala_plus_comments.csv,/@ULJoshmg2011,hace 1 año,,0,False,,"Otro detalle muy interesante es para la mayoría que usamos líneas prepago; hay muchos abusos por parte de las empresas, una de ellas por ejemplo te roba el saldo cuando haces una recarga sin haberte asignado ningún paquete; aluden a que sino te asignas un paquete el consumo del saldo corre si usas internet; una recarga de Q100 se consume en 5 min.  Esto no está regulado  la verdad en Guate; la otra compañía es más legal en esto; almenos no te permite navegar sino has asignado paquete. El monopolio nunca será nada bueno, en mi caso opté por quitar cable y servicios asociados tuve demasiados abusos, cobros anticipados,  costos  muy altos y final quedas indefenso. Solo opté por un prepago para Internet lo mínimo necesario, para poder ver YouTube. No consumimos nada más, dejamos de ver TV desde la pandemia, es mejor leer y escuchar la radio, no hay que darles gusto a estas empresas que abusan y roban.  Los que puedan tener internet satelital los felicito es mejor que la corrupcion de las dos empresas  actuales.",False,0,otro detalle muy interesante es para la mayoría que usamos líneas prepago hay muchos abusos por parte de las empresas una de ellas por ejemplo te roba el saldo cuando haces una recarga sin haberte asignado ningún paquete aluden a que sino te asignas un paquete el consumo del saldo corre si usas internet una recarga de q se consume en min esto no está regulado la verdad en guate la otra compañía es más legal en esto almenos no te permite navegar sino has asignado paquete el monopolio nunca será nada bueno en mi caso opté por quitar cable y servicios asociados tuve demasiados abusos cobros anticipados costos muy altos y final quedas indefenso solo opté por un prepago para internet lo mínimo necesario para poder ver youtube no consumimos nada más dejamos de ver tv desde la pandemia es mejor leer y escuchar la radio no hay que darles gusto a estas empresas que abusan y roban los que puedan tener internet satelital los felicito es mejor que la corrupcion de las dos empresas actuales,False,[],[],[],0,detalle interesante mayoría línea prepago abuso empresa ejemplo robar saldo recarga haberte asignar paquete aludir asignar paquete consumo saldo correr internet recarga q consumir min regulado guate compañía legal almeno permitir navegar haber asignar paquetir monopolio caso optar quitar cable servicio asociado tener demasiado abuso cobro anticipado costo alto queda indefenso optar prepago internet mínimo necesario youtube consumir dejar tv pandemia leer escuchar radio dar él gusto empresa abusar robar poder internet satelital felicito corrupcion empresa actual,"['detalle', 'interesante', 'mayoría', 'línea', 'prepago', 'abuso', 'empresa', 'ejemplo', 'robar', 'saldo', 'recarga', 'haberte', 'asignar', 'paquete', 'aludir', 'asignar', 'paquete', 'consumo', 'saldo', 'correr', 'internet', 'recarga', 'q', 'consumir', 'min', 'regulado', 'guate', 'compañía', 'legal', 'almeno', 'permitir', 'navegar', 'haber', 'asignar', 'paquetir', 'monopolio', 'caso', 'optar', 'quitar', 'cable', 'servicio', 'asociado', 'tener', 'demasiado', 'abuso', 'cobro', 'anticipado', 'costo', 'alto', 'queda', 'indefenso', 'optar', 'prepago', 'internet', 'mínimo', 'necesario', 'youtube', 'consumir', 'dejar', 'tv', 'pandemia', 'leer', 'escuchar', 'radio', 'dar él', 'gusto', 'empresa', 'abusar', 'robar', 'poder', 'internet', 'satelital', 'felicito', 'corrupcion', 'empresa', 'actual']",1022,567,"Otro detalle muy interesante es para la mayoría que usamos líneas prepago; hay muchos abusos por parte de las empresas, una de ellas por ejemplo te roba el saldo cuando haces una recarga sin haberte asignado ningún paquete; aluden a que sino te asignas un paquete el consumo del saldo corre si usas internet; una recarga de Q100 se consume en 5 min.  Esto no está regulado  la verdad en Guate; la otra compañía es más legal en esto; almenos no te permite navegar sino has asignado paquete. El monopolio nunca será nada bueno, en mi caso opté por quitar cable y servicios asociados tuve demasiados abusos, cobros anticipados,  costos  muy altos y final quedas indefenso. Solo opté por un prepago para Internet lo mínimo necesario, para poder ver YouTube. No consumimos nada más, dejamos de ver TV desde la pandemia, es mejor leer y escuchar la radio, no hay que darles gusto a estas empresas que abusan y roban.  Los que puedan tener internet satelital los felicito es mejor que la corrupcion de las dos empresas  actuales.",classified,NEG,0.9671952128410339,0.03051943890750408,0.0022853456903249025,220,True,0.9671952128410339,False,-0.964909867150709,pysentimiento/robertuito-sentiment-analysis,a2cc0f67ebd705c55191e25a05ba23d885fcc09b,7,7,True
is3Mk5oC19g,UgwxjmtBoAozs0ZUAcd4AaABAg,Capturan a ladrón que había quedado grabado mientras robaba en una parroquia de Retalhuleu,TN23 Guatemala,UCt5Dw7ePnn0AqPqRF8Xpjkw,@MarcosCarillo-b1r,UCdFlugHJJa4l3YqWuNRmvXw,Al que tienen que enjuiciar es al comparator por comparator obgwtos robados,guatemala noticias,topic,youtube_guatemala_comments.csv | youtube_guatemala_plus_comments.csv,/@MarcosCarillo-b1r,hace 1 día,,1,False,,Al que tienen que enjuiciar es al comparator por comparator obgwtos robados                                                                                                                                                                                                                                                                                                                                                                                                                                                                                                                                                                                                                                                                                                                                                                                                                                                                                                                                                                                     ,False,0,al que tienen que enjuiciar es al comparator por comparator obgwtos robados,False,[],[],[],0,enjuiciar comparator comparator obgwto robado,"['enjuiciar', 'comparator', 'comparator', 'obgwto', 'robado']",1024,45,Al que tienen que enjuiciar es al comparator por comparator obgwtos robados,classified,NEG,0.9079324007034302,0.0777178406715393,0.014349768869578838,21,False,0.9079324007034302,False,-0.8935826318338513,pysentimiento/robertuito-sentiment-analysis,a2cc0f67ebd705c55191e25a05ba23d885fcc09b,15,15,True
is3Mk5oC19g,UgwxjmtBoAozs0ZUAcd4AaABAg.AaAbqoGVGipAaAjNG9oPRN,Capturan a ladrón que había quedado grabado mientras robaba en una parroquia de Retalhuleu,TN23 Guatemala,UCt5Dw7ePnn0AqPqRF8Xpjkw,@JoelReynoso-d4r,UCLh1Kde4_vI1sTZBkTNP7RQ,que?,guatemala noticias,topic,youtube_guatemala_comments.csv | youtube_guatemala_plus_comments.csv,/@JoelReynoso-d4r,hace 1 día,,0,False,,que?                                                                                                                                                                                                                                                                                                                                                                                                                                                                                                                                                                                                                                                                                                                                                                                                                                                                                                                                                                                                                                                            ,False,0,que,False,[],[],[],0,,[],1024,0,que?,classified,NEU,0.2142745405435562,0.5860717296600342,0.19965368509292603,3,False,0.5860717296600342,True,-0.014620855450630188,pysentimiento/robertuito-sentiment-analysis,a2cc0f67ebd705c55191e25a05ba23d885fcc09b,15,15,True
n8iP75gIpmw,UgwypjUeZBU45DrrW0d4AaABAg,Qué rico come tu diputado,Quorum,UCE4rsXcgDb6e1-a9iTbWzfg,@thelmamoran8565,UCThW2XNsAaBKme5PUt7n-Zg,Yo no entiendo por qué están ahorita con todas estas cosas por qué no lo hacían cuando estaban los corruptos Alvaro Arzú Alan Rodríguez. La señora está evangélica que acaba de salir no entiendo por qué no les decían eso a ellos porque tiene que ser hasta ahora es tonto,@quorumgt/videos,channel,quorum_complete_comments.csv | youtube_guatemala_plus_comments.csv,/@thelmamoran8565,hace 2 años,,0,False,,Yo no entiendo por qué están ahorita con todas estas cosas por qué no lo hacían cuando estaban los corruptos Alvaro Arzú Alan Rodríguez. La señora está evangélica que acaba de salir no entiendo por qué no les decían eso a ellos porque tiene que ser hasta ahora es tonto                                                                                                                                                                                                                                                                                                                                                                                                                                                                                                                                                                                                                                                                                                                                                                                   ,False,0,yo no entiendo por qué están ahorita con todas estas cosas por qué no lo hacían cuando estaban los corruptos alvaro arzú alan rodríguez la señora está evangélica que acaba de salir no entiendo por qué no les decían eso a ellos porque tiene que ser hasta ahora es tonto,False,[],[],[],0,entender ahoritar cosa hacer corrupto alvaro arzú alan rodríguez señora evangélico acabar salir entender decir tonto,"['entender', 'ahoritar', 'cosa', 'hacer', 'corrupto', 'alvaro', 'arzú', 'alan', 'rodríguez', 'señora', 'evangélico', 'acabar', 'salir', 'entender', 'decir', 'tonto']",1024,116,Yo no entiendo por qué están ahorita con todas estas cosas por qué no lo hacían cuando estaban los corruptos Alvaro Arzú Alan Rodríguez. La señora está evangélica que acaba de salir no entiendo por qué no les decían eso a ellos porque tiene que ser hasta ahora es tonto,classified,NEG,0.9675392508506775,0.02942359820008278,0.0030371255706995726,57,False,0.9675392508506775,False,-0.9645021252799779,pysentimiento/robertuito-sentiment-analysis,a2cc0f67ebd705c55191e25a05ba23d885fcc09b,0,0,True
n8iP75gIpmw,Ugwz_6qtdDTbTWEUQQ94AaABAg,Qué rico come tu diputado,Quorum,UCE4rsXcgDb6e1-a9iTbWzfg,@maxwellsales885,UC6YSZqL0vEcI-niPKIMUGfw,"Ni el mismo lo cree, estos son sinverguenzas y se pasan de pija, cómo se sentirá la familia tener a alguien mañoso, mafioso, sin vergüenza como marido y como padre, es triste",@quorumgt/videos,channel,quorum_complete_comments.csv | youtube_guatemala_plus_comments.csv,/@maxwellsales885,hace 2 años,2.0,0,False,,"Ni el mismo lo cree, estos son sinverguenzas y se pasan de pija, cómo se sentirá la familia tener a alguien mañoso, mafioso, sin vergüenza como marido y como padre, es triste                                                                                                                                                                                                                                                                                                                                                                                                                                                                                                                                                                                                                                                                                                                                                                                                                                                                                ",True,2,ni el mismo lo cree estos son sinverguenzas y se pasan de pija cómo se sentirá la familia tener a alguien mañoso mafioso sin vergüenza como marido y como padre es triste,False,[],[],[],0,creer sinverguenza pasar pija sentir familia alguien mañoso mafioso vergüenza marido padre triste,"['creer', 'sinverguenza', 'pasar', 'pija', 'sentir', 'familia', 'alguien', 'mañoso', 'mafioso', 'vergüenza', 'marido', 'padre', 'triste']",1022,97,"Ni el mismo lo cree, estos son sinverguenzas y se pasan de pija, cómo se sentirá la familia tener a alguien mañoso, mafioso, sin vergüenza como marido y como padre, es triste",classified,NEG,0.9856871962547302,0.010808602906763554,0.003504125401377678,43,False,0.9856871962547302,False,-0.9821830708533525,pysentimiento/robertuito-sentiment-analysis,a2cc0f67ebd705c55191e25a05ba23d885fcc09b,0,0,True
n8iP75gIpmw,Ugx-G2kCu5aSwh3IR5l4AaABAg,Qué rico come tu diputado,Quorum,UCE4rsXcgDb6e1-a9iTbWzfg,@LE_A22,UCNBnKqWf4d-rS4HwJRQljmQ,"Y CUANDO VAN HABLAR DE LOS GASTOS DEL PRESIDENTE? La carne la bomba de la piscina los salarios exagerados,los aumentos incluso el nepotismo? ó a él no? De él no se puede hablar? Los regañan?",@quorumgt/videos,channel,quorum_complete_comments.csv | youtube_guatemala_plus_comments.csv,/@LE_A22,hace 2 años,1.0,0,False,,"Y CUANDO VAN HABLAR DE LOS GASTOS DEL PRESIDENTE? La carne la bomba de la piscina los salarios exagerados,los aumentos incluso el nepotismo? ó a él no? De él no se puede hablar? Los regañan?                                                                                                                                                                                                                                                                                                                                                                                                                                                                                                                                                                                                                                                                                                                                                                                                                                                                ",True,1,y cuando van hablar de los gastos del presidente la carne la bomba de la piscina los salarios exagerados los aumentos incluso el nepotismo ó a él no de él no se puede hablar los regañan,False,[],[],[],0,hablar gasto presidente carne bomba piscina salario exagerado aumento nepotismo ó hablar regañar,"['hablar', 'gasto', 'presidente', 'carne', 'bomba', 'piscina', 'salario', 'exagerado', 'aumento', 'nepotismo', 'ó', 'hablar', 'regañar']",1022,96,"Y CUANDO VAN HABLAR DE LOS GASTOS DEL PRESIDENTE? La carne la bomba de la piscina los salarios exagerados,los aumentos incluso el nepotismo? ó a él no? De él no se puede hablar? Los regañan?",classified,NEG,0.9523075819015503,0.044807445257902145,0.0028849574737250805,47,False,0.9523075819015503,False,-0.9494226244278252,pysentimiento/robertuito-sentiment-analysis,a2cc0f67ebd705c55191e25a05ba23d885fcc09b,0,0,True
06mFNPU0aB8,Ugx-cQ3Wf3whk_hssDR4AaABAg,Capturan a presuntos delincuentes disfrazados de mujer señalados de cometer asalto,Noti7,UCVpSRoZgngfSL03Nlbjtq9A,@elsalvador3605,UCO0zwwLWGyDgQmWPJ5Qrr1w,Por qué siempre tapan la cara de los delincuentes,guatemala noticias,topic,youtube_guatemala_comments.csv | youtube_guatemala_plus_comments.csv,/@elsalvador3605,hace 2 semanas,3.0,0,False,,Por qué siempre tapan la cara de los delincuentes                                                                                                                                                                                                                                                                                                                                                                                                                                                                                                                                                                                                                                                                                                                                                                                                                                                                                                                                                                                                               ,True,3,por qué siempre tapan la cara de los delincuentes,False,[],[],[],0,tapar cara delincuente,"['tapar', 'cara', 'delincuente']",1024,22,Por qué siempre tapan la cara de los delincuentes,classified,NEG,0.9158505797386169,0.07603966444730759,0.008109692484140396,12,False,0.9158505797386169,False,-0.9077408872544765,pysentimiento/robertuito-sentiment-analysis,a2cc0f67ebd705c55191e25a05ba23d885fcc09b,6,6,True
j43HgwYFKfk,Ugx-hH6Ysw9sdv3kHPN4AaABAg,La cooptación de Walter Mazariegos en la USAC,Quorum,UCE4rsXcgDb6e1-a9iTbWzfg,@Silviazea,UCwjUvRseNtJoItylIyIez7Q,¡Fuera esa basura de mazariegos!,@quorumgt/videos,channel,quorum_complete_comments.csv | youtube_guatemala_plus_comments.csv,/@Silviazea,hace 1 año,,0,False,,¡Fuera esa basura de mazariegos!                                                                                                                                                                                                                                                                                                                                                                                                                                                                                                                                                                                                                                                                                                                                                                                                                                                                                                                                                                                                                                ,False,0,fuera esa basura de mazariegos,False,[],[],[],0,basura mazariego,"['basura', 'mazariego']",1024,16,¡Fuera esa basura de mazariegos!,classified,NEG,0.8668217062950134,0.09817111492156982,0.035007234662771225,12,False,0.8668217062950134,False,-0.8318144716322422,pysentimiento/robertuito-sentiment-analysis,a2cc0f67ebd705c55191e25a05ba23d885fcc09b,1,1,True
n8iP75gIpmw,Ugx1reCoIQcnK3ii2GR4AaABAg,Qué rico come tu diputado,Quorum,UCE4rsXcgDb6e1-a9iTbWzfg,@SuperVictor2005,UCTwSut16JyAg3mX6LVUNGqA,"Que gasten todo lo que les pegue la regalada gana, siempre y cuando que lo paguen con su mismo sueldo o dinero como cualquier empleado público, lo que no es admisible es  que estas ratas solo se recetan estos mega gastos por un almuerzo, porque ellos mismos se los permiten.
                                                                                                                                                                                                                                                                                               Ya basta!!! Asi como estos diputados, PNC de la capital, entre otros empleados públicos selectos tengan privilegios de esta naturaleza, mientras que otros tienen que costear transporte, alimentación, internet, entre otras cosas con su propio sueldo o dinero.",@quorumgt/videos,channel,quorum_complete_comments.csv | youtube_guatemala_plus_comments.csv,/@SuperVictor2005,hace 2 años,,0,False,,"Que gasten todo lo que les pegue la regalada gana, siempre y cuando que lo paguen con su mismo sueldo o dinero como cualquier empleado público, lo que no es admisible es  que estas ratas solo se recetan estos mega gastos por un almuerzo, porque ellos mismos se los permiten.
                                                                                                                                                                                                                                                                                               Ya basta!!! Asi como estos diputados, PNC de la capital, entre otros empleados públicos selectos tengan privilegios de esta naturaleza, mientras que otros tienen que costear transporte, alimentación, internet, entre otras cosas con su propio sueldo o dinero.                                                                                                                                                                                                                                                                                                                                                                                                                                                                                                                                                                                                                                                                                                                                                                                             ",False,0,que gasten todo lo que les pegue la regalada gana siempre y cuando que lo paguen con su mismo sueldo o dinero como cualquier empleado público lo que no es admisible es que estas ratas solo se recetan estos mega gastos por un almuerzo porque ellos mismos se los permiten ya basta asi como estos diputados pnc de la capital entre otros empleados públicos selectos tengan privilegios de esta naturaleza mientras que otros tienen que costear transporte alimentación internet entre otras cosas con su propio sueldo o dinero,False,[],[],[],0,gastar pegar regalada ganar pagar sueldo dinero empleado público admisible rata recetar megar gasto almuerzo permitir bastar diputado pnc capital empleado público selecto tener privilegio naturaleza costear transporte alimentación internet cosa sueldo dinero,"['gastar', 'pegar', 'regalada', 'ganar', 'pagar', 'sueldo', 'dinero', 'empleado', 'público', 'admisible', 'rata', 'recetar', 'megar', 'gasto', 'almuerzo', 'permitir', 'bastar', 'diputado', 'pnc', 'capital', 'empleado', 'público', 'selecto', 'tener', 'privilegio', 'naturaleza', 'costear', 'transporte', 'alimentación', 'internet', 'cosa', 'sueldo', 'dinero']",1586,258,"Que gasten todo lo que les pegue la regalada gana, siempre y cuando que lo paguen con su mismo sueldo o dinero como cualquier empleado público, lo que no es admisible es  que estas ratas solo se recetan estos mega gastos por un almuerzo, porque ellos mismos se los permiten.
   Ya basta!!! Asi como estos diputados, PNC de la capital, entre otros empleados públicos selectos tengan privilegios de esta naturaleza, mientras que otros tienen que costear transporte, alimentación, internet, entre otras cosas con su propio sueldo o dinero.",classified,NEG,0.9656355381011963,0.030061732977628708,0.004302792251110077,110,False,0.9656355381011963,False,-0.9613327458500862,pysentimiento/robertuito-sentiment-analysis,a2cc0f67ebd705c55191e25a05ba23d885fcc09b,0,0,True
n8iP75gIpmw,Ugx2ApaAMqe4ca4SCYx4AaABAg,Qué rico come tu diputado,Quorum,UCE4rsXcgDb6e1-a9iTbWzfg,@guillermogonzalez5153,UCLggDc_a5HriXv7I1h02sOA,"Hablemos de cosas relevantes,,,,y No de lo irrelevantes......jajajajaja",@quorumgt/videos,channel,quorum_complete_comments.csv | youtube_guatemala_plus_comments.csv,/@guillermogonzalez5153,hace 2 años,3.0,0,False,,"Hablemos de cosas relevantes,,,,y No de lo irrelevantes......jajajajaja                                                                                                                                                                                                                                                                                                                                                                                                                                                                                                                                                                                                                                                                                                                                                                                                                                                                                                                                                                                       ",True,3,hablemos de cosas relevantes y no de lo irrelevantes jajajajaja,False,[],[],[],0,habl cosa relevante irrelevante jajajajajar,"['habl', 'cosa', 'relevante', 'irrelevante', 'jajajajajar']",1022,43,"Hablemos de cosas relevantes,,,y No de lo irrelevantes...jaja",classified,NEU,0.14927755296230316,0.725249707698822,0.12547273933887482,15,False,0.725249707698822,False,-0.023804813623428345,pysentimiento/robertuito-sentiment-analysis,a2cc0f67ebd705c55191e25a05ba23d885fcc09b,0,0,True
n8iP75gIpmw,Ugx2LwWBVc3mFGJAinB4AaABAg,Qué rico come tu diputado,Quorum,UCE4rsXcgDb6e1-a9iTbWzfg,@ManuelEdran,UC5H8ASmMC9WrURmzeB4ySog,Ya es calor...jejej,@quorumgt/videos,channel,quorum_complete_comments.csv | youtube_guatemala_plus_comments.csv,/@ManuelEdran,hace 2 años,2.0,0,False,,Ya es calor...jejej                                                                                                                                                                                                                                                                                                                                                                                                                                                                                                                                                                                                                                                                                                                                                                                                                                                                                                                                                                                                                                             ,True,2,ya es calor jejej,False,[],[],[],0,calor jejej,"['calor', 'jejej']",1024,11,Ya es calor...jejej,classified,NEU,0.02524910680949688,0.5554472804069519,0.4193035662174225,8,False,0.5554472804069519,True,0.3940544594079256,pysentimiento/robertuito-sentiment-analysis,a2cc0f67ebd705c55191e25a05ba23d885fcc09b,0,0,True
n8iP75gIpmw,Ugx2byJzZBZkDMQMUqV4AaABAg,Qué rico come tu diputado,Quorum,UCE4rsXcgDb6e1-a9iTbWzfg,@ricardofigueroa5720,UCwO2SXr0ggzwg6QWWrr01nQ,No se le cree nada a ese diputransa,@quorumgt/videos,channel,quorum_complete_comments.csv | youtube_guatemala_plus_comments.csv,/@ricardofigueroa5720,hace 2 años,11.0,0,False,,No se le cree nada a ese diputransa                                                                                                                                                                                                                                                                                                                                                                                                                                                                                                                                                                                                                                                                                                                                                                                                                                                                                                                                                                                                                             ,True,11,no se le cree nada a ese diputransa,False,[],[],[],0,creer diputransa,"['creer', 'diputransa']",1024,16,No se le cree nada a ese diputransa,classified,NEG,0.9095710515975952,0.07092229276895523,0.019506702199578285,12,False,0.9095710515975952,False,-0.8900643493980169,pysentimiento/robertuito-sentiment-analysis,a2cc0f67ebd705c55191e25a05ba23d885fcc09b,0,0,True
j43HgwYFKfk,Ugx3uDgmZQhx3Z3VOzt4AaABAg,La cooptación de Walter Mazariegos en la USAC,Quorum,UCE4rsXcgDb6e1-a9iTbWzfg,@ingenieroar,UC816IGbFCZinfYS1LRDaaHg,mapa de poder USAC,@quorumgt/videos,channel,quorum_complete_comments.csv | youtube_guatemala_plus_comments.csv,/@ingenieroar,hace 1 año,1.0,0,False,,mapa de poder USAC                                                                                                                                                                                                                                                                                                                                                                                                                                                                                                                                                                                                                                                                                                                                                                                                                                                                                                                                                                                                                                              ,True,1,mapa de poder usac,False,[],[],[],0,mapa usac,"['mapa', 'usac']",1024,9,mapa de poder USAC,classified,NEU,0.12774056196212769,0.7593331336975098,0.11292637139558792,7,False,0.7593331336975098,False,-0.014814190566539764,pysentimiento/robertuito-sentiment-analysis,a2cc0f67ebd705c55191e25a05ba23d885fcc09b,1,1,True
n8iP75gIpmw,Ugx3yIUZXGeiOVESIEl4AaABAg,Qué rico come tu diputado,Quorum,UCE4rsXcgDb6e1-a9iTbWzfg,@VICTOREST19,UC3qn1yJA5PeW9rkGPatQxiw,Que ese diputado que muestre la factura donde diga que de su bolsillo fue pagado??,@quorumgt/videos,channel,quorum_complete_comments.csv | youtube_guatemala_plus_comments.csv,/@VICTOREST19,hace 2 años,7.0,0,False,,Que ese diputado que muestre la factura donde diga que de su bolsillo fue pagado??                                                                                                                                                                                                                                                                                                                                                                                                                                                                                                                                                                                                                                                                                                                                                                                                                                                                                                                                                                              ,True,7,que ese diputado que muestre la factura donde diga que de su bolsillo fue pagado,False,[],[],[],0,diputado mostrar factura decir bolsillo pagar,"['diputado', 'mostrar', 'factura', 'decir', 'bolsillo', 'pagar']",1024,45,Que ese diputado que muestre la factura donde diga que de su bolsillo fue pagado??,classified,NEU,0.3575281500816345,0.610590398311615,0.03188137710094452,18,False,0.610590398311615,False,-0.32564677298069,pysentimiento/robertuito-sentiment-analysis,a2cc0f67ebd705c55191e25a05ba23d885fcc09b,0,0,True
6W4u8sGEnGM,Ugx4dn4xlUl9Jp9QJeJ4AaABAg,Inician los trabajos de recuperación del Puente Belice II.,Gobierno de la República de Guatemala,UC-ZtFBHzgkYFh7whZkuR_Ag,@elmilenial4064,UCaT4saRcyqCLE657Rq2hhZQ,Tio berny presidente 2032😁,Gobierno de la República de Guatemala,topic,youtube_guatemala_plus_comments.csv | youtube_lab_targets_small_comments.csv,/@elmilenial4064,hace 5 días (editado),,0,False,,Tio berny presidente 2032😁                                                                                                                                                                                                                                                                                                                                                                                                                                                                                                                                                                                                                                                                                                                                                                                                                                                                                                                                                                                                                                     ,False,0,tio berny presidente,False,[],[],['😁'],1,tio berny presidente,"['tio', 'berny', 'presidente']",1023,20,Tio berny presidente 2032 emoji cara radiante con ojos sonrientes emoji,classified,POS,0.011543229222297668,0.4162535071372986,0.5722032189369202,17,False,0.5722032189369202,True,0.5606599897146225,pysentimiento/robertuito-sentiment-analysis,a2cc0f67ebd705c55191e25a05ba23d885fcc09b,2,2,True
yLZS3JiEBg8,Ugx6Wjc02tqpQUBf4NJ4AaABAg,Arroz con pollo a la MONOPOLIO,Quorum,UCE4rsXcgDb6e1-a9iTbWzfg,@rockyscarlet,UCc_F88PzGWtA1OPNUEASulA,Los hipócritas de la ufm todavía alaban a Milei. Lo primero que haría sería quitar todas las trabas que impiden el libre mercado.,@quorumgt/videos,channel,quorum_complete_comments.csv | youtube_guatemala_plus_comments.csv,/@rockyscarlet,hace 2 años,,0,False,,Los hipócritas de la ufm todavía alaban a Milei. Lo primero que haría sería quitar todas las trabas que impiden el libre mercado.                                                                                                                                                                                                                                                                                                                                                                                                                                                                                                                                                                                                                                                                                                                                                                                                                                                                                                                               ,False,0,los hipócritas de la ufm todavía alaban a milei lo primero que haría sería quitar todas las trabas que impiden el libre mercado,False,[],[],[],0,hipócrita ufm alar milei hacer quitar traba impedir libre mercado,"['hipócrita', 'ufm', 'alar', 'milei', 'hacer', 'quitar', 'traba', 'impedir', 'libre', 'mercado']",1024,65,Los hipócritas de la ufm todavía alaban a Milei. Lo primero que haría sería quitar todas las trabas que impiden el libre mercado.,classified,NEG,0.9372140169143677,0.051925819367170334,0.01086021400988102,30,False,0.9372140169143677,False,-0.9263538029044867,pysentimiento/robertuito-sentiment-analysis,a2cc0f67ebd705c55191e25a05ba23d885fcc09b,7,7,True
n8iP75gIpmw,Ugx74OPnWkWaFjpFuA94AaABAg,Qué rico come tu diputado,Quorum,UCE4rsXcgDb6e1-a9iTbWzfg,@dorisl.garciaroche7763,UCErZPJpHmLCsXs8ZWkAUupQ,"Y será que si ya no se diera esa facilidad de efectivo para gastos de ese tipo, les interesaría seguir siendo diputados. O es por ese estilo de vida lo que les llama la atención ser diputados.",@quorumgt/videos,channel,quorum_complete_comments.csv | youtube_guatemala_plus_comments.csv,/@dorisl.garciaroche7763,hace 2 años,2.0,1,False,,"Y será que si ya no se diera esa facilidad de efectivo para gastos de ese tipo, les interesaría seguir siendo diputados. O es por ese estilo de vida lo que les llama la atención ser diputados.                                                                                                                                                                                                                                                                                                                                                                                                                                                                                                                                                                                                                                                                                                                                                                                                                                                              ",True,2,y será que si ya no se diera esa facilidad de efectivo para gastos de ese tipo les interesaría seguir siendo diputados o es por ese estilo de vida lo que les llama la atención ser diputados,False,[],[],[],0,dar facilidad efectivo gasto tipo interesar seguir diputado estilo vida llamar atención diputado,"['dar', 'facilidad', 'efectivo', 'gasto', 'tipo', 'interesar', 'seguir', 'diputado', 'estilo', 'vida', 'llamar', 'atención', 'diputado']",1022,96,"Y será que si ya no se diera esa facilidad de efectivo para gastos de ese tipo, les interesaría seguir siendo diputados. O es por ese estilo de vida lo que les llama la atención ser diputados.",classified,NEG,0.6596591472625732,0.3277986943721771,0.012542113661766052,42,False,0.6596591472625732,False,-0.6471170336008072,pysentimiento/robertuito-sentiment-analysis,a2cc0f67ebd705c55191e25a05ba23d885fcc09b,0,0,True
n8iP75gIpmw,Ugx74OPnWkWaFjpFuA94AaABAg.A7ki-1ED5b2A7nIcG2_svP,Qué rico come tu diputado,Quorum,UCE4rsXcgDb6e1-a9iTbWzfg,@HaroldoCastillo-rh9iw,UCFjudnPLoaSL1BaRuLahyHg,Cierto.,@quorumgt/videos,channel,quorum_complete_comments.csv | youtube_guatemala_plus_comments.csv,/@HaroldoCastillo-rh9iw,hace 2 años,1.0,0,False,,Cierto.                                                                                                                                                                                                                                                                                                                                                                                                                                                                                                                                                                                                                                                                                                                                                                                                                                                                                                                                                                                                                                                         ,True,1,cierto,False,[],[],[],0,,[],1024,0,Cierto.,classified,NEU,0.24235083162784576,0.4796285927295685,0.27802059054374695,3,False,0.4796285927295685,True,0.035669758915901184,pysentimiento/robertuito-sentiment-analysis,a2cc0f67ebd705c55191e25a05ba23d885fcc09b,0,0,True
lj983NWyAQY,Ugx7Gvgflw7nQKqoR094AaABAg,Plan 2032 Ciudad de Guatemala,Municipalidad de Guatemala,UCXa6LVjBzUtmcM3cwbd9e2w,@arielsarc09,UCFOxCyF926Y9eHhMeVoWLzw,"De todo corazon espero que se cumplan todos estos proyectos por el bien de mi gente linda, Dios bendiga a Guatemala.",Municipalidad de Guatemala,topic,lj983NWyAQY_out_comments.csv | youtube_guatemala_plus_comments.csv,/@arielsarc09,hace 6 años (editado),3.0,0,False,,"De todo corazon espero que se cumplan todos estos proyectos por el bien de mi gente linda, Dios bendiga a Guatemala.                                                                                                                                                                                                                                                                                                                                                                                                                                                                                                                                                                                                                                                                                                                                                                                                                                                                                                                                          ",True,3,de todo corazon espero que se cumplan todos estos proyectos por el bien de mi gente linda dios bendiga a guatemala,False,[],[],[],0,corazon esperar cumplir proyecto gente lindo dios bendigar guatemala,"['corazon', 'esperar', 'cumplir', 'proyecto', 'gente', 'lindo', 'dios', 'bendigar', 'guatemala']",1022,68,"De todo corazon espero que se cumplan todos estos proyectos por el bien de mi gente linda, Dios bendiga a Guatemala.",classified,POS,0.00575445918366313,0.062262192368507385,0.9319833517074585,24,False,0.9319833517074585,False,0.9262288925237954,pysentimiento/robertuito-sentiment-analysis,a2cc0f67ebd705c55191e25a05ba23d885fcc09b,3,3,True
n8iP75gIpmw,Ugx7ezRwB-DpY3VQt754AaABAg,Qué rico come tu diputado,Quorum,UCE4rsXcgDb6e1-a9iTbWzfg,@ManuelEdran,UC5H8ASmMC9WrURmzeB4ySog,Minusiosas pero a la larga se vuelve millonarios. . Paguen sus almuerzos no se aprovechen del pueblo... casaka.,@quorumgt/videos,channel,quorum_complete_comments.csv | youtube_guatemala_plus_comments.csv,/@ManuelEdran,hace 2 años,1.0,0,False,,Minusiosas pero a la larga se vuelve millonarios. . Paguen sus almuerzos no se aprovechen del pueblo... casaka.                                                                                                                                                                                                                                                                                                                                                                                                                                                                                                                                                                                                                                                                                                                                                                                                                                                                                                                                                 ,True,1,minusiosas pero a la larga se vuelve millonarios paguen sus almuerzos no se aprovechen del pueblo casaka,False,[],[],[],0,minusiosa larga volver millonario pagar almuerzo aprovechar pueblo casaka,"['minusiosa', 'larga', 'volver', 'millonario', 'pagar', 'almuerzo', 'aprovechar', 'pueblo', 'casaka']",1024,73,Minusiosas pero a la larga se vuelve millonarios. . Paguen sus almuerzos no se aprovechen del pueblo... casaka.,classified,NEU,0.43467476963996887,0.5273988246917725,0.03792640566825867,26,False,0.5273988246917725,True,-0.3967483639717102,pysentimiento/robertuito-sentiment-analysis,a2cc0f67ebd705c55191e25a05ba23d885fcc09b,0,0,True
n8iP75gIpmw,Ugx7j6oWhgfonHPJCdR4AaABAg,Qué rico come tu diputado,Quorum,UCE4rsXcgDb6e1-a9iTbWzfg,@osmanmorales3012,UC72gBAtyb_VXQlYDcFrh6oQ,Para que participo si el reclama y que a echo por el pais nada,@quorumgt/videos,channel,quorum_complete_comments.csv | youtube_guatemala_plus_comments.csv,/@osmanmorales3012,hace 2 años,3.0,0,False,,Para que participo si el reclama y que a echo por el pais nada                                                                                                                                                                                                                                                                                                                                                                                                                                                                                                                                                                                                                                                                                                                                                                                                                                                                                                                                                                                                  ,True,3,para que participo si el reclama y que a echo por el pais nada,False,[],[],[],0,participar reclama echo pais,"['participar', 'reclama', 'echo', 'pais']",1024,28,Para que participo si el reclama y que a echo por el pais nada,classified,NEG,0.8767416477203369,0.10970239341259003,0.013555922545492649,16,False,0.8767416477203369,False,-0.8631857251748443,pysentimiento/robertuito-sentiment-analysis,a2cc0f67ebd705c55191e25a05ba23d885fcc09b,0,0,True
n8iP75gIpmw,Ugx8FxDKPAY-M_JhRgd4AaABAg,Qué rico come tu diputado,Quorum,UCE4rsXcgDb6e1-a9iTbWzfg,@davidisraelesquitsaquil,UCi1b_TRQfgO1Z9O2gNGGWNA,"Ahora se destapo la CORRUPCION Q EXISTIA Y AHORA SE CONTAMINO despues de ampliacion ahora DEUDAS a la Comunidad Internacional por PRESTAMOS para carreteras, ademas CONCESIONES A AEROPUERTOS, PUERTOS, LAS MISMAS CARRETERAS, todos millonario, EUROBONOS, vender al pais y CANASTA BASICA A Q10,000 todo lo van hacer PERO ESE DINERO QUE OBTENGAN SERA REGALO DEL 👹👹👹 Xq DIOS dara justicia en su momento la JUSTICIA DE DIOS con sus hijitos sera IMPLACABLE y omnipotente🇬🇹🇬🇹🇬🇹🇬🇹",@quorumgt/videos,channel,quorum_complete_comments.csv | youtube_guatemala_plus_comments.csv,/@davidisraelesquitsaquil,hace 2 años,,0,False,,"Ahora se destapo la CORRUPCION Q EXISTIA Y AHORA SE CONTAMINO despues de ampliacion ahora DEUDAS a la Comunidad Internacional por PRESTAMOS para carreteras, ademas CONCESIONES A AEROPUERTOS, PUERTOS, LAS MISMAS CARRETERAS, todos millonario, EUROBONOS, vender al pais y CANASTA BASICA A Q10,000 todo lo van hacer PERO ESE DINERO QUE OBTENGAN SERA REGALO DEL 👹👹👹 Xq DIOS dara justicia en su momento la JUSTICIA DE DIOS con sus hijitos sera IMPLACABLE y omnipotente🇬🇹🇬🇹🇬🇹🇬🇹                                                                                                                                                                                                                                                                                                                                                                                                                                                                                                                                                             ",False,0,ahora se destapo la corrupcion q existia y ahora se contamino despues de ampliacion ahora deudas a la comunidad internacional por prestamos para carreteras ademas concesiones a aeropuertos puertos las mismas carreteras todos millonario eurobonos vender al pais y canasta basica a q todo lo van hacer pero ese dinero que obtengan sera regalo del xq dios dara justicia en su momento la justicia de dios con sus hijitos sera implacable y omnipotente,False,[],[],"['👹', '👹', '👹', '🇬🇹', '🇬🇹', '🇬🇹', '🇬🇹']",7,destapo corrupcion q existia contaminar ampliacion deuda comunidad internacional prestamo carretera concesión aeropuertos puerto carretera millonario eurobono vender pais canasta basico q dinero obtengar regalo xq dios dar justicia momento justicia dios hijito implacable omnipotente,"['destapo', 'corrupcion', 'q', 'existia', 'contaminar', 'ampliacion', 'deuda', 'comunidad', 'internacional', 'prestamo', 'carretera', 'concesión', 'aeropuertos', 'puerto', 'carretera', 'millonario', 'eurobono', 'vender', 'pais', 'canasta', 'basico', 'q', 'dinero', 'obtengar', 'regalo', 'xq', 'dios', 'dar', 'justicia', 'momento', 'justicia', 'dios', 'hijito', 'implacable', 'omnipotente']",1011,283,"Ahora se destapo la CORRUPCION Q EXISTIA Y AHORA SE CONTAMINO despues de ampliacion ahora DEUDAS a la Comunidad Internacional por PRESTAMOS para carreteras, ademas CONCESIONES A AEROPUERTOS, PUERTOS, LAS MISMAS CARRETERAS, todos millonario, EUROBONOS, vender al pais y CANASTA BASICA A Q10,000 todo lo van hacer PERO ESE DINERO QUE OBTENGAN SERA REGALO DEL  emoji demonio japonés oni emoji  emoji demonio japonés oni emoji  emoji demonio japonés oni emoji  Xq DIOS dara justicia en su momento la JUSTICIA DE DIOS con sus hijitos sera IMPLACABLE y omnipotente emoji bandera guatemala emoji  emoji bandera guatemala emoji  emoji bandera guatemala emoji  emoji bandera guatemala emoji",classified,NEG,0.8053436279296875,0.18066318333148956,0.01399320550262928,153,True,0.8053436279296875,False,-0.7913504224270582,pysentimiento/robertuito-sentiment-analysis,a2cc0f67ebd705c55191e25a05ba23d885fcc09b,0,0,True
WIUZtitfLRw,Ugx8vuWdqsWZslsS9R14AaABAg,Caminar en una ciudad hecha para carros,Quorum,UCE4rsXcgDb6e1-a9iTbWzfg,@hashojea7348,UCvcu1kR8xMYy_I1Ty-2mV2Q,Excelente nota,@quorumgt/videos,channel,quorum_complete_comments.csv | youtube_guatemala_plus_comments.csv,/@hashojea7348,hace 1 año,,0,False,,Excelente nota                                                                                                                                                                                                                                                                                                                                                                                                                                                                                                                                                                                                                                                                                                                                                                                                                                                                                                                                                                                                                                                  ,False,0,excelente nota,False,[],[],[],0,excelente nota,"['excelente', 'nota']",1024,14,Excelente nota,classified,NEU,0.1732599288225174,0.4971192479133606,0.3296208381652832,4,False,0.4971192479133606,True,0.1563609093427658,pysentimiento/robertuito-sentiment-analysis,a2cc0f67ebd705c55191e25a05ba23d885fcc09b,7,7,True
OkXlHx0hx-8,Ugx90cmhNaRBNDou1BR4AaABAg,EE.UU. envía a mexicanos deportados a Guatemala antes de su regreso a México | Noticias Telemundo,Noticias Telemundo,UCRwA1NUcUnwsly35ikGhp0A,@rosadiaz6945,UCBlm80VQ4YoV3bUJR_XhkaQ,Miserables el departamento de seguridad de USA,guatemala noticias,topic,youtube_guatemala_comments.csv | youtube_guatemala_plus_comments.csv,/@rosadiaz6945,hace 1 día,,3,False,,Miserables el departamento de seguridad de USA                                                                                                                                                                                                                                                                                                                                                                                                                                                                                                                                                                                                                                                                                                                                                                                                                                                                                                                                                                                                                  ,False,0,miserables el departamento de seguridad de usa,False,[],[],[],0,miserable departamento seguridad,"['miserable', 'departamento', 'seguridad']",1024,32,Miserables el departamento de seguridad de USA,classified,NEG,0.5452277064323425,0.4138333201408386,0.040938977152109146,9,False,0.5452277064323425,True,-0.5042887292802334,pysentimiento/robertuito-sentiment-analysis,a2cc0f67ebd705c55191e25a05ba23d885fcc09b,5,5,True
OkXlHx0hx-8,Ugx90cmhNaRBNDou1BR4AaABAg.AaA5Ej9IqgQAaBaWPRQg7K,EE.UU. envía a mexicanos deportados a Guatemala antes de su regreso a México | Noticias Telemundo,Noticias Telemundo,UCRwA1NUcUnwsly35ikGhp0A,@eugeneramirez4405,UCi2KiZq63sRq8Mfbcp-MelQ,"There tired of fraud and corruption and lethal drugs.
                                                                                                                                                                                                                                                                                               We AMERICANS HAVE VOTED!
                                                                                                                                                                                                                                                                                               you don't like our LAWS lezve!",guatemala noticias,topic,youtube_guatemala_comments.csv | youtube_guatemala_plus_comments.csv,/@eugeneramirez4405,hace 20 horas,,0,False,,"There tired of fraud and corruption and lethal drugs.
                                                                                                                                                                                                                                                                                               We AMERICANS HAVE VOTED!
                                                                                                                                                                                                                                                                                               you don't like our LAWS lezve!                                                                                                                                                                                                                                                                                                                                                                                                                                                                                                                                                                                                                                                                                                                                                                                                                                                                                                                                                                                                                                 ",False,0,there tired of fraud and corruption and lethal drugs we americans have voted you don t like our laws lezve,False,[],[],[],0,therir tired of fraud and corruption and lethal drugs we americans have voted you don t like our laws lezve,"['therir', 'tired', 'of', 'fraud', 'and', 'corruption', 'and', 'lethal', 'drugs', 'we', 'americans', 'have', 'voted', 'you', 'don', 't', 'like', 'our', 'laws', 'lezve']",1678,107,"There tired of fraud and corruption and lethal drugs.
   We AMERICANS HAVE VOTED!
   you don't like our LAWS lezve!",classified,NEG,0.948800265789032,0.038242846727371216,0.012956853955984116,39,False,0.948800265789032,False,-0.9358434118330479,pysentimiento/robertuito-sentiment-analysis,a2cc0f67ebd705c55191e25a05ba23d885fcc09b,5,5,True
OkXlHx0hx-8,Ugx90cmhNaRBNDou1BR4AaABAg.AaA5Ej9IqgQAaCnVqXU5cy,EE.UU. envía a mexicanos deportados a Guatemala antes de su regreso a México | Noticias Telemundo,Noticias Telemundo,UCRwA1NUcUnwsly35ikGhp0A,@rosadiaz6945,UCBlm80VQ4YoV3bUJR_XhkaQ,"​ @eugeneramirez4405
                                                                                                                                                                                                                                                                                               Go away, there's no way to prove you're American.",guatemala noticias,topic,youtube_guatemala_comments.csv | youtube_guatemala_plus_comments.csv,/@rosadiaz6945,hace 9 horas,,0,False,,"​ @eugeneramirez4405
                                                                                                                                                                                                                                                                                               Go away, there's no way to prove you're American.                                                                                                                                                                                                                                                                                                                                                                                                                                                                                                                                                                                                                                                                                                                                                                                                                                                                                                                                                                                                              ",False,0,go away there s no way to prove you re american,False,['@eugeneramirez4405'],[],[],0,go away there s way to prove you re americar,"['go', 'away', 'there', 's', 'way', 'to', 'prove', 'you', 're', 'americar']",1332,44,"​ @usuario05
   Go away, there's no way to prove you're American.",classified,NEU,0.42705363035202026,0.4282383322715759,0.1447080373764038,20,False,0.4282383322715759,True,-0.28234559297561646,pysentimiento/robertuito-sentiment-analysis,a2cc0f67ebd705c55191e25a05ba23d885fcc09b,5,5,True
OkXlHx0hx-8,Ugx90cmhNaRBNDou1BR4AaABAg.AaA5Ej9IqgQAaCz3GqqPAJ,EE.UU. envía a mexicanos deportados a Guatemala antes de su regreso a México | Noticias Telemundo,Noticias Telemundo,UCRwA1NUcUnwsly35ikGhp0A,@eugeneramirez4405,UCi2KiZq63sRq8Mfbcp-MelQ,"​ @rosadiaz6945
                                                                                                                                                                                                                                                                                               Sure 👌
                                                                                                                                                                                                                                                                                               Whatever you say!",guatemala noticias,topic,youtube_guatemala_comments.csv | youtube_guatemala_plus_comments.csv,/@eugeneramirez4405,hace 7 horas,,0,False,,"​ @rosadiaz6945
                                                                                                                                                                                                                                                                                               Sure 👌
                                                                                                                                                                                                                                                                                               Whatever you say!                                                                                                                                                                                                                                                                                                                                                                                                                                                                                                                                                                                                                                                                                                                                                                                                                                                                                                                                                                                                                                              ",False,0,sure whatever you say,False,['@rosadiaz6945'],[],['👌'],1,sure whatever you say,"['sure', 'whatever', 'you', 'say']",1622,21,"​ @usuario
   Sure  emoji señal de aprobación con la mano emoji 
   Whatever you say!",classified,POS,0.04493827745318413,0.36802223324775696,0.5870394110679626,29,False,0.5870394110679626,True,0.5421011336147785,pysentimiento/robertuito-sentiment-analysis,a2cc0f67ebd705c55191e25a05ba23d885fcc09b,5,5,True
j43HgwYFKfk,UgxCKgaQSm13r2z9hFd4AaABAg,La cooptación de Walter Mazariegos en la USAC,Quorum,UCE4rsXcgDb6e1-a9iTbWzfg,@quijotachapina1,UColMq7LmaoY3MT6aIDGrGvA,"Escuché que solo fingen que las reuniones son virtuales, pero las hacen en un hôtel y encima liquidan los gastos generados 😡",@quorumgt/videos,channel,quorum_complete_comments.csv | youtube_guatemala_plus_comments.csv,/@quijotachapina1,hace 1 año,,0,False,,"Escuché que solo fingen que las reuniones son virtuales, pero las hacen en un hôtel y encima liquidan los gastos generados 😡                                                                                                                                                                                                                                                                                                                                                                                                                                                                                                                                                                                                                                                                                                                                                                                                                                                                                                                                 ",False,0,escuché que solo fingen que las reuniones son virtuales pero las hacen en un h tel y encima liquidan los gastos generados,False,[],[],['😡'],1,escuché fingen reunión virtual h tel liquidar gasto generado,"['escuché', 'fingen', 'reunión', 'virtual', 'h', 'tel', 'liquidar', 'gasto', 'generado']",1021,60,"Escuché que solo fingen que las reuniones son virtuales, pero las hacen en un hôtel y encima liquidan los gastos generados  emoji cara cabreada emoji",classified,NEG,0.9671465158462524,0.030712760984897614,0.0021407443564385176,36,False,0.9671465158462524,False,-0.9650057714898139,pysentimiento/robertuito-sentiment-analysis,a2cc0f67ebd705c55191e25a05ba23d885fcc09b,1,1,True
OkXlHx0hx-8,UgxCT5F3jO763e2aO-t4AaABAg,EE.UU. envía a mexicanos deportados a Guatemala antes de su regreso a México | Noticias Telemundo,Noticias Telemundo,UCRwA1NUcUnwsly35ikGhp0A,@DoraSalas-j5o,UCat2qkYvqmtDNEmo2PVuhXw,Dicen quelos van a mandar a africa cuidao paisas,guatemala noticias,topic,youtube_guatemala_comments.csv | youtube_guatemala_plus_comments.csv,/@DoraSalas-j5o,hace 1 día,1.0,0,False,,Dicen quelos van a mandar a africa cuidao paisas                                                                                                                                                                                                                                                                                                                                                                                                                                                                                                                                                                                                                                                                                                                                                                                                                                                                                                                                                                                                                ,True,1,dicen quelos van a mandar a africa cuidao paisas,False,[],[],[],0,quelo mandar africa cuidao paisa,"['quelo', 'mandar', 'africa', 'cuidao', 'paisa']",1024,32,Dicen quelos van a mandar a africa cuidao paisas,classified,NEG,0.4778704047203064,0.4705600142478943,0.05156954750418663,14,False,0.4778704047203064,True,-0.42630085721611977,pysentimiento/robertuito-sentiment-analysis,a2cc0f67ebd705c55191e25a05ba23d885fcc09b,5,5,True
lj983NWyAQY,UgxCjFHfuFk1jUGvoIB4AaABAg,Plan 2032 Ciudad de Guatemala,Municipalidad de Guatemala,UCXa6LVjBzUtmcM3cwbd9e2w,@TheAlexX_C,UCSTAUWVc1_82DHYeqOsqEFA,"Que bella es la Ciudad de Guatemala, unica en su clase.
                                                                                                                                                                                                                                                                                               Saludos desde El Salvador 😸",Municipalidad de Guatemala,topic,lj983NWyAQY_out_comments.csv | youtube_guatemala_plus_comments.csv,/@TheAlexX_C,hace 7 años,191.0,2,False,,"Que bella es la Ciudad de Guatemala, unica en su clase.
                                                                                                                                                                                                                                                                                               Saludos desde El Salvador 😸                                                                                                                                                                                                                                                                                                                                                                                                                                                                                                                                                                                                                                                                                                                                                                                                                                                                                                                                                                                                                                   ",True,191,que bella es la ciudad de guatemala unica en su clase saludos desde el salvador,False,[],[],['😸'],1,bella ciudad guatemala unico clase saludo salvador,"['bella', 'ciudad', 'guatemala', 'unico', 'clase', 'saludo', 'salvador']",1366,50,"Que bella es la Ciudad de Guatemala, unica en su clase.
   Saludos desde El Salvador  emoji gato sonriendo con ojos sonrientes emoji",classified,POS,0.004040293861180544,0.042915619909763336,0.953044056892395,32,False,0.953044056892395,False,0.9490037630312145,pysentimiento/robertuito-sentiment-analysis,a2cc0f67ebd705c55191e25a05ba23d885fcc09b,3,3,True
yLZS3JiEBg8,UgxD16VX3BhREOtsuhJ4AaABAg,Arroz con pollo a la MONOPOLIO,Quorum,UCE4rsXcgDb6e1-a9iTbWzfg,@DenisRMC,UCcFIBN-rtC3d3hXeuN5TfWw,"Excelente explicación
                                                                                                                                                                                                                                                                                               Te falto incluir la harina que al final es el mismo dueño de las pastas...eso se llama MONOPOLIO...y tiene nombre
                                                                                                                                                                                                                                                                                               Contra ellos no se puede..hasta este dueño del monopolio hasta apoyo al actual presidente..
                                                                                                                                                                                                                                                                                               Raro..??",@quorumgt/videos,channel,quorum_complete_comments.csv | youtube_guatemala_plus_comments.csv,/@DenisRMC,hace 2 años,,0,False,,"Excelente explicación
                                                                                                                                                                                                                                                                                               Te falto incluir la harina que al final es el mismo dueño de las pastas...eso se llama MONOPOLIO...y tiene nombre
                                                                                                                                                                                                                                                                                               Contra ellos no se puede..hasta este dueño del monopolio hasta apoyo al actual presidente..
                                                                                                                                                                                                                                                                                               Raro..??                                                                                                                                                                                                                                                                                                                                                                                                                                                                                                                                                                                                                                                                                                                                                                                                                                                                                                                                                                                                                                                       ",False,0,excelente explicación te falto incluir la harina que al final es el mismo dueño de las pastas eso se llama monopolio y tiene nombre contra ellos no se puede hasta este dueño del monopolio hasta apoyo al actual presidente raro,False,[],[],[],0,excelente explicación faltar incluir harina dueño pasta llamar monopolio nombre dueño monopolio apoyo actual presidente raro,"['excelente', 'explicación', 'faltar', 'incluir', 'harina', 'dueño', 'pasta', 'llamar', 'monopolio', 'nombre', 'dueño', 'monopolio', 'apoyo', 'actual', 'presidente', 'raro']",2115,124,"Excelente explicación
   Te falto incluir la harina que al final es el mismo dueño de las pastas...eso se llama MONOPOLIO...y tiene nombre
   Contra ellos no se puede..hasta este dueño del monopolio hasta apoyo al actual presidente..
   Raro..??",classified,NEG,0.9471631050109863,0.046954263001680374,0.00588264549151063,61,False,0.9471631050109863,False,-0.9412804595194757,pysentimiento/robertuito-sentiment-analysis,a2cc0f67ebd705c55191e25a05ba23d885fcc09b,7,7,True
j43HgwYFKfk,UgxDBhcq11EK83DqrSZ4AaABAg,La cooptación de Walter Mazariegos en la USAC,Quorum,UCE4rsXcgDb6e1-a9iTbWzfg,@genarodelgado3929,UCV0lM03g5fg5pbPj97-sAtA,"Excelente nota prensa!!
                                                                                                                                                                                                                                                                                               Compartan esta información para esos estudiantes ineptos y puedan conocer la realidad!!",@quorumgt,topic,j43HgwYFKfk_out_comments.csv | quorum_complete_comments.csv | youtube_guatemala_plus_comments.csv,/@genarodelgado3929,hace 1 año,1.0,0,False,,"Excelente nota prensa!!
                                                                                                                                                                                                                                                                                               Compartan esta información para esos estudiantes ineptos y puedan conocer la realidad!!                                                                                                                                                                                                                                                                                                                                                                                                                                                                                                                                                                                                                                                                                                                                                                                                                                                                                                                                                                        ",True,1,excelente nota prensa compartan esta información para esos estudiantes ineptos y puedan conocer la realidad,False,[],[],[],0,excelente nota prenso compartar información estudiante inepto poder realidad,"['excelente', 'nota', 'prenso', 'compartar', 'información', 'estudiante', 'inepto', 'poder', 'realidad']",1335,76,"Excelente nota prensa!!
   Compartan esta información para esos estudiantes ineptos y puedan conocer la realidad!!",classified,POS,0.010420868173241615,0.17373692989349365,0.8158422112464905,23,False,0.8158422112464905,False,0.8054213430732489,pysentimiento/robertuito-sentiment-analysis,a2cc0f67ebd705c55191e25a05ba23d885fcc09b,1,1,True
lj983NWyAQY,UgxDFo35bUo0APtZcd94AaABAg,Plan 2032 Ciudad de Guatemala,Municipalidad de Guatemala,UCXa6LVjBzUtmcM3cwbd9e2w,@ChRiStOpHeR7969,UC_ljZ1hZXR9pzexFz87P5ZA,"balgame  DIOS   QUE  TAN  ATRASADOS  ESTAN   Y  CUANTO  TIEMPO  PARA  ESTAR  EN  LA  MODERNIDAD OJALA  Y  LO  LOGREN  ,  POR  CUANTOS  PRECIDENTES  TIENE  QUE  PASAR  Y  CONVENSER  PARA  QUE  ESTO  SEA  UNA  REALIDAD",Municipalidad de Guatemala,topic,lj983NWyAQY_out_comments.csv | youtube_guatemala_plus_comments.csv,/@ChRiStOpHeR7969,hace 4 años,,0,False,,"balgame  DIOS   QUE  TAN  ATRASADOS  ESTAN   Y  CUANTO  TIEMPO  PARA  ESTAR  EN  LA  MODERNIDAD OJALA  Y  LO  LOGREN  ,  POR  CUANTOS  PRECIDENTES  TIENE  QUE  PASAR  Y  CONVENSER  PARA  QUE  ESTO  SEA  UNA  REALIDAD                                                                                                                                                                                                                                                                                                                                                                                                                                                                                                                                                                                                                                                                                                                                                                                                                                      ",False,0,balgame dios que tan atrasados estan y cuanto tiempo para estar en la modernidad ojala y lo logren por cuantos precidentes tiene que pasar y convenser para que esto sea una realidad,False,[],[],[],0,balgame dios atrasado tiempo modernidad ojala lograr precident pasar convenser realidad,"['balgame', 'dios', 'atrasado', 'tiempo', 'modernidad', 'ojala', 'lograr', 'precident', 'pasar', 'convenser', 'realidad']",1022,87,"balgame  DIOS   QUE  TAN  ATRASADOS  ESTAN   Y  CUANTO  TIEMPO  PARA  ESTAR  EN  LA  MODERNIDAD OJALA  Y  LO  LOGREN  ,  POR  CUANTOS  PRECIDENTES  TIENE  QUE  PASAR  Y  CONVENSER  PARA  QUE  ESTO  SEA  UNA  REALIDAD",classified,NEG,0.8030844330787659,0.1756085604429245,0.02130696177482605,74,False,0.8030844330787659,False,-0.7817774713039398,pysentimiento/robertuito-sentiment-analysis,a2cc0f67ebd705c55191e25a05ba23d885fcc09b,3,3,True
06mFNPU0aB8,UgxEE17R1iQyuDZebVF4AaABAg,Capturan a presuntos delincuentes disfrazados de mujer señalados de cometer asalto,Noti7,UCVpSRoZgngfSL03Nlbjtq9A,@jorgecifuentes-m5g,UCLXYp1Cvc5DLtq5UQL5D9vw,TransLadrones ?,guatemala noticias,topic,youtube_guatemala_comments.csv | youtube_guatemala_plus_comments.csv,/@jorgecifuentes-m5g,hace 2 semanas,3.0,1,False,,TransLadrones ?                                                                                                                                                                                                                                                                                                                                                                                                                                                                                                                                                                                                                                                                                                                                                                                                                                                                                                                                                                                                                                                 ,True,3,transladrones,False,[],[],[],0,transladrón,['transladrón'],1024,11,TransLadrones ?,classified,NEU,0.1227513998746872,0.8171632885932922,0.06008525192737579,6,False,0.8171632885932922,False,-0.0626661479473114,pysentimiento/robertuito-sentiment-analysis,a2cc0f67ebd705c55191e25a05ba23d885fcc09b,6,6,True
06mFNPU0aB8,UgxEE17R1iQyuDZebVF4AaABAg.A_UFk_pMAbMA_VZ_0Vdu89,Capturan a presuntos delincuentes disfrazados de mujer señalados de cometer asalto,Noti7,UCVpSRoZgngfSL03Nlbjtq9A,@HonwayLee-z5g,UCfjhejO7LZy4doXURa7LZCQ,😂😂,guatemala noticias,topic,youtube_guatemala_comments.csv | youtube_guatemala_plus_comments.csv,/@HonwayLee-z5g,hace 2 semanas,,0,False,,😂😂                                                                                                                                                                                                                                                                                                                                                                                                                                                                                                                                                                                                                                                                                                                                                                                                                                                                                                                                                                                                                                                            ,False,0,,False,[],[],"['😂', '😂']",2,,[],1022,0,emoji cara llorando de risa emoji  emoji cara llorando de risa emoji,classified,NEU,0.19586563110351562,0.7157946825027466,0.08833975344896317,18,False,0.7157946825027466,False,-0.10752587765455246,pysentimiento/robertuito-sentiment-analysis,a2cc0f67ebd705c55191e25a05ba23d885fcc09b,6,6,True
n8iP75gIpmw,UgxE_8DGgJmaHaV_WLJ4AaABAg,Qué rico come tu diputado,Quorum,UCE4rsXcgDb6e1-a9iTbWzfg,@romeolopezherrarte799,UCplrIQtaPj6au60_f2-mOYw,JAJAJAJA  SE METEN A HACER UN PROYECTO DE FERROCARRIL  A GUATEMALA LA DEJAN COMO ÁFRICA,@quorumgt/videos,channel,quorum_complete_comments.csv | youtube_guatemala_plus_comments.csv,/@romeolopezherrarte799,hace 2 años,,0,False,,JAJAJAJA  SE METEN A HACER UN PROYECTO DE FERROCARRIL  A GUATEMALA LA DEJAN COMO ÁFRICA                                                                                                                                                                                                                                                                                                                                                                                                                                                                                                                                                                                                                                                                                                                                                                                                                                                                                                                                                                         ,False,0,jajajaja se meten a hacer un proyecto de ferrocarril a guatemala la dejan como áfrica,False,[],[],[],0,jajajaja metar proyecto ferrocarril guatemala dejar áfrica,"['jajajaja', 'metar', 'proyecto', 'ferrocarril', 'guatemala', 'dejar', 'áfrica']",1024,58,JAJAJAJA  SE METEN A HACER UN PROYECTO DE FERROCARRIL  A GUATEMALA LA DEJAN COMO ÁFRICA,classified,NEG,0.8431577682495117,0.14671345055103302,0.010128705762326717,21,False,0.8431577682495117,False,-0.833029062487185,pysentimiento/robertuito-sentiment-analysis,a2cc0f67ebd705c55191e25a05ba23d885fcc09b,0,0,True
6W4u8sGEnGM,UgxEsAK7q3l34wFdZ414AaABAg,Inician los trabajos de recuperación del Puente Belice II.,Gobierno de la República de Guatemala,UC-ZtFBHzgkYFh7whZkuR_Ag,@RolandoGonzalez-o7g,UCql1n3Ey6ULMSOACjMe-fxQ,"El Salvador que es un país tan pequeño está haciendo maravillas en su estructura su presidente.
                                                                                                                                                                                                                                                                                               Y Guatemala que es un mega país, va tan atrasado como la  tortuga.",Gobierno de la República de Guatemala,topic,youtube_guatemala_plus_comments.csv | youtube_lab_targets_small_comments.csv,/@RolandoGonzalez-o7g,hace 6 días,6.0,7,False,,"El Salvador que es un país tan pequeño está haciendo maravillas en su estructura su presidente.
                                                                                                                                                                                                                                                                                               Y Guatemala que es un mega país, va tan atrasado como la  tortuga.                                                                                                                                                                                                                                                                                                                                                                                                                                                                                                                                                                                                                                                                                                                                                                                                                                                                                                                                                                                             ",True,6,el salvador que es un país tan pequeño está haciendo maravillas en su estructura su presidente y guatemala que es un mega país va tan atrasado como la tortuga,False,[],[],[],0,salvador país pequeño maravilla estructura presidente guatemala mega país atrasado tortuga,"['salvador', 'país', 'pequeño', 'maravilla', 'estructura', 'presidente', 'guatemala', 'mega', 'país', 'atrasado', 'tortuga']",1407,90,"El Salvador que es un país tan pequeño está haciendo maravillas en su estructura su presidente.
   Y Guatemala que es un mega país, va tan atrasado como la  tortuga.",classified,NEG,0.9608275890350342,0.033391281962394714,0.005781159736216068,38,False,0.9608275890350342,False,-0.9550464292988181,pysentimiento/robertuito-sentiment-analysis,a2cc0f67ebd705c55191e25a05ba23d885fcc09b,2,2,True
6W4u8sGEnGM,UgxEsAK7q3l34wFdZ414AaABAg.A_zCnf5bSajA_zKDdWQaaO,Inician los trabajos de recuperación del Puente Belice II.,Gobierno de la República de Guatemala,UC-ZtFBHzgkYFh7whZkuR_Ag,@luisricardo9671,UCZFQwqh90apuL8eFhvRBkUg,"Nayib Bukele lleva 7 años como presidente de El Salvador teniendo todos los poderes del estado a su favor, y el de Guate con todas las trabas que le pusieron los 2 primeros años, y queres un mega pais en 3 años no jodas, ni un edificio de 15 niveles lo terminan en 4 años, no esperes que la corrupcion de 30 años la solucionen en un periodo de gobierno estan dejando simientos pero si seguimos poniendo presidentes como los antecesores de este olvidate que ese puente lo terminen y seguiras viendo el pais en ruinas.",Gobierno de la República de Guatemala,topic,youtube_guatemala_plus_comments.csv | youtube_lab_targets_small_comments.csv,/@luisricardo9671,hace 6 días,9.0,0,False,,"Nayib Bukele lleva 7 años como presidente de El Salvador teniendo todos los poderes del estado a su favor, y el de Guate con todas las trabas que le pusieron los 2 primeros años, y queres un mega pais en 3 años no jodas, ni un edificio de 15 niveles lo terminan en 4 años, no esperes que la corrupcion de 30 años la solucionen en un periodo de gobierno estan dejando simientos pero si seguimos poniendo presidentes como los antecesores de este olvidate que ese puente lo terminen y seguiras viendo el pais en ruinas.                                                                                                                                                                                                                                                                                                                                                                                                                                                                                                                          ",True,9,nayib bukele lleva años como presidente de el salvador teniendo todos los poderes del estado a su favor y el de guate con todas las trabas que le pusieron los primeros años y queres un mega pais en años no jodas ni un edificio de niveles lo terminan en años no esperes que la corrupcion de años la solucionen en un periodo de gobierno estan dejando simientos pero si seguimos poniendo presidentes como los antecesores de este olvidate que ese puente lo terminen y seguiras viendo el pais en ruinas,False,[],[],[],0,nayib bukele año presidente salvador tener poder favor guate traba poner año quer mega pais año joda edificio nivel terminar año esper corrupcion año solucionar periodo gobierno dejar simiento seguir poner president antecesor olvidate puente terminir seguira ver pais ruina,"['nayib', 'bukele', 'año', 'presidente', 'salvador', 'tener', 'poder', 'favor', 'guate', 'traba', 'poner', 'año', 'quer', 'mega', 'pais', 'año', 'joda', 'edificio', 'nivel', 'terminar', 'año', 'esper', 'corrupcion', 'año', 'solucionar', 'periodo', 'gobierno', 'dejar', 'simiento', 'seguir', 'poner', 'president', 'antecesor', 'olvidate', 'puente', 'terminir', 'seguira', 'ver', 'pais', 'ruina']",1022,273,"Nayib Bukele lleva 7 años como presidente de El Salvador teniendo todos los poderes del estado a su favor, y el de Guate con todas las trabas que le pusieron los 2 primeros años, y queres un mega pais en 3 años no jodas, ni un edificio de 15 niveles lo terminan en 4 años, no esperes que la corrupcion de 30 años la solucionen en un periodo de gobierno estan dejando simientos pero si seguimos poniendo presidentes como los antecesores de este olvidate que ese puente lo terminen y seguiras viendo el pais en ruinas.",classified,NEG,0.9545396566390991,0.03947937488555908,0.005980994552373886,107,False,0.9545396566390991,False,-0.9485586620867252,pysentimiento/robertuito-sentiment-analysis,a2cc0f67ebd705c55191e25a05ba23d885fcc09b,2,2,True
6W4u8sGEnGM,UgxEsAK7q3l34wFdZ414AaABAg.A_zCnf5bSajA_zMcZPgoSk,Inician los trabajos de recuperación del Puente Belice II.,Gobierno de la República de Guatemala,UC-ZtFBHzgkYFh7whZkuR_Ag,@Israel-u5i7i,UCoGdCoJg2Lh0OX_jv6cG16g,​ @luisricardo9671 comentario bien acertado saludos amigo🧐🧐🧐,Gobierno de la República de Guatemala,topic,youtube_guatemala_plus_comments.csv | youtube_lab_targets_small_comments.csv,/@Israel-u5i7i,hace 6 días,2.0,0,False,,​ @luisricardo9671 comentario bien acertado saludos amigo🧐🧐🧐                                                                                                                                                                                                                                                                                                                                                                                                                                                                                                                                                                                                                                                                                                                                                                                                                                                                                                                                                                                                  ,True,2,comentario bien acertado saludos amigo,False,['@luisricardo9671'],[],"['🧐', '🧐', '🧐']",3,comentario acertado saludo amigo,"['comentario', 'acertado', 'saludo', 'amigo']",1022,32,​ @usuario comentario bien acertado saludos amigo emoji cara con monóculo emoji  emoji cara con monóculo emoji  emoji cara con monóculo emoji,classified,NEU,0.03423595800995827,0.5122796893119812,0.45348429679870605,32,False,0.5122796893119812,True,0.4192483387887478,pysentimiento/robertuito-sentiment-analysis,a2cc0f67ebd705c55191e25a05ba23d885fcc09b,2,2,True
6W4u8sGEnGM,UgxEsAK7q3l34wFdZ414AaABAg.A_zCnf5bSajA_zX0eQk5DZ,Inician los trabajos de recuperación del Puente Belice II.,Gobierno de la República de Guatemala,UC-ZtFBHzgkYFh7whZkuR_Ag,@Murmullodelbarrio,UCyJhqmMbsvjpoarBBStA2kg,"Vos risa das lagarto h..... e p....... a
                                                                                                                                                                                                                                                                                               Ya quisieras que esto lo tuvieras en el Salvador
                                                                                                                                                                                                                                                                                               A chngr a su madre a su país agrandado de m.....",Gobierno de la República de Guatemala,topic,youtube_guatemala_plus_comments.csv | youtube_lab_targets_small_comments.csv,/@Murmullodelbarrio,hace 6 días,,0,False,,"Vos risa das lagarto h..... e p....... a
                                                                                                                                                                                                                                                                                               Ya quisieras que esto lo tuvieras en el Salvador
                                                                                                                                                                                                                                                                                               A chngr a su madre a su país agrandado de m.....                                                                                                                                                                                                                                                                                                                                                                                                                                                                                                                                                                                                                                                                                                                                                                                                                                                                                                                                                                                                               ",False,0,vos risa das lagarto h e p a ya quisieras que esto lo tuvieras en el salvador a chngr a su madre a su país agrandado de m,False,[],[],[],0,vo risa da lagarto h p quisiera tuvierar salvador chngr madre país agrandado m,"['vo', 'risa', 'da', 'lagarto', 'h', 'p', 'quisiera', 'tuvierar', 'salvador', 'chngr', 'madre', 'país', 'agrandado', 'm']",1689,78,"Vos risa das lagarto h... e p... a
   Ya quisieras que esto lo tuvieras en el Salvador
   A chngr a su madre a su país agrandado de m...",classified,NEG,0.9623928666114807,0.025981541723012924,0.011625552549958229,46,False,0.9623928666114807,False,-0.9507673140615225,pysentimiento/robertuito-sentiment-analysis,a2cc0f67ebd705c55191e25a05ba23d885fcc09b,2,2,True
6W4u8sGEnGM,UgxEsAK7q3l34wFdZ414AaABAg.A_zCnf5bSajA_zXHoAX3hj,Inician los trabajos de recuperación del Puente Belice II.,Gobierno de la República de Guatemala,UC-ZtFBHzgkYFh7whZkuR_Ag,@Murmullodelbarrio,UCyJhqmMbsvjpoarBBStA2kg,"​ @luisricardo9671
                                                                                                                                                                                                                                                                                               Y ni así ha hecho algo similar el Bujele
                                                                                                                                                                                                                                                                                               Solo en seguridad ya se terminó toda la economía de el Pulgarcito y ya no tiene ni quien le preste más dinero",Gobierno de la República de Guatemala,topic,youtube_guatemala_plus_comments.csv | youtube_lab_targets_small_comments.csv,/@Murmullodelbarrio,hace 6 días,3.0,0,False,,"​ @luisricardo9671
                                                                                                                                                                                                                                                                                               Y ni así ha hecho algo similar el Bujele
                                                                                                                                                                                                                                                                                               Solo en seguridad ya se terminó toda la economía de el Pulgarcito y ya no tiene ni quien le preste más dinero                                                                                                                                                                                                                                                                                                                                                                                                                                                                                                                                                                                                                                                                                                                                                                                                                                                                                                                                                  ",True,3,y ni así ha hecho algo similar el bujele solo en seguridad ya se terminó toda la economía de el pulgarcito y ya no tiene ni quien le preste más dinero,False,['@luisricardo9671'],[],[],0,similar bujele seguridad terminar economía pulgarcito prestir dinero,"['similar', 'bujele', 'seguridad', 'terminar', 'economía', 'pulgarcito', 'prestir', 'dinero']",1659,68,"​ @usuario
   Y ni así ha hecho algo similar el Bujele
   Solo en seguridad ya se terminó toda la economía de el Pulgarcito y ya no tiene ni quien le preste más dinero",classified,NEG,0.9787765145301819,0.017461618408560753,0.0037618058267980814,46,False,0.9787765145301819,False,-0.9750147087033838,pysentimiento/robertuito-sentiment-analysis,a2cc0f67ebd705c55191e25a05ba23d885fcc09b,2,2,True
6W4u8sGEnGM,UgxEsAK7q3l34wFdZ414AaABAg.A_zCnf5bSajA_zXUuRIq0q,Inician los trabajos de recuperación del Puente Belice II.,Gobierno de la República de Guatemala,UC-ZtFBHzgkYFh7whZkuR_Ag,@Murmullodelbarrio,UCyJhqmMbsvjpoarBBStA2kg,"Vos Rolando
                                                                                                                                                                                                                                                                                               Tu Bujele lleva 7 años con la cuesta los chorros y ni eso puede terminar
                                                                                                                                                                                                                                                                                               Ja jaaaaaaaaa viva Guatemala",Gobierno de la República de Guatemala,topic,youtube_guatemala_plus_comments.csv | youtube_lab_targets_small_comments.csv,/@Murmullodelbarrio,hace 6 días,4.0,0,False,,"Vos Rolando
                                                                                                                                                                                                                                                                                               Tu Bujele lleva 7 años con la cuesta los chorros y ni eso puede terminar
                                                                                                                                                                                                                                                                                               Ja jaaaaaaaaa viva Guatemala                                                                                                                                                                                                                                                                                                                                                                                                                                                                                                                                                                                                                                                                                                                                                                                                                                                                                                                                                                                                                                   ",True,4,vos rolando tu bujele lleva años con la cuesta los chorros y ni eso puede terminar ja jaaaaaaaaa viva guatemala,False,[],[],[],0,vo rolar bujele año cuesta chorro terminar ja  jaaaaaaaaa vivo guatemala,"['vo', 'rolar', 'bujele', 'año', 'cuesta', 'chorro', 'terminar', 'ja ', 'jaaaaaaaaa', 'vivo', 'guatemala']",1684,72,"Vos Rolando
   Tu Bujele lleva 7 años con la cuesta los chorros y ni eso puede terminar
   Ja jaaa viva Guatemala",classified,NEG,0.7894695401191711,0.17611505091190338,0.034415341913700104,34,False,0.7894695401191711,False,-0.755054198205471,pysentimiento/robertuito-sentiment-analysis,a2cc0f67ebd705c55191e25a05ba23d885fcc09b,2,2,True
6W4u8sGEnGM,UgxEsAK7q3l34wFdZ414AaABAg.A_zCnf5bSajA_znUL05zze,Inician los trabajos de recuperación del Puente Belice II.,Gobierno de la República de Guatemala,UC-ZtFBHzgkYFh7whZkuR_Ag,@AbigailRodas-w2r,UC63tFvbQ_hJhGDi2nbjssjw,Que fácil te dejas engañar al parecer todas se las crees a Bukeli,Gobierno de la República de Guatemala,topic,youtube_guatemala_plus_comments.csv | youtube_lab_targets_small_comments.csv,/@AbigailRodas-w2r,hace 6 días,2.0,0,False,,Que fácil te dejas engañar al parecer todas se las crees a Bukeli                                                                                                                                                                                                                                                                                                                                                                                                                                                                                                                                                                                                                                                                                                                                                                                                                                                                                                                                                                                               ,True,2,que fácil te dejas engañar al parecer todas se las crees a bukeli,False,[],[],[],0,fácil dejar engañar parecer crees bukeli,"['fácil', 'dejar', 'engañar', 'parecer', 'crees', 'bukeli']",1024,40,Que fácil te dejas engañar al parecer todas se las crees a Bukeli,classified,NEG,0.9121988415718079,0.07742530107498169,0.01037587970495224,17,False,0.9121988415718079,False,-0.9018229618668556,pysentimiento/robertuito-sentiment-analysis,a2cc0f67ebd705c55191e25a05ba23d885fcc09b,2,2,True
6W4u8sGEnGM,UgxEsAK7q3l34wFdZ414AaABAg.A_zCnf5bSajAa0q77b9a3F,Inician los trabajos de recuperación del Puente Belice II.,Gobierno de la República de Guatemala,UC-ZtFBHzgkYFh7whZkuR_Ag,@carlosgranados9875,UCtCtts20bW6F9CSohau51Iw,"Y cual mega maravillas de guanacolandia, un estadio chino, un metro cable de 3 kilometros de distancia y un via llamada los chorros que lleva como 5 años y nunca lo terminan. Por favor investiga un poco antes de abrir la bocota. Haaa¡ y se me olvidaba  la gran deuda externa que tienen.☝️🧐🇬🇹🇬🇹🇬🇹🇬🇹",Gobierno de la República de Guatemala,topic,youtube_guatemala_plus_comments.csv | youtube_lab_targets_small_comments.csv,/@carlosgranados9875,hace 5 días,,0,False,,"Y cual mega maravillas de guanacolandia, un estadio chino, un metro cable de 3 kilometros de distancia y un via llamada los chorros que lleva como 5 años y nunca lo terminan. Por favor investiga un poco antes de abrir la bocota. Haaa¡ y se me olvidaba  la gran deuda externa que tienen.☝️🧐🇬🇹🇬🇹🇬🇹🇬🇹                                                                                                                                                                                                                                                                                                                                                                                                                                                                                                                                                                                                                                                                                                                                             ",False,0,y cual mega maravillas de guanacolandia un estadio chino un metro cable de kilometros de distancia y un via llamada los chorros que lleva como años y nunca lo terminan por favor investiga un poco antes de abrir la bocota haaa y se me olvidaba la gran deuda externa que tienen,False,[],[],"['☝️', '🧐', '🇬🇹', '🇬🇹', '🇬🇹', '🇬🇹']",6,megar maravilla guanacolandia estadio chino metro cable kilometro distancia via llamado chorro año terminar favor investigar abrir bocota haaa olvidar deuda externo,"['megar', 'maravilla', 'guanacolandia', 'estadio', 'chino', 'metro', 'cable', 'kilometro', 'distancia', 'via', 'llamado', 'chorro', 'año', 'terminar', 'favor', 'investigar', 'abrir', 'bocota', 'haaa', 'olvidar', 'deuda', 'externo']",1014,164,"Y cual mega maravillas de guanacolandia, un estadio chino, un metro cable de 3 kilometros de distancia y un via llamada los chorros que lleva como 5 años y nunca lo terminan. Por favor investiga un poco antes de abrir la bocota. Haaa¡ y se me olvidaba  la gran deuda externa que tienen. emoji dedo índice hacia arriba emoji  emoji cara con monóculo emoji  emoji bandera guatemala emoji  emoji bandera guatemala emoji  emoji bandera guatemala emoji  emoji bandera guatemala emoji",classified,NEG,0.8130664825439453,0.17336790263652802,0.01356549933552742,111,False,0.8130664825439453,False,-0.7995009832084179,pysentimiento/robertuito-sentiment-analysis,a2cc0f67ebd705c55191e25a05ba23d885fcc09b,2,2,True
6W4u8sGEnGM,UgxEsAK7q3l34wFdZ414AaABAg.A_zCnf5bSajAa0qEPC8tJc,Inician los trabajos de recuperación del Puente Belice II.,Gobierno de la República de Guatemala,UC-ZtFBHzgkYFh7whZkuR_Ag,@carlosgranados9875,UCtCtts20bW6F9CSohau51Iw,​ @Murmullodelbarrio 👍🇬🇹,Gobierno de la República de Guatemala,topic,youtube_guatemala_plus_comments.csv | youtube_lab_targets_small_comments.csv,/@carlosgranados9875,hace 5 días,,0,False,,​ @Murmullodelbarrio 👍🇬🇹                                                                                                                                                                                                                                                                                                                                                                                                                                                                                                                                                                                                                                                                                                                                                                                                                                                                                                                                                                                                                                      ,False,0,,False,['@murmullodelbarrio'],[],"['👍', '🇬🇹']",2,,[],1022,0,​ @usuarioio  emoji pulgar hacia arriba emoji  emoji bandera guatemala emoji,classified,NEU,0.07826492935419083,0.7996494174003601,0.12208561599254608,20,False,0.7996494174003601,False,0.043820686638355255,pysentimiento/robertuito-sentiment-analysis,a2cc0f67ebd705c55191e25a05ba23d885fcc09b,2,2,True
6W4u8sGEnGM,UgxEsAK7q3l34wFdZ414AaABAg.A_zCnf5bSajAa41uU3Anhg,Inician los trabajos de recuperación del Puente Belice II.,Gobierno de la República de Guatemala,UC-ZtFBHzgkYFh7whZkuR_Ag,@hectormaaz5523,UCWaRixDdpgllTBf4V0jPnKQ,Por que votas por los payasos ledrones pollo roncos que han robado el pais trata de arrepentirte y no volver apoyar a sus amigos que ae estan preparando para buscar y pagar votantes,Gobierno de la República de Guatemala,topic,youtube_guatemala_plus_comments.csv | youtube_lab_targets_small_comments.csv,/@hectormaaz5523,hace 4 días,,0,False,,Por que votas por los payasos ledrones pollo roncos que han robado el pais trata de arrepentirte y no volver apoyar a sus amigos que ae estan preparando para buscar y pagar votantes                                                                                                                                                                                                                                                                                                                                                                                                                                                                                                                                                                                                                                                                                                                                                                                                                                                                           ,False,0,por que votas por los payasos ledrones pollo roncos que han robado el pais trata de arrepentirte y no volver apoyar a sus amigos que ae estan preparando para buscar y pagar votantes,False,[],[],[],0,vota payaso ledrón pollo ronco robar pais arrepentirte volver apoyar amigo ae preparar buscar pagar votante,"['vota', 'payaso', 'ledrón', 'pollo', 'ronco', 'robar', 'pais', 'arrepentirte', 'volver', 'apoyar', 'amigo', 'ae', 'preparar', 'buscar', 'pagar', 'votante']",1024,107,Por que votas por los payasos ledrones pollo roncos que han robado el pais trata de arrepentirte y no volver apoyar a sus amigos que ae estan preparando para buscar y pagar votantes,classified,NEG,0.9607798457145691,0.033249638974666595,0.005970532074570656,40,False,0.9607798457145691,False,-0.9548093136399984,pysentimiento/robertuito-sentiment-analysis,a2cc0f67ebd705c55191e25a05ba23d885fcc09b,2,2,True
n8iP75gIpmw,UgxFOJmnMHqi2dpDaZd4AaABAg,Qué rico come tu diputado,Quorum,UCE4rsXcgDb6e1-a9iTbWzfg,@RolandoRaguay,UCcfdg8crmMJwEuLUsAhV7yg,"Creo que no entienden los Sres periodistas, la comida de trabajo que se hace con personas ajenas del congreso se debe de pagar con dinero del pueblo, más no como antes que en las reuniones del congreso comían gratis todos los diputados",@quorumgt/videos,channel,quorum_complete_comments.csv | youtube_guatemala_plus_comments.csv,/@RolandoRaguay,hace 2 años,1.0,0,False,,"Creo que no entienden los Sres periodistas, la comida de trabajo que se hace con personas ajenas del congreso se debe de pagar con dinero del pueblo, más no como antes que en las reuniones del congreso comían gratis todos los diputados                                                                                                                                                                                                                                                                                                                                                                                                                                                                                                                                                                                                                                                                                                                                                                                                                   ",True,1,creo que no entienden los sres periodistas la comida de trabajo que se hace con personas ajenas del congreso se debe de pagar con dinero del pueblo más no como antes que en las reuniones del congreso comían gratis todos los diputados,False,[],[],[],0,entender sr periodista comida trabajo persona ajeno congreso pagar dinero pueblo reunión congreso comer gratis diputado,"['entender', 'sr', 'periodista', 'comida', 'trabajo', 'persona', 'ajeno', 'congreso', 'pagar', 'dinero', 'pueblo', 'reunión', 'congreso', 'comer', 'gratis', 'diputado']",1022,119,"Creo que no entienden los Sres periodistas, la comida de trabajo que se hace con personas ajenas del congreso se debe de pagar con dinero del pueblo, más no como antes que en las reuniones del congreso comían gratis todos los diputados",classified,NEG,0.8847999572753906,0.10364191979169846,0.011558128520846367,46,False,0.8847999572753906,False,-0.8732418287545443,pysentimiento/robertuito-sentiment-analysis,a2cc0f67ebd705c55191e25a05ba23d885fcc09b,0,0,True
j43HgwYFKfk,UgxFzCyhju6zPSl4zwZ4AaABAg,La cooptación de Walter Mazariegos en la USAC,Quorum,UCE4rsXcgDb6e1-a9iTbWzfg,@alfredoortega9264,UC6Uj1FT5JjDSF8vudvDxPAA,Bendiciones a la licenciada periodista Vásquez que Dios proteja su camino y la guarde siempre durante su trabajo en pos de la universidad 🙏,@quorumgt/videos,channel,quorum_complete_comments.csv | youtube_guatemala_plus_comments.csv,/@alfredoortega9264,hace 1 año,1.0,0,False,,Bendiciones a la licenciada periodista Vásquez que Dios proteja su camino y la guarde siempre durante su trabajo en pos de la universidad 🙏                                                                                                                                                                                                                                                                                                                                                                                                                                                                                                                                                                                                                                                                                                                                                                                                                                                                                                                    ,True,1,bendiciones a la licenciada periodista vásquez que dios proteja su camino y la guarde siempre durante su trabajo en pos de la universidad,False,[],[],['🙏'],1,bendición licenciada periodista vásquez dios protejar camino guarde trabajo pos universidad,"['bendición', 'licenciada', 'periodista', 'vásquez', 'dios', 'protejar', 'camino', 'guarde', 'trabajo', 'pos', 'universidad']",1023,91,Bendiciones a la licenciada periodista Vásquez que Dios proteja su camino y la guarde siempre durante su trabajo en pos de la universidad  emoji manos en oración emoji,classified,POS,0.027046550065279007,0.3075515329837799,0.6654018759727478,36,False,0.6654018759727478,False,0.6383553259074688,pysentimiento/robertuito-sentiment-analysis,a2cc0f67ebd705c55191e25a05ba23d885fcc09b,1,1,True
n8iP75gIpmw,UgxHqBlwo8Dpvv-2P5d4AaABAg,Qué rico come tu diputado,Quorum,UCE4rsXcgDb6e1-a9iTbWzfg,@anaaguirre8985,UCj-LL25XJnjxepPKCc3NGog,"Es claro nesecitan fondos=caja chica estos recursos deben ser canalizados e implementado  material utilizado las comidas podría ser en fondo general si tuviesen invitados en una sesión extendida, tener un piso por persona. (No comprar lujos)
                                                                                                                                                                                                                                                                                               Esperemos ver otras facturas de diferentes bancadas.
                                                                                                                                                                                                                                                                                               Y apoyo toda fiscalización",@quorumgt/videos,channel,quorum_complete_comments.csv | youtube_guatemala_plus_comments.csv,/@anaaguirre8985,hace 2 años,1.0,0,False,,"Es claro nesecitan fondos=caja chica estos recursos deben ser canalizados e implementado  material utilizado las comidas podría ser en fondo general si tuviesen invitados en una sesión extendida, tener un piso por persona. (No comprar lujos)
                                                                                                                                                                                                                                                                                               Esperemos ver otras facturas de diferentes bancadas.
                                                                                                                                                                                                                                                                                               Y apoyo toda fiscalización                                                                                                                                                                                                                                                                                                                                                                                                                                                                                                                                                                                                                                                                                                                                                                                                                                                                                                                                                                                                                                     ",True,1,es claro nesecitan fondos caja chica estos recursos deben ser canalizados e implementado material utilizado las comidas podría ser en fondo general si tuviesen invitados en una sesión extendida tener un piso por persona no comprar lujos esperemos ver otras facturas de diferentes bancadas y apoyo toda fiscalización,False,[],[],[],0,nesecitar fondo cajar chico recurso canalizar implementar material utilizado comida fondo general tener invitado sesión extendido piso persona comprar lujo esperar factura bancada apoyo fiscalización,"['nesecitar', 'fondo', 'cajar', 'chico', 'recurso', 'canalizar', 'implementar', 'material', 'utilizado', 'comida', 'fondo', 'general', 'tener', 'invitado', 'sesión', 'extendido', 'piso', 'persona', 'comprar', 'lujo', 'esperar', 'factura', 'bancada', 'apoyo', 'fiscalización']",1894,199,"Es claro nesecitan fondos=caja chica estos recursos deben ser canalizados e implementado  material utilizado las comidas podría ser en fondo general si tuviesen invitados en una sesión extendida, tener un piso por persona. (No comprar lujos)
   Esperemos ver otras facturas de diferentes bancadas.
   Y apoyo toda fiscalización",classified,NEU,0.08925674855709076,0.8567826151847839,0.05396066978573799,71,False,0.8567826151847839,False,-0.03529607877135277,pysentimiento/robertuito-sentiment-analysis,a2cc0f67ebd705c55191e25a05ba23d885fcc09b,0,0,True
j43HgwYFKfk,UgxJQfg5iHA6vRWS0El4AaABAg,La cooptación de Walter Mazariegos en la USAC,Quorum,UCE4rsXcgDb6e1-a9iTbWzfg,@HectorCarranza-u4j4o,UC1DpqK6vaPEkBOMNvypsKYg,se tiene unir el pueblo y zacar a este corrupto y.criminal xq el pueblo manda no es este mafioso xq este wualter masariego esta sin visa x tramposo es aliado al.pacto de.corruptos y.fe todos los terriristas,@quorumgt/videos,channel,quorum_complete_comments.csv | youtube_guatemala_plus_comments.csv,/@HectorCarranza-u4j4o,hace 6 meses,,0,False,,se tiene unir el pueblo y zacar a este corrupto y.criminal xq el pueblo manda no es este mafioso xq este wualter masariego esta sin visa x tramposo es aliado al.pacto de.corruptos y.fe todos los terriristas                                                                                                                                                                                                                                                                                                                                                                                                                                                                                                                                                                                                                                                                                                                                                                                                                                                  ,False,0,se tiene unir el pueblo y zacar a este corrupto y criminal xq el pueblo manda no es este mafioso xq este wualter masariego esta sin visa x tramposo es aliado al pacto de corruptos y fe todos los terriristas,False,[],[],[],0,unir pueblo zacar corrupto criminal xq pueblo manda mafioso xq wualter masariego visa x tramposo aliar pacto corrupto fir terrirista,"['unir', 'pueblo', 'zacar', 'corrupto', 'criminal', 'xq', 'pueblo', 'manda', 'mafioso', 'xq', 'wualter', 'masariego', 'visa', 'x', 'tramposo', 'aliar', 'pacto', 'corrupto', 'fir', 'terrirista']",1024,132,se tiene unir el pueblo y zacar a este corrupto y.criminal xq el pueblo manda no es este mafioso xq este wualter masariego esta sin visa x tramposo es aliado al.pacto urlrruptos y.fe todos los terriristas,classified,NEG,0.924941897392273,0.06159156188368797,0.013466599397361279,57,False,0.924941897392273,False,-0.9114752979949117,pysentimiento/robertuito-sentiment-analysis,a2cc0f67ebd705c55191e25a05ba23d885fcc09b,1,1,True
ndAZjHqzzT8,UgxK5IJwWigmJ56Xp7p4AaABAg,Internet: escoger el menos malo,Quorum,UCE4rsXcgDb6e1-a9iTbWzfg,@inge_vergueta,UCpsKOkt5iWTbenzeuq7dsmQ,Magistral información. Que debería ser viral y llegar a toda la población...,@quorumgt/videos,channel,quorum_complete_comments.csv | youtube_guatemala_plus_comments.csv,/@inge_vergueta,hace 2 años,1.0,0,False,,Magistral información. Que debería ser viral y llegar a toda la población...                                                                                                                                                                                                                                                                                                                                                                                                                                                                                                                                                                                                                                                                                                                                                                                                                                                                                                                                                                                    ,True,1,magistral información que debería ser viral y llegar a toda la población,False,[],[],[],0,magistral información deber viral llegar población,"['magistral', 'información', 'deber', 'viral', 'llegar', 'población']",1024,50,Magistral información. Que debería ser viral y llegar a toda la población...,classified,POS,0.03116089664399624,0.22988970577716827,0.7389493584632874,15,False,0.7389493584632874,False,0.7077884618192911,pysentimiento/robertuito-sentiment-analysis,a2cc0f67ebd705c55191e25a05ba23d885fcc09b,7,7,True
n8iP75gIpmw,UgxKfM_nJMsGTkKkM8V4AaABAg,Qué rico come tu diputado,Quorum,UCE4rsXcgDb6e1-a9iTbWzfg,@luisgpacheco5858,UCDftMWXQoJ6nONfY7GVOVjg,"Diga hasta misa diputado hambriento, cualquier justificación es pretexto y deje de buscar protagonismo en un trabajo que no hace eficientemente, ojalá la gente sensata nunca más vuelva a dar un voto en una planilla en donde figuren tipos de esta vil calaña.",@quorumgt/videos,channel,quorum_complete_comments.csv | youtube_guatemala_plus_comments.csv,/@luisgpacheco5858,hace 2 años,,0,False,,"Diga hasta misa diputado hambriento, cualquier justificación es pretexto y deje de buscar protagonismo en un trabajo que no hace eficientemente, ojalá la gente sensata nunca más vuelva a dar un voto en una planilla en donde figuren tipos de esta vil calaña.                                                                                                                                                                                                                                                                                                                                                                                                                                                                                                                                                                                                                                                                                                                                                                                             ",False,0,diga hasta misa diputado hambriento cualquier justificación es pretexto y deje de buscar protagonismo en un trabajo que no hace eficientemente ojalá la gente sensata nunca más vuelva a dar un voto en una planilla en donde figuren tipos de esta vil calaña,False,[],[],[],0,decir misa diputado hambriento justificación pretexto deje buscar protagonismo trabajo eficientemente ojalá gente sensato volver voto planilla figurir tipo vil calaño,"['decir', 'misa', 'diputado', 'hambriento', 'justificación', 'pretexto', 'deje', 'buscar', 'protagonismo', 'trabajo', 'eficientemente', 'ojalá', 'gente', 'sensato', 'volver', 'voto', 'planilla', 'figurir', 'tipo', 'vil', 'calaño']",1022,166,"Diga hasta misa diputado hambriento, cualquier justificación es pretexto y deje de buscar protagonismo en un trabajo que no hace eficientemente, ojalá la gente sensata nunca más vuelva a dar un voto en una planilla en donde figuren tipos de esta vil calaña.",classified,NEG,0.9731692671775818,0.021239014342427254,0.005591695196926594,53,False,0.9731692671775818,False,-0.9675775719806552,pysentimiento/robertuito-sentiment-analysis,a2cc0f67ebd705c55191e25a05ba23d885fcc09b,0,0,True
n8iP75gIpmw,UgxLNf6Xy3xngPFLs594AaABAg,Qué rico come tu diputado,Quorum,UCE4rsXcgDb6e1-a9iTbWzfg,@beneficioelcaminovillacana8540,UCYwpX26TrCxq8TvbKGRYLXA,Sr diputado si ud sabe cuales son las condiciones del funcionamiento y sus consecuencias de ser diputado. Por qué se mete a ser diputado cual es su objetivo q le motiva  ser funcionario político. O acaso lo obligaron ?,@quorumgt/videos,channel,quorum_complete_comments.csv | youtube_guatemala_plus_comments.csv,/@beneficioelcaminovillacana8540,hace 2 años,3.0,0,False,,Sr diputado si ud sabe cuales son las condiciones del funcionamiento y sus consecuencias de ser diputado. Por qué se mete a ser diputado cual es su objetivo q le motiva  ser funcionario político. O acaso lo obligaron ?                                                                                                                                                                                                                                                                                                                                                                                                                                                                                                                                                                                                                                                                                                                                                                                                                                      ,True,3,sr diputado si ud sabe cuales son las condiciones del funcionamiento y sus consecuencias de ser diputado por qué se mete a ser diputado cual es su objetivo q le motiva ser funcionario político o acaso lo obligaron,False,[],[],[],0,sr diputado ud condición funcionamiento consecuencia diputado meter diputado objetivo q motivar funcionario político acaso obligar,"['sr', 'diputado', 'ud', 'condición', 'funcionamiento', 'consecuencia', 'diputado', 'meter', 'diputado', 'objetivo', 'q', 'motivar', 'funcionario', 'político', 'acaso', 'obligar']",1024,130,Sr diputado si ud sabe cuales son las condiciones del funcionamiento y sus consecuencias de ser diputado. Por qué se mete a ser diputado cual es su objetivo q le motiva  ser funcionario político. O acaso lo obligaron ?,classified,NEG,0.8505212068557739,0.14336681365966797,0.0061120218597352505,44,False,0.8505212068557739,False,-0.8444091849960387,pysentimiento/robertuito-sentiment-analysis,a2cc0f67ebd705c55191e25a05ba23d885fcc09b,0,0,True
n8iP75gIpmw,UgxLSZD8ZrNFmd10RKR4AaABAg,Qué rico come tu diputado,Quorum,UCE4rsXcgDb6e1-a9iTbWzfg,@gorrarota,UCUIIIPTVDVHAXqhC_5V6lPA,"Que desgraciado ese dipurrata, justificando lo injustificable... no sólo se reunen para planear sus transas si no que además pagamos la factura de esas reuniones y cuidado que menciona a Arévago con una de las transas que pretende hacer con lo de ""tecnología"" que dice es su trabajo como legislador.",@quorumgt/videos,channel,quorum_complete_comments.csv | youtube_guatemala_plus_comments.csv,/@gorrarota,hace 2 años,,0,False,,"Que desgraciado ese dipurrata, justificando lo injustificable... no sólo se reunen para planear sus transas si no que además pagamos la factura de esas reuniones y cuidado que menciona a Arévago con una de las transas que pretende hacer con lo de ""tecnología"" que dice es su trabajo como legislador.                                                                                                                                                                                                                                                                                                                                                                                                                                                                                                                                                                                                                                                                                                                                                 ",False,0,que desgraciado ese dipurrata justificando lo injustificable no sólo se reunen para planear sus transas si no que además pagamos la factura de esas reuniones y cuidado que menciona a arévago con una de las transas que pretende hacer con lo de tecnología que dice es su trabajo como legislador,False,[],[],[],0,desgraciar dipurrata justificar injustificable reunir planear transa pagar factura reunión cuidado mencionar arévago transa pretender tecnología trabajo legislador,"['desgraciar', 'dipurrata', 'justificar', 'injustificable', 'reunir', 'planear', 'transa', 'pagar', 'factura', 'reunión', 'cuidado', 'mencionar', 'arévago', 'transa', 'pretender', 'tecnología', 'trabajo', 'legislador']",1020,163,"Que desgraciado ese dipurrata, justificando lo injustificable... no sólo se reunen para planear sus transas si no que además pagamos la factura de esas reuniones y cuidado que menciona a Arévago con una de las transas que pretende hacer con lo de ""tecnología"" que dice es su trabajo como legislador.",classified,NEG,0.9717497229576111,0.023254580795764923,0.004995712079107761,69,False,0.9717497229576111,False,-0.9667540108785033,pysentimiento/robertuito-sentiment-analysis,a2cc0f67ebd705c55191e25a05ba23d885fcc09b,0,0,True
6W4u8sGEnGM,UgxNSGVebHMGSFI8zX94AaABAg,Inician los trabajos de recuperación del Puente Belice II.,Gobierno de la República de Guatemala,UC-ZtFBHzgkYFh7whZkuR_Ag,@josegil3813,UCzZ6dDCEsLMXbc5pCFXIprw,"tendra' una vista maravillosa , pero lo feo sera' la vista del rio aguas negras muy negativo para el turismo internacional.-",Gobierno de la República de Guatemala,topic,youtube_guatemala_plus_comments.csv | youtube_lab_targets_small_comments.csv,/@josegil3813,hace 6 días,,0,False,,"tendra' una vista maravillosa , pero lo feo sera' la vista del rio aguas negras muy negativo para el turismo internacional.-                                                                                                                                                                                                                                                                                                                                                                                                                                                                                                                                                                                                                                                                                                                                                                                                                                                                                                                                  ",False,0,tendra una vista maravillosa pero lo feo sera la vista del rio aguas negras muy negativo para el turismo internacional,False,[],[],[],0,tendrar vista maravilloso feo vista rio agua negro negativo turismo internacional,"['tendrar', 'vista', 'maravilloso', 'feo', 'vista', 'rio', 'agua', 'negro', 'negativo', 'turismo', 'internacional']",1022,81,"tendra' una vista maravillosa , pero lo feo sera' la vista del rio aguas negras muy negativo para el turismo internacional.-",classified,NEG,0.8930357694625854,0.08866076171398163,0.01830349490046501,27,False,0.8930357694625854,False,-0.8747322745621204,pysentimiento/robertuito-sentiment-analysis,a2cc0f67ebd705c55191e25a05ba23d885fcc09b,4,2,False
PjmxCj-a9Hg,UgxNgFkGSE6nct4PF3V4AaABAg,Conferencia de Prensa del Gobierno de Guatemala. #LaRondaGt,Gobierno de la República de Guatemala,UC-ZtFBHzgkYFh7whZkuR_Ag,@juandeleon9060,UCNIeXbV_mEwpa412h1aqUWw,Regresa. Y. Bas de buelta. Ala carsel....,@GobiernodeGuatemala,topic,PjmxCj-a9Hg_out_comments.csv | youtube_guatemala_plus_comments.csv,/@juandeleon9060,hace 1 año,,0,False,,Regresa. Y. Bas de buelta. Ala carsel....                                                                                                                                                                                                                                                                                                                                                                                                                                                                                                                                                                                                                                                                                                                                                                                                                                                                                                                                                                                                                       ,False,0,regresa y bas de buelta ala carsel,False,[],[],[],0,regresar bas buelta ala carsel,"['regresar', 'bas', 'buelta', 'ala', 'carsel']",1024,30,Regresa. Y. Bas de buelta. Ala carsel...,classified,NEU,0.12626881897449493,0.7461709976196289,0.12756019830703735,14,False,0.7461709976196289,False,0.0012913793325424194,pysentimiento/robertuito-sentiment-analysis,a2cc0f67ebd705c55191e25a05ba23d885fcc09b,4,4,True
ndAZjHqzzT8,UgxOO0LIkZP1WvhR1U54AaABAg,Internet: escoger el menos malo,Quorum,UCE4rsXcgDb6e1-a9iTbWzfg,@imrcp5694,UC_6KbBY1bsYXz9fwFS0eQRg,Exelente 👌,@quorumgt/videos,channel,quorum_complete_comments.csv | youtube_guatemala_plus_comments.csv,/@imrcp5694,hace 2 años,,0,False,,Exelente 👌                                                                                                                                                                                                                                                                                                                                                                                                                                                                                                                                                                                                                                                                                                                                                                                                                                                                                                                                                                                                                                                     ,False,0,exelente,False,[],[],['👌'],1,exelente,['exelente'],1023,8,Exelente  emoji señal de aprobación con la mano emoji,classified,POS,0.005033498629927635,0.043592292815446854,0.9513742327690125,15,False,0.9513742327690125,False,0.9463407341390848,pysentimiento/robertuito-sentiment-analysis,a2cc0f67ebd705c55191e25a05ba23d885fcc09b,7,7,True
6W4u8sGEnGM,UgxPHo503SIH-EmlR-t4AaABAg,Inician los trabajos de recuperación del Puente Belice II.,Gobierno de la República de Guatemala,UC-ZtFBHzgkYFh7whZkuR_Ag,@albertoshernandez5251,UCV3fr-YOixFKCZBbJP1-X4w,"EL PRESIDENTE BERNARDO AREVALO TIENE QUE DAR SEGUNDA BUELTA COMO PRESIDENTE PARA QUE TERMINE TODOS LOS PROYECTOS QUE LOS ANTERIORES PRESINTES LADRONES NO FINALISARON .,EL PRESIDENTE BERNARDO AREVALO TIENE QUE DAR SEGUNDA BUELTA PORQUE SE VE MUY BIÉN QUE SI ESTA HACIENDO MUCHAS COSAS BUENAS EN GUATEMALA 👍.",Gobierno de la República de Guatemala,topic,youtube_guatemala_plus_comments.csv | youtube_lab_targets_small_comments.csv,/@albertoshernandez5251,hace 6 días,2.0,0,False,,"EL PRESIDENTE BERNARDO AREVALO TIENE QUE DAR SEGUNDA BUELTA COMO PRESIDENTE PARA QUE TERMINE TODOS LOS PROYECTOS QUE LOS ANTERIORES PRESINTES LADRONES NO FINALISARON .,EL PRESIDENTE BERNARDO AREVALO TIENE QUE DAR SEGUNDA BUELTA PORQUE SE VE MUY BIÉN QUE SI ESTA HACIENDO MUCHAS COSAS BUENAS EN GUATEMALA 👍.                                                                                                                                                                                                                                                                                                                                                                                                                                                                                                                                                                                                                                                                                                                                           ",True,2,el presidente bernardo arevalo tiene que dar segunda buelta como presidente para que termine todos los proyectos que los anteriores presintes ladrones no finalisaron el presidente bernardo arevalo tiene que dar segunda buelta porque se ve muy bién que si esta haciendo muchas cosas buenas en guatemala,False,[],[],['👍'],1,presidente bernardo arevalo buelta presidente terminar proyecto anterior presint ladrón finalisar presidente bernardo arevalo buelta ver bién cosa guatemala,"['presidente', 'bernardo', 'arevalo', 'buelta', 'presidente', 'terminar', 'proyecto', 'anterior', 'presint', 'ladrón', 'finalisar', 'presidente', 'bernardo', 'arevalo', 'buelta', 'ver', 'bién', 'cosa', 'guatemala']",1021,156,"EL PRESIDENTE BERNARDO AREVALO TIENE QUE DAR SEGUNDA BUELTA COMO PRESIDENTE PARA QUE TERMINE TODOS LOS PROYECTOS QUE LOS ANTERIORES PRESINTES LADRONES NO FINALISARON .,EL PRESIDENTE BERNARDO AREVALO TIENE QUE DAR SEGUNDA BUELTA PORQUE SE VE MUY BIÉN QUE SI ESTA HACIENDO MUCHAS COSAS BUENAS EN GUATEMALA  emoji pulgar hacia arriba emoji .",classified,POS,0.03246064856648445,0.17034530639648438,0.7971940040588379,71,False,0.7971940040588379,False,0.7647333554923534,pysentimiento/robertuito-sentiment-analysis,a2cc0f67ebd705c55191e25a05ba23d885fcc09b,2,2,True
n8iP75gIpmw,UgxPRaGm9MdlK4U6VPt4AaABAg,Qué rico come tu diputado,Quorum,UCE4rsXcgDb6e1-a9iTbWzfg,@federicosaquimux1933,UCDQaQv0hr2SS_PO-CMEwVHg,"Bueno, si lo tienen más que ""merecido"" por el trabajo por la patria, hay menús más baratos. Aunque lo justifica y lo rejustifica, no es merecido con tanta desnutrición y costo de la canasta básica.
                                                                                                                                                                                                                                                                                               
                                                                                                                                                                                                                                                                                               Por honestidad, se puede reintegrar.",@quorumgt/videos,channel,quorum_complete_comments.csv | youtube_guatemala_plus_comments.csv,/@federicosaquimux1933,hace 2 años (editado),1.0,0,False,,"Bueno, si lo tienen más que ""merecido"" por el trabajo por la patria, hay menús más baratos. Aunque lo justifica y lo rejustifica, no es merecido con tanta desnutrición y costo de la canasta básica.
                                                                                                                                                                                                                                                                                               
                                                                                                                                                                                                                                                                                               Por honestidad, se puede reintegrar.                                                                                                                                                                                                                                                                                                                                                                                                                                                                                                                                                                                                                                                                                                                                                                                                                                                                                                                                                                                                                           ",True,1,bueno si lo tienen más que merecido por el trabajo por la patria hay menús más baratos aunque lo justifica y lo rejustifica no es merecido con tanta desnutrición y costo de la canasta básica por honestidad se puede reintegrar,False,[],[],[],0,merecer trabajo patria menú barato justificar rejustifica merecer tanto desnutrición costo canasta básico honestidad reintegrar,"['merecer', 'trabajo', 'patria', 'menú', 'barato', 'justificar', 'rejustifica', 'merecer', 'tanto', 'desnutrición', 'costo', 'canasta', 'básico', 'honestidad', 'reintegrar']",1798,127,"Bueno, si lo tienen más que ""merecido"" por el trabajo por la patria, hay menús más baratos. Aunque lo justifica y lo rejustifica, no es merecido con tanta desnutrición y costo de la canasta básica.
   
   Por honestidad, se puede reintegrar.",classified,NEG,0.5726351737976074,0.3563005030155182,0.07106434553861618,66,False,0.5726351737976074,True,-0.5015708282589912,pysentimiento/robertuito-sentiment-analysis,a2cc0f67ebd705c55191e25a05ba23d885fcc09b,0,0,True
yLZS3JiEBg8,UgxQC-ejR063rkAb1VB4AaABAg,Arroz con pollo a la MONOPOLIO,Quorum,UCE4rsXcgDb6e1-a9iTbWzfg,@jabriz8152,UCefAH1MbvADWUjE9WVcB9EQ,"Y no hay manera de aprobar la ley de libre competencia, Guatepeor, aranceles, trabas a importaciones, suministros, hasta cuando",@quorumgt/videos,channel,quorum_complete_comments.csv | youtube_guatemala_plus_comments.csv,/@jabriz8152,hace 2 años (editado),,0,False,,"Y no hay manera de aprobar la ley de libre competencia, Guatepeor, aranceles, trabas a importaciones, suministros, hasta cuando                                                                                                                                                                                                                                                                                                                                                                                                                                                                                                                                                                                                                                                                                                                                                                                                                                                                                                                               ",False,0,y no hay manera de aprobar la ley de libre competencia guatepeor aranceles trabas a importaciones suministros hasta cuando,False,[],[],[],0,aprobar ley libre competencia guatepeor arancel traba importación suministro,"['aprobar', 'ley', 'libre', 'competencia', 'guatepeor', 'arancel', 'traba', 'importación', 'suministro']",1022,76,"Y no hay manera de aprobar la ley de libre competencia, Guatepeor, aranceles, trabas a importaciones, suministros, hasta cuando",classified,NEG,0.9801211357116699,0.017045868560671806,0.0028330034110695124,31,False,0.9801211357116699,False,-0.9772881323006004,pysentimiento/robertuito-sentiment-analysis,a2cc0f67ebd705c55191e25a05ba23d885fcc09b,7,7,True
n8iP75gIpmw,UgxR0AXNH_3DGn-T1494AaABAg,Qué rico come tu diputado,Quorum,UCE4rsXcgDb6e1-a9iTbWzfg,@osmanmorales3012,UC72gBAtyb_VXQlYDcFrh6oQ,Y para que participan si por el sueldo no es sino por robar,@quorumgt/videos,channel,quorum_complete_comments.csv | youtube_guatemala_plus_comments.csv,/@osmanmorales3012,hace 2 años,15.0,0,False,,Y para que participan si por el sueldo no es sino por robar                                                                                                                                                                                                                                                                                                                                                                                                                                                                                                                                                                                                                                                                                                                                                                                                                                                                                                                                                                                                     ,True,15,y para que participan si por el sueldo no es sino por robar,False,[],[],[],0,participar sueldo robar,"['participar', 'sueldo', 'robar']",1024,23,Y para que participan si por el sueldo no es sino por robar,classified,NEG,0.7736864686012268,0.2135540097951889,0.012759546749293804,15,False,0.7736864686012268,False,-0.760926921851933,pysentimiento/robertuito-sentiment-analysis,a2cc0f67ebd705c55191e25a05ba23d885fcc09b,0,0,True
6W4u8sGEnGM,UgxR1eqvFSEtPNShD8x4AaABAg,Inician los trabajos de recuperación del Puente Belice II.,Gobierno de la República de Guatemala,UC-ZtFBHzgkYFh7whZkuR_Ag,@anibalg47,UCEHXl4VvvVpq-_4xC5tsbhg,SEÑORES ESTE ES UN MEGA PROYECTO. DEBEMOS TRABAJAR Y PENSAR EN EL FUTURO DE GUATEMALA.AVANCEMOS HACIA ADELANTE.  DELANTE...,Gobierno de la República de Guatemala,topic,youtube_guatemala_plus_comments.csv | youtube_lab_targets_small_comments.csv,/@anibalg47,hace 6 días,7.0,0,False,,SEÑORES ESTE ES UN MEGA PROYECTO. DEBEMOS TRABAJAR Y PENSAR EN EL FUTURO DE GUATEMALA.AVANCEMOS HACIA ADELANTE.  DELANTE...                                                                                                                                                                                                                                                                                                                                                                                                                                                                                                                                                                                                                                                                                                                                                                                                                                                                                                                                     ,True,7,señores este es un mega proyecto debemos trabajar y pensar en el futuro de guatemala avancemos hacia adelante delante,False,[],[],[],0,señor mega proyecto deber trabajar pensar futuro guatemala avancemo,"['señor', 'mega', 'proyecto', 'deber', 'trabajar', 'pensar', 'futuro', 'guatemala', 'avancemo']",1024,67,SEÑORES ESTE ES UN MEGA PROYECTO. DEBEMOS TRABAJAR Y PENSAR EN EL FUTURO DE GUATEMALA.AVANCEMOS HACIA ADELANTE.  DELANTE...,classified,POS,0.022129366174340248,0.21195097267627716,0.7659196853637695,26,False,0.7659196853637695,False,0.7437903191894293,pysentimiento/robertuito-sentiment-analysis,a2cc0f67ebd705c55191e25a05ba23d885fcc09b,2,2,True
6W4u8sGEnGM,UgxS0pN-vg0fjeNSLeJ4AaABAg,Inician los trabajos de recuperación del Puente Belice II.,Gobierno de la República de Guatemala,UC-ZtFBHzgkYFh7whZkuR_Ag,@franciscojuarez9223,UCeQk-WfEA-cJRq4EKeE7TOw,lamento arruinarles la fiesta pero dudo que esto logren materializarlo y si se logra que soporte un fuerte sismo... lo dudo... desde ya es un reto para el nivel de corrupción en el que vivimos y que se termine esta obra que si beneficiara a miles,Gobierno de la República de Guatemala,topic,youtube_guatemala_plus_comments.csv | youtube_lab_targets_small_comments.csv,/@franciscojuarez9223,hace 6 días,,0,False,,lamento arruinarles la fiesta pero dudo que esto logren materializarlo y si se logra que soporte un fuerte sismo... lo dudo... desde ya es un reto para el nivel de corrupción en el que vivimos y que se termine esta obra que si beneficiara a miles                                                                                                                                                                                                                                                                                                                                                                                                                                                                                                                                                                                                                                                                                                                                                                                                          ,False,0,lamento arruinarles la fiesta pero dudo que esto logren materializarlo y si se logra que soporte un fuerte sismo lo dudo desde ya es un reto para el nivel de corrupción en el que vivimos y que se termine esta obra que si beneficiara a miles,False,[],[],[],0,lamento arruinarl fiesta dudo lograr materializar él lograr soporte fuerte sismo dudo reto nivel corrupción vivir terminar obra beneficiar mil,"['lamento', 'arruinarl', 'fiesta', 'dudo', 'lograr', 'materializar él', 'lograr', 'soporte', 'fuerte', 'sismo', 'dudo', 'reto', 'nivel', 'corrupción', 'vivir', 'terminar', 'obra', 'beneficiar', 'mil']",1024,142,lamento arruinarles la fiesta pero dudo que esto logren materializarlo y si se logra que soporte un fuerte sismo... lo dudo... desde ya es un reto para el nivel de corrupción en el que vivimos y que se termine esta obra que si beneficiara a miles,classified,NEG,0.9709585309028625,0.024794837459921837,0.004246603697538376,55,False,0.9709585309028625,False,-0.9667119272053242,pysentimiento/robertuito-sentiment-analysis,a2cc0f67ebd705c55191e25a05ba23d885fcc09b,2,2,True
n8iP75gIpmw,UgxTjz0jSJkZW5dGnSp4AaABAg,Qué rico come tu diputado,Quorum,UCE4rsXcgDb6e1-a9iTbWzfg,@ARGELIATELON,UCkd9W714-947dEE6ZOEBATA,"Nomás se sientan en el cargo de diputados y ministros y....les crecen ""los cachetes"" hasta les brillan y la barriga. Ej. Benito (tamaletas), Sinibaldi y otros. Y nuestros niños desnutridos....les viene del aire.",@quorumgt/videos,channel,quorum_complete_comments.csv | youtube_guatemala_plus_comments.csv,/@ARGELIATELON,hace 2 años,,0,False,,"Nomás se sientan en el cargo de diputados y ministros y....les crecen ""los cachetes"" hasta les brillan y la barriga. Ej. Benito (tamaletas), Sinibaldi y otros. Y nuestros niños desnutridos....les viene del aire.                                                                                                                                                                                                                                                                                                                                                                                                                                                                                                                                                                                                                                                                                                                                                                                                                                         ",False,0,nomás se sientan en el cargo de diputados y ministros y les crecen los cachetes hasta les brillan y la barriga ej benito tamaletas sinibaldi y otros y nuestros niños desnutridos les viene del aire,False,[],[],[],0,nomás sentar cargo diputado ministro crecer cachet brillan barriga ej benito tamaleta sinibaldi niño desnutrido venir aire,"['nomás', 'sentar', 'cargo', 'diputado', 'ministro', 'crecer', 'cachet', 'brillan', 'barriga', 'ej', 'benito', 'tamaleta', 'sinibaldi', 'niño', 'desnutrido', 'venir', 'aire']",1020,122,"Nomás se sientan en el cargo de diputados y ministros y...les crecen ""los cachetes"" hasta les brillan y la barriga. Ej. Benito (tamaletas), Sinibaldi y otros. Y nuestros niños desnutridos...les viene del aire.",classified,NEG,0.9631775617599487,0.031086605042219162,0.0057358392514288425,50,False,0.9631775617599487,False,-0.9574417225085199,pysentimiento/robertuito-sentiment-analysis,a2cc0f67ebd705c55191e25a05ba23d885fcc09b,0,0,True
n8iP75gIpmw,UgxVUS-jkZU2DAjmNjR4AaABAg,Qué rico come tu diputado,Quorum,UCE4rsXcgDb6e1-a9iTbWzfg,@hectorcarranza3777,UCljDbleJul41G1TzOjOZAVA,x eso es que estan bravos todos esos sinverguenzas xq ya no pueden hacer sus cochinadas ahora con don vernardo arevalo antes asian amedia noche a escondidas del pueblo ahora seles termino todo que verguenza que el pueblo sufriendo muchos problemas y eyos gosando de buenas dietas,@quorumgt/videos,channel,quorum_complete_comments.csv | youtube_guatemala_plus_comments.csv,/@hectorcarranza3777,hace 2 años,1.0,0,False,,x eso es que estan bravos todos esos sinverguenzas xq ya no pueden hacer sus cochinadas ahora con don vernardo arevalo antes asian amedia noche a escondidas del pueblo ahora seles termino todo que verguenza que el pueblo sufriendo muchos problemas y eyos gosando de buenas dietas                                                                                                                                                                                                                                                                                                                                                                                                                                                                                                                                                                                                                                                                                                                                                                         ,True,1,x eso es que estan bravos todos esos sinverguenzas xq ya no pueden hacer sus cochinadas ahora con don vernardo arevalo antes asian amedia noche a escondidas del pueblo ahora seles termino todo que verguenza que el pueblo sufriendo muchos problemas y eyos gosando de buenas dietas,False,[],[],[],0,x bravo sinverguenza xq cochinada don vernardo arevalo asiar amediar noche escondidas pueblo sel termino verguenzar pueblo sufrir problema eyo gosar dieta,"['x', 'bravo', 'sinverguenza', 'xq', 'cochinada', 'don', 'vernardo', 'arevalo', 'asiar', 'amediar', 'noche', 'escondidas', 'pueblo', 'sel', 'termino', 'verguenzar', 'pueblo', 'sufrir', 'problema', 'eyo', 'gosar', 'dieta']",1024,154,x eso es que estan bravos todos esos sinverguenzas xq ya no pueden hacer sus cochinadas ahora con don vernardo arevalo antes asian amedia noche a escondidas del pueblo ahora seles termino todo que verguenza que el pueblo sufriendo muchos problemas y eyos gosando de buenas dietas,classified,NEG,0.9683577418327332,0.02758178673684597,0.0040604472160339355,64,False,0.9683577418327332,False,-0.9642972946166992,pysentimiento/robertuito-sentiment-analysis,a2cc0f67ebd705c55191e25a05ba23d885fcc09b,0,0,True
j43HgwYFKfk,UgxW0ZnTohConSPgOpp4AaABAg,La cooptación de Walter Mazariegos en la USAC,Quorum,UCE4rsXcgDb6e1-a9iTbWzfg,@karensussetteleonvargas9794,UCGGHbtfbbe0o68etrOf0qxw,Exelente,@quorumgt/videos,channel,quorum_complete_comments.csv | youtube_guatemala_plus_comments.csv,/@karensussetteleonvargas9794,hace 6 meses,,0,False,,Exelente                                                                                                                                                                                                                                                                                                                                                                                                                                                                                                                                                                                                                                                                                                                                                                                                                                                                                                                                                                                                                                                        ,False,0,exelente,False,[],[],[],0,exelente,['exelente'],1024,8,Exelente,classified,POS,0.0072461762465536594,0.048195939511060715,0.9445578455924988,4,False,0.9445578455924988,False,0.9373116693459451,pysentimiento/robertuito-sentiment-analysis,a2cc0f67ebd705c55191e25a05ba23d885fcc09b,1,1,True
OkXlHx0hx-8,UgxWzoHDeFfVC7jrjzF4AaABAg,EE.UU. envía a mexicanos deportados a Guatemala antes de su regreso a México | Noticias Telemundo,Noticias Telemundo,UCRwA1NUcUnwsly35ikGhp0A,@aurahernandez5646,UCVdjCrh4tQoX3haNAZv-n5A,Dios los bendiga y disfruten su familia Dios sabe lo que hace bendiciones para todos.,guatemala noticias,topic,youtube_guatemala_comments.csv | youtube_guatemala_plus_comments.csv,/@aurahernandez5646,hace 1 día,3.0,1,False,,Dios los bendiga y disfruten su familia Dios sabe lo que hace bendiciones para todos.                                                                                                                                                                                                                                                                                                                                                                                                                                                                                                                                                                                                                                                                                                                                                                                                                                                                                                                                                                           ,True,3,dios los bendiga y disfruten su familia dios sabe lo que hace bendiciones para todos,False,[],[],[],0,dio bendiga disfrutir familia dio bendición,"['dio', 'bendiga', 'disfrutir', 'familia', 'dio', 'bendición']",1024,43,Dios los bendiga y disfruten su familia Dios sabe lo que hace bendiciones para todos.,classified,POS,0.004176661372184753,0.04440737143158913,0.9514159560203552,17,False,0.9514159560203552,False,0.9472392946481705,pysentimiento/robertuito-sentiment-analysis,a2cc0f67ebd705c55191e25a05ba23d885fcc09b,5,5,True
OkXlHx0hx-8,UgxWzoHDeFfVC7jrjzF4AaABAg.Aa9DdH5avRRAaB_gLYRAuw,EE.UU. envía a mexicanos deportados a Guatemala antes de su regreso a México | Noticias Telemundo,Noticias Telemundo,UCRwA1NUcUnwsly35ikGhp0A,@eugeneramirez4405,UCi2KiZq63sRq8Mfbcp-MelQ,If you're not a citizen you cannot stay!,guatemala noticias,topic,youtube_guatemala_comments.csv | youtube_guatemala_plus_comments.csv,/@eugeneramirez4405,hace 20 horas,,0,False,,If you're not a citizen you cannot stay!                                                                                                                                                                                                                                                                                                                                                                                                                                                                                                                                                                                                                                                                                                                                                                                                                                                                                                                                                                                                                        ,False,0,if you re not a citizen you cannot stay,False,[],[],[],0,if you re not citizen you cannot stay,"['if', 'you', 're', 'not', 'citizen', 'you', 'cannot', 'stay']",1024,37,If you're not a citizen you cannot stay!,classified,NEG,0.6682210564613342,0.26745763421058655,0.06432123482227325,12,False,0.6682210564613342,False,-0.603899821639061,pysentimiento/robertuito-sentiment-analysis,a2cc0f67ebd705c55191e25a05ba23d885fcc09b,5,5,True
j43HgwYFKfk,UgxXGkvxY-TdtPROWcV4AaABAg,La cooptación de Walter Mazariegos en la USAC,Quorum,UCE4rsXcgDb6e1-a9iTbWzfg,@mariocordon8873,UCZeIIQrGAedW8tCbKWmGY-A,No cabe duda que es el reflejo de la cooptacion que el pacto de corruptos a echo en todas las instituciones del pais.,@quorumgt,topic,j43HgwYFKfk_out_comments.csv | quorum_complete_comments.csv | youtube_guatemala_plus_comments.csv,/@mariocordon8873,hace 1 año,9.0,0,False,,No cabe duda que es el reflejo de la cooptacion que el pacto de corruptos a echo en todas las instituciones del pais.                                                                                                                                                                                                                                                                                                                                                                                                                                                                                                                                                                                                                                                                                                                                                                                                                                                                                                                                           ,True,9,no cabe duda que es el reflejo de la cooptacion que el pacto de corruptos a echo en todas las instituciones del pais,False,[],[],[],0,caber duda reflejo cooptacion pacto corrupto echo institución pais,"['caber', 'duda', 'reflejo', 'cooptacion', 'pacto', 'corrupto', 'echo', 'institución', 'pais']",1024,66,No cabe duda que es el reflejo de la cooptacion que el pacto de corruptos a echo en todas las instituciones del pais.,classified,NEG,0.9457166790962219,0.043252840638160706,0.011030544526875019,27,False,0.9457166790962219,False,-0.9346861345693469,pysentimiento/robertuito-sentiment-analysis,a2cc0f67ebd705c55191e25a05ba23d885fcc09b,1,1,True
ndAZjHqzzT8,UgxXy9CurqMBEjFnVwF4AaABAg,Internet: escoger el menos malo,Quorum,UCE4rsXcgDb6e1-a9iTbWzfg,@hashojea7348,UCvcu1kR8xMYy_I1Ty-2mV2Q,"Excelente video, me acabo de suscribir al canal y ahora a ver los demás videos.",@quorumgt/videos,channel,quorum_complete_comments.csv | youtube_guatemala_plus_comments.csv,/@hashojea7348,hace 2 años,,0,False,,"Excelente video, me acabo de suscribir al canal y ahora a ver los demás videos.                                                                                                                                                                                                                                                                                                                                                                                                                                                                                                                                                                                                                                                                                                                                                                                                                                                                                                                                                                               ",False,0,excelente video me acabo de suscribir al canal y ahora a ver los demás videos,False,[],[],[],0,excelente video acabar suscribir canal video,"['excelente', 'video', 'acabar', 'suscribir', 'canal', 'video']",1022,44,"Excelente video, me acabo de suscribir al canal y ahora a ver los demás videos.",classified,POS,0.002739599673077464,0.03689618036150932,0.9603642821311951,18,False,0.9603642821311951,False,0.9576246824581176,pysentimiento/robertuito-sentiment-analysis,a2cc0f67ebd705c55191e25a05ba23d885fcc09b,7,7,True
n8iP75gIpmw,UgxZFzh6jzOX7Avhk1h4AaABAg,Qué rico come tu diputado,Quorum,UCE4rsXcgDb6e1-a9iTbWzfg,@allanmunoz7410,UCFUuDARXdmmIrLppEqf-rFg,"Es con criterio, no le podemos exigir mucho.",@quorumgt/videos,channel,quorum_complete_comments.csv | youtube_guatemala_plus_comments.csv,/@allanmunoz7410,hace 2 años,,0,False,,"Es con criterio, no le podemos exigir mucho.                                                                                                                                                                                                                                                                                                                                                                                                                                                                                                                                                                                                                                                                                                                                                                                                                                                                                                                                                                                                                  ",False,0,es con criterio no le podemos exigir mucho,False,[],[],[],0,criterio exigir,"['criterio', 'exigir']",1022,15,"Es con criterio, no le podemos exigir mucho.",classified,NEU,0.3446089029312134,0.5728292465209961,0.08256182074546814,11,False,0.5728292465209961,True,-0.26204708218574524,pysentimiento/robertuito-sentiment-analysis,a2cc0f67ebd705c55191e25a05ba23d885fcc09b,0,0,True
yLZS3JiEBg8,Ugx_gjcVH5SlIKBNTGh4AaABAg,Arroz con pollo a la MONOPOLIO,Quorum,UCE4rsXcgDb6e1-a9iTbWzfg,@alhvi,UCCUmP4PlbwgikVFpYwbtRTg,"Excelente trabajo. Sigan haciendo más vídeos así, explicando con lenguaje sencillo. Quisiera apoyarles más, pero les dejo mi like, comentario y comparto.",@quorumgt/videos,channel,quorum_complete_comments.csv | youtube_guatemala_plus_comments.csv,/@alhvi,hace 2 años,3.0,0,False,,"Excelente trabajo. Sigan haciendo más vídeos así, explicando con lenguaje sencillo. Quisiera apoyarles más, pero les dejo mi like, comentario y comparto.                                                                                                                                                                                                                                                                                                                                                                                                                                                                                                                                                                                                                                                                                                                                                                                                                                                                                                     ",True,3,excelente trabajo sigan haciendo más vídeos así explicando con lenguaje sencillo quisiera apoyarles más pero les dejo mi like comentario y comparto,False,[],[],[],0,excelente trabajo seguir vídeo explicar lenguaje sencillo querer apoyarl dejar like comentario comparto,"['excelente', 'trabajo', 'seguir', 'vídeo', 'explicar', 'lenguaje', 'sencillo', 'querer', 'apoyarl', 'dejar', 'like', 'comentario', 'comparto']",1022,103,"Excelente trabajo. Sigan haciendo más vídeos así, explicando con lenguaje sencillo. Quisiera apoyarles más, pero les dejo mi like, comentario y comparto.",classified,POS,0.004576229956001043,0.07086191326379776,0.9245618581771851,27,False,0.9245618581771851,False,0.919985628221184,pysentimiento/robertuito-sentiment-analysis,a2cc0f67ebd705c55191e25a05ba23d885fcc09b,7,7,True
06mFNPU0aB8,Ugxb-sknzjBr3wecCw94AaABAg,Capturan a presuntos delincuentes disfrazados de mujer señalados de cometer asalto,Noti7,UCVpSRoZgngfSL03Nlbjtq9A,@MariaSantos-c8y3h,UCfXykdbSU97rj987LDUGfvg,Por q no dan la cara,guatemala noticias,topic,youtube_guatemala_comments.csv | youtube_guatemala_plus_comments.csv,/@MariaSantos-c8y3h,hace 2 semanas,1.0,0,False,,Por q no dan la cara                                                                                                                                                                                                                                                                                                                                                                                                                                                                                                                                                                                                                                                                                                                                                                                                                                                                                                                                                                                                                                            ,True,1,por q no dan la cara,False,[],[],[],0,q cara,"['q', 'cara']",1024,6,Por q no dan la cara,classified,NEG,0.926661491394043,0.0650385245680809,0.008299888111650944,8,False,0.926661491394043,False,-0.918361603282392,pysentimiento/robertuito-sentiment-analysis,a2cc0f67ebd705c55191e25a05ba23d885fcc09b,6,6,True
j43HgwYFKfk,Ugxb1xcC9SSJ_5vSArF4AaABAg,La cooptación de Walter Mazariegos en la USAC,Quorum,UCE4rsXcgDb6e1-a9iTbWzfg,@davidlima1348,UC4Avya4kmR4Q0FrfFdBozSQ,"Urge estudiantes y catedráticos con lucha social,en recuperar la autonomía universitaria,es urgente fiscalizar los bienes de quienes estuvieron apoyando a este rector,revisar viajesitos a muchos estudiantes que se vendieron urge una A.E.U. que ame la sancarlos y nuestro bendito país,urgente fiscalizarlos",@quorumgt,topic,j43HgwYFKfk_out_comments.csv | quorum_complete_comments.csv | youtube_guatemala_plus_comments.csv,/@davidlima1348,hace 1 año,11.0,0,False,,"Urge estudiantes y catedráticos con lucha social,en recuperar la autonomía universitaria,es urgente fiscalizar los bienes de quienes estuvieron apoyando a este rector,revisar viajesitos a muchos estudiantes que se vendieron urge una A.E.U. que ame la sancarlos y nuestro bendito país,urgente fiscalizarlos                                                                                                                                                                                                                                                                                                                                                                                                                                                                                                                                                                                                                                                                                                                                             ",True,11,urge estudiantes y catedráticos con lucha social en recuperar la autonomía universitaria es urgente fiscalizar los bienes de quienes estuvieron apoyando a este rector revisar viajesitos a muchos estudiantes que se vendieron urge una a e u que ame la sancarlos y nuestro bendito país urgente fiscalizarlos,False,[],[],[],0,urge estudiante catedrático lucha social recuperar autonomía universitario urgente fiscalizar bien estar apoyar rector revisar viajesito estudiante vendar urge amir sancar él bendito país urgente fiscalizar él,"['urge', 'estudiante', 'catedrático', 'lucha', 'social', 'recuperar', 'autonomía', 'universitario', 'urgente', 'fiscalizar', 'bien', 'estar', 'apoyar', 'rector', 'revisar', 'viajesito', 'estudiante', 'vendar', 'urge', 'amir', 'sancar él', 'bendito', 'país', 'urgente', 'fiscalizar él']",1022,209,"Urge estudiantes y catedráticos con lucha social,en recuperar la autonomía universitaria,es urgente fiscalizar los bienes de quienes estuvieron apoyando a este rector,revisar viajesitos a muchos estudiantes que se vendieron urge una A.E.U. que ame la sancarlos y nuestro bendito país,urgente fiscalizarlos",classified,NEU,0.3630000054836273,0.49824923276901245,0.13875068724155426,63,False,0.49824923276901245,True,-0.22424931824207306,pysentimiento/robertuito-sentiment-analysis,a2cc0f67ebd705c55191e25a05ba23d885fcc09b,1,1,True
n8iP75gIpmw,Ugxbz7-04jLwadBMK_p4AaABAg,Qué rico come tu diputado,Quorum,UCE4rsXcgDb6e1-a9iTbWzfg,@carlosaguilar-kz7ml,UChep9kVb5gQmpodEEl10Xlg,2000 quetzales todo una quincena se hartaron en un solo dia. Que joyitas estas que no piensan en el pueblo.,@quorumgt/videos,channel,quorum_complete_comments.csv | youtube_guatemala_plus_comments.csv,/@carlosaguilar-kz7ml,hace 2 años,,0,False,,2000 quetzales todo una quincena se hartaron en un solo dia. Que joyitas estas que no piensan en el pueblo.                                                                                                                                                                                                                                                                                                                                                                                                                                                                                                                                                                                                                                                                                                                                                                                                                                                                                                                                                     ,False,0,quetzales todo una quincena se hartaron en un solo dia que joyitas estas que no piensan en el pueblo,False,[],[],[],0,quetza él quincena hartar joyita pensar pueblo,"['quetza él', 'quincena', 'hartar', 'joyita', 'pensar', 'pueblo']",1024,46,2000 quetzales todo una quincena se hartaron en un solo dia. Que joyitas estas que no piensan en el pueblo.,classified,NEG,0.9538969397544861,0.03726344555616379,0.008839566260576248,26,False,0.9538969397544861,False,-0.9450573734939098,pysentimiento/robertuito-sentiment-analysis,a2cc0f67ebd705c55191e25a05ba23d885fcc09b,0,0,True
6W4u8sGEnGM,UgxcBa2IQb3I0JZcFax4AaABAg,Inician los trabajos de recuperación del Puente Belice II.,Gobierno de la República de Guatemala,UC-ZtFBHzgkYFh7whZkuR_Ag,@AlejandroPérez-b6r,UCtsxPYw8VUsH_FfnKg-0lmw,Lo del nombre es lo de menos ojala que si lo terminen esta vez,Gobierno de la República de Guatemala,topic,youtube_guatemala_plus_comments.csv | youtube_lab_targets_small_comments.csv,/@AlejandroP%C3%A9rez-b6r,hace 6 días,2.0,0,False,,Lo del nombre es lo de menos ojala que si lo terminen esta vez                                                                                                                                                                                                                                                                                                                                                                                                                                                                                                                                                                                                                                                                                                                                                                                                                                                                                                                                                                                                  ,True,2,lo del nombre es lo de menos ojala que si lo terminen esta vez,False,[],[],[],0,nombre ojala terminir,"['nombre', 'ojala', 'terminir']",1024,21,Lo del nombre es lo de menos ojala que si lo terminen esta vez,classified,NEU,0.4533412754535675,0.49849405884742737,0.048164673149585724,16,False,0.49849405884742737,True,-0.4051766023039818,pysentimiento/robertuito-sentiment-analysis,a2cc0f67ebd705c55191e25a05ba23d885fcc09b,2,2,True
n8iP75gIpmw,UgxcGV8-rD83ACvM0954AaABAg,Qué rico come tu diputado,Quorum,UCE4rsXcgDb6e1-a9iTbWzfg,@ronyarana8849,UCRlCV9zSn7avAWh-9_XFWqQ,"No es un buen salario 25,000.00 quetzales dice entonces q puedo hacer yo con 3,000.00 tristes quetzales",@quorumgt/videos,channel,quorum_complete_comments.csv | youtube_guatemala_plus_comments.csv,/@ronyarana8849,hace 2 años,1.0,0,False,,"No es un buen salario 25,000.00 quetzales dice entonces q puedo hacer yo con 3,000.00 tristes quetzales                                                                                                                                                                                                                                                                                                                                                                                                                                                                                                                                                                                                                                                                                                                                                                                                                                                                                                                                                       ",True,1,no es un buen salario quetzales dice entonces q puedo hacer yo con tristes quetzales,False,[],[],[],0,salario quetzales q trist quetzal,"['salario', 'quetzales', 'q', 'trist', 'quetzal']",1022,33,"No es un buen salario 25,000.00 quetzales dice entonces q puedo hacer yo con 3,000.00 tristes quetzales",classified,NEG,0.8563534617424011,0.13407151401042938,0.009575103409588337,27,False,0.8563534617424011,False,-0.8467783583328128,pysentimiento/robertuito-sentiment-analysis,a2cc0f67ebd705c55191e25a05ba23d885fcc09b,0,0,True
n8iP75gIpmw,UgxctiUZJriWwsE0a6J4AaABAg,Qué rico come tu diputado,Quorum,UCE4rsXcgDb6e1-a9iTbWzfg,@yeniferaguirre4498,UCut6b9S98nv84cVX89PmKzA,Échale un cuento completo este diputado y toda la bola de inservibles que fueron a comerse dinero del pueblo hasta sanguijuelas Oiga bien Dice que Cómo en el erario público y el gobierno como empresa donde una empresa produce dinero ellos gastan dinero desde una empresa no le da un bocado de comida a nadie si no produce ellos no producen ellos son los gastan,@quorumgt/videos,channel,quorum_complete_comments.csv | youtube_guatemala_plus_comments.csv,/@yeniferaguirre4498,hace 2 años,,0,False,,Échale un cuento completo este diputado y toda la bola de inservibles que fueron a comerse dinero del pueblo hasta sanguijuelas Oiga bien Dice que Cómo en el erario público y el gobierno como empresa donde una empresa produce dinero ellos gastan dinero desde una empresa no le da un bocado de comida a nadie si no produce ellos no producen ellos son los gastan                                                                                                                                                                                                                                                                                                                                                                                                                                                                                                                                                                                                                                                                                        ,False,0,échale un cuento completo este diputado y toda la bola de inservibles que fueron a comerse dinero del pueblo hasta sanguijuelas oiga bien dice que cómo en el erario público y el gobierno como empresa donde una empresa produce dinero ellos gastan dinero desde una empresa no le da un bocado de comida a nadie si no produce ellos no producen ellos son los gastan,False,[],[],[],0,échalir cuento completo diputado bola inservibl comer él dinero pueblo sanguijuela oigar erario público gobierno empresa empresa producir dinero gastar dinero empresa bocado comida producir producir gastar,"['échalir', 'cuento', 'completo', 'diputado', 'bola', 'inservibl', 'comer él', 'dinero', 'pueblo', 'sanguijuela', 'oigar', 'erario', 'público', 'gobierno', 'empresa', 'empresa', 'producir', 'dinero', 'gastar', 'dinero', 'empresa', 'bocado', 'comida', 'producir', 'producir', 'gastar']",1024,205,Échale un cuento completo este diputado y toda la bola de inservibles que fueron a comerse dinero del pueblo hasta sanguijuelas Oiga bien Dice que Cómo en el erario público y el gobierno como empresa donde una empresa produce dinero ellos gastan dinero desde una empresa no le da un bocado de comida a nadie si no produce ellos no producen ellos son los gastan,classified,NEG,0.9674015641212463,0.026807647198438644,0.005790722090750933,74,False,0.9674015641212463,False,-0.9616108420304954,pysentimiento/robertuito-sentiment-analysis,a2cc0f67ebd705c55191e25a05ba23d885fcc09b,0,0,True
6W4u8sGEnGM,Ugxd8fn-MEnc3SKPtid4AaABAg,Inician los trabajos de recuperación del Puente Belice II.,Gobierno de la República de Guatemala,UC-ZtFBHzgkYFh7whZkuR_Ag,@lara11roberto,UCfo_yUPzy1f1POwwZxhZ06Q,"Otto Pérez Leal dejó tirado un paso a desnivel en Molino Las Flores y Neto Bran ni se ha molestado en retomar.
                                                                                                                                                                                                                                                                                               Hay diferencias de políticos. Arévalo, el tiempo le dará la razón.
                                                                                                                                                                                                                                                                                               La paciencia es una virtud.",Gobierno de la República de Guatemala,topic,youtube_guatemala_plus_comments.csv | youtube_lab_targets_small_comments.csv,/@lara11roberto,hace 6 días,1.0,0,False,,"Otto Pérez Leal dejó tirado un paso a desnivel en Molino Las Flores y Neto Bran ni se ha molestado en retomar.
                                                                                                                                                                                                                                                                                               Hay diferencias de políticos. Arévalo, el tiempo le dará la razón.
                                                                                                                                                                                                                                                                                               La paciencia es una virtud.                                                                                                                                                                                                                                                                                                                                                                                                                                                                                                                                                                                                                                                                                                                                                                                                                                                                                                                                                                                                                                    ",True,1,otto pérez leal dejó tirado un paso a desnivel en molino las flores y neto bran ni se ha molestado en retomar hay diferencias de políticos arévalo el tiempo le dará la razón la paciencia es una virtud,False,[],[],[],0,otto pérez leal tirado paso desnivel molino flor neto brar molestar retomar diferencia político arévalo tiempo dar razón paciencia virtud,"['otto', 'pérez', 'leal', 'tirado', 'paso', 'desnivel', 'molino', 'flor', 'neto', 'brar', 'molestar', 'retomar', 'diferencia', 'político', 'arévalo', 'tiempo', 'dar', 'razón', 'paciencia', 'virtud']",1777,137,"Otto Pérez Leal dejó tirado un paso a desnivel en Molino Las Flores y Neto Bran ni se ha molestado en retomar.
   Hay diferencias de políticos. Arévalo, el tiempo le dará la razón.
   La paciencia es una virtud.",classified,NEG,0.6305991411209106,0.3042568862438202,0.06514398008584976,58,False,0.6305991411209106,False,-0.5654551610350609,pysentimiento/robertuito-sentiment-analysis,a2cc0f67ebd705c55191e25a05ba23d885fcc09b,2,2,True
6W4u8sGEnGM,UgxdfjiT5_VBaeADj7h4AaABAg,Inician los trabajos de recuperación del Puente Belice II.,Gobierno de la República de Guatemala,UC-ZtFBHzgkYFh7whZkuR_Ag,@albertoshernandez5251,UCV3fr-YOixFKCZBbJP1-X4w,TODO EL APOYO PARA EL PRESIDENTE BERNARDO AREVALO 👏🎉👏🎉👏🎉👏,Gobierno de la República de Guatemala,topic,youtube_guatemala_plus_comments.csv | youtube_lab_targets_small_comments.csv,/@albertoshernandez5251,hace 6 días,4.0,0,False,,TODO EL APOYO PARA EL PRESIDENTE BERNARDO AREVALO 👏🎉👏🎉👏🎉👏                                                                                                                                                                                                                                                                                                                                                                                                                                                                                                                                                                                                                                                                                                                                                                                                                                                                                                                                                                                                ,True,4,todo el apoyo para el presidente bernardo arevalo,False,[],[],"['👏', '🎉', '👏', '🎉', '👏', '🎉', '👏']",7,apoyo presidente bernardo arevalo,"['apoyo', 'presidente', 'bernardo', 'arevalo']",1017,33,TODO EL APOYO PARA EL PRESIDENTE BERNARDO AREVALO  emoji manos aplaudiendo emoji  emoji cañón de confeti emoji  emoji manos aplaudiendo emoji  emoji cañón de confeti emoji  emoji manos aplaudiendo emoji  emoji cañón de confeti emoji  emoji manos aplaudiendo emoji,classified,NEU,0.07937856763601303,0.53361576795578,0.38700565695762634,63,False,0.53361576795578,True,0.3076270893216133,pysentimiento/robertuito-sentiment-analysis,a2cc0f67ebd705c55191e25a05ba23d885fcc09b,2,2,True
n8iP75gIpmw,Ugxe0MXeW4ziwUMTfF54AaABAg,Qué rico come tu diputado,Quorum,UCE4rsXcgDb6e1-a9iTbWzfg,@edwingeovanymarroquinmarro6684,UCTylKrsqkrBKIqubMu_5N0Q,Jejejejejkee porque nosotros vivos con el minimo jejeje,@quorumgt/videos,channel,quorum_complete_comments.csv | youtube_guatemala_plus_comments.csv,/@edwingeovanymarroquinmarro6684,hace 2 años,1.0,0,False,,Jejejejejkee porque nosotros vivos con el minimo jejeje                                                                                                                                                                                                                                                                                                                                                                                                                                                                                                                                                                                                                                                                                                                                                                                                                                                                                                                                                                                                         ,True,1,jejejejejkee porque nosotros vivos con el minimo jejeje,False,[],[],[],0,jejejejejkee vivo minimo jejeje,"['jejejejejkee', 'vivo', 'minimo', 'jejeje']",1024,31,Jejejejejkee porque nosotros vivos con el minimo jejeje,classified,NEU,0.06981782615184784,0.7917838096618652,0.13839833438396454,12,False,0.7917838096618652,False,0.0685805082321167,pysentimiento/robertuito-sentiment-analysis,a2cc0f67ebd705c55191e25a05ba23d885fcc09b,0,0,True
j43HgwYFKfk,UgxeJQgzDc124jVv7Fx4AaABAg,La cooptación de Walter Mazariegos en la USAC,Quorum,UCE4rsXcgDb6e1-a9iTbWzfg,@leonelsantizo5281,UC5hvEnRUzI4Kfvwnyi4QxqQ,Más claro imposible! Usac sigan en su lucha! Mientras comparto su video para que más personas se informen,@quorumgt,topic,j43HgwYFKfk_out_comments.csv | quorum_complete_comments.csv | youtube_guatemala_plus_comments.csv,/@leonelsantizo5281,hace 1 año,2.0,0,False,,Más claro imposible! Usac sigan en su lucha! Mientras comparto su video para que más personas se informen                                                                                                                                                                                                                                                                                                                                                                                                                                                                                                                                                                                                                                                                                                                                                                                                                                                                                                                                                       ,True,2,más claro imposible usac sigan en su lucha mientras comparto su video para que más personas se informen,False,[],[],[],0,imposible usac seguir lucha compartir video persona informar,"['imposible', 'usac', 'seguir', 'lucha', 'compartir', 'video', 'persona', 'informar']",1024,60,Más claro imposible! Usac sigan en su lucha! Mientras comparto su video para que más personas se informen,classified,POS,0.0139873456209898,0.2448112666606903,0.7412014603614807,24,False,0.7412014603614807,False,0.7272141147404909,pysentimiento/robertuito-sentiment-analysis,a2cc0f67ebd705c55191e25a05ba23d885fcc09b,1,1,True
WIUZtitfLRw,Ugxf6gnAtXKqV1Q_zRd4AaABAg,Caminar en una ciudad hecha para carros,Quorum,UCE4rsXcgDb6e1-a9iTbWzfg,@blogarteplus,UCVhif9eV0f8plICen2DnpKA,"Excelente reportaje. Les comparto algo que escribí en mi blog sobre mi experiencia siendo peatón en la cabecera departamental de Jutiapa, acá en Guatemala.
                                                                                                                                                                                                                                                                                               https://mrmannoticias.blogspot.com/2018/04/el-indomito-peaton-de-jutiapa.html",@quorumgt/videos,channel,quorum_complete_comments.csv | youtube_guatemala_plus_comments.csv,/@blogarteplus,hace 1 año,,0,False,,"Excelente reportaje. Les comparto algo que escribí en mi blog sobre mi experiencia siendo peatón en la cabecera departamental de Jutiapa, acá en Guatemala.
                                                                                                                                                                                                                                                                                               https://mrmannoticias.blogspot.com/2018/04/el-indomito-peaton-de-jutiapa.html                                                                                                                                                                                                                                                                                                                                                                                                                                                                                                                                                                                                                                                                                                                                                                                                                                                                                                                                                                                  ",False,0,excelente reportaje les comparto algo que escribí en mi blog sobre mi experiencia siendo peatón en la cabecera departamental de jutiapa acá en guatemala,True,[],[],[],0,excelente reportaje compartir escribir blog experiencia peatón cabecera departamental jutiapa acá guatemala,"['excelente', 'reportaje', 'compartir', 'escribir', 'blog', 'experiencia', 'peatón', 'cabecera', 'departamental', 'jutiapa', 'acá', 'guatemala']",1467,107,"Excelente reportaje. Les comparto algo que escribí en mi blog sobre mi experiencia siendo peatón en la cabecera departamental de Jutiapa, acá en Guatemala.
   url-indomito-peaton-de-jutiapa.html",classified,NEU,0.04129573330283165,0.48582813143730164,0.4728761315345764,54,False,0.48582813143730164,True,0.43158039823174477,pysentimiento/robertuito-sentiment-analysis,a2cc0f67ebd705c55191e25a05ba23d885fcc09b,7,7,True
n8iP75gIpmw,UgxfUxJfY_pjvu9318Z4AaABAg,Qué rico come tu diputado,Quorum,UCE4rsXcgDb6e1-a9iTbWzfg,@JoseSimilox-p6e,UC1vr9aaMI2crB0NvwFHUeoQ,Ese diputado es mañoso y abusivo como todos solo de artar no hacen nada bueno por el pueblo ladrones el pueblo le paga de Ai tiene que pagar su almuerzo,@quorumgt/videos,channel,quorum_complete_comments.csv | youtube_guatemala_plus_comments.csv,/@JoseSimilox-p6e,hace 1 año,,0,False,,Ese diputado es mañoso y abusivo como todos solo de artar no hacen nada bueno por el pueblo ladrones el pueblo le paga de Ai tiene que pagar su almuerzo                                                                                                                                                                                                                                                                                                                                                                                                                                                                                                                                                                                                                                                                                                                                                                                                                                                                                                        ,False,0,ese diputado es mañoso y abusivo como todos solo de artar no hacen nada bueno por el pueblo ladrones el pueblo le paga de ai tiene que pagar su almuerzo,False,[],[],[],0,diputado mañoso abusivo artar pueblo ladronser pueblo pagar ai pagar almuerzo,"['diputado', 'mañoso', 'abusivo', 'artar', 'pueblo', 'ladronser', 'pueblo', 'pagar', 'ai', 'pagar', 'almuerzo']",1024,77,Ese diputado es mañoso y abusivo como todos solo de artar no hacen nada bueno por el pueblo ladrones el pueblo le paga de Ai tiene que pagar su almuerzo,classified,NEG,0.97584468126297,0.018890054896473885,0.005265160463750362,36,False,0.97584468126297,False,-0.9705795207992196,pysentimiento/robertuito-sentiment-analysis,a2cc0f67ebd705c55191e25a05ba23d885fcc09b,0,0,True
n8iP75gIpmw,UgxfnbtuhVQuDILnXj14AaABAg,Qué rico come tu diputado,Quorum,UCE4rsXcgDb6e1-a9iTbWzfg,@ArielRodas-g5y,UCEgEQmRbtL5fwr9_DqAC--g,Que no justifique. Trabajo es trabajo y tiene que haser algo,@quorumgt/videos,channel,quorum_complete_comments.csv | youtube_guatemala_plus_comments.csv,/@ArielRodas-g5y,hace 2 años,2.0,0,False,,Que no justifique. Trabajo es trabajo y tiene que haser algo                                                                                                                                                                                                                                                                                                                                                                                                                                                                                                                                                                                                                                                                                                                                                                                                                                                                                                                                                                                                    ,True,2,que no justifique trabajo es trabajo y tiene que haser algo,False,[],[],[],0,justifique trabajo trabajo haser,"['justifique', 'trabajo', 'trabajo', 'haser']",1024,32,Que no justifique. Trabajo es trabajo y tiene que haser algo,classified,NEU,0.17079691588878632,0.7048562169075012,0.12434680759906769,16,False,0.7048562169075012,False,-0.04645010828971863,pysentimiento/robertuito-sentiment-analysis,a2cc0f67ebd705c55191e25a05ba23d885fcc09b,0,0,True
lj983NWyAQY,Ugxgxziq7k4s9WwmauB4AaABAg,Plan 2032 Ciudad de Guatemala,Municipalidad de Guatemala,UCXa6LVjBzUtmcM3cwbd9e2w,@jeanmorales1677,UCIUhbSCy3-SGRe5UtqM4fzQ,Es problema es el exceso de vehículos y eso nadie lo podrá resolver sin contar la falta de educación vial que genera bastante tráfico ya q todos quieren pasar al mismo tiempo. Pero son buenos proyectos.,Municipalidad de Guatemala,topic,lj983NWyAQY_out_comments.csv | youtube_guatemala_plus_comments.csv,/@jeanmorales1677,hace 4 años,1.0,0,False,,Es problema es el exceso de vehículos y eso nadie lo podrá resolver sin contar la falta de educación vial que genera bastante tráfico ya q todos quieren pasar al mismo tiempo. Pero son buenos proyectos.                                                                                                                                                                                                                                                                                                                                                                                                                                                                                                                                                                                                                                                                                                                                                                                                                                                      ,True,1,es problema es el exceso de vehículos y eso nadie lo podrá resolver sin contar la falta de educación vial que genera bastante tráfico ya q todos quieren pasar al mismo tiempo pero son buenos proyectos,False,[],[],[],0,problema exceso vehículo resolver contar falta educación vial generar tráfico q querer pasar tiempo proyecto,"['problema', 'exceso', 'vehículo', 'resolver', 'contar', 'falta', 'educación', 'vial', 'generar', 'tráfico', 'q', 'querer', 'pasar', 'tiempo', 'proyecto']",1024,108,Es problema es el exceso de vehículos y eso nadie lo podrá resolver sin contar la falta de educación vial que genera bastante tráfico ya q todos quieren pasar al mismo tiempo. Pero son buenos proyectos.,classified,NEG,0.9381409883499146,0.054929714649915695,0.006929302122443914,39,False,0.9381409883499146,False,-0.9312116862274706,pysentimiento/robertuito-sentiment-analysis,a2cc0f67ebd705c55191e25a05ba23d885fcc09b,3,3,True
OkXlHx0hx-8,UgxiEgXuexKPtHEwAQJ4AaABAg,EE.UU. envía a mexicanos deportados a Guatemala antes de su regreso a México | Noticias Telemundo,Noticias Telemundo,UCRwA1NUcUnwsly35ikGhp0A,@jesusguzman2321,UCozFYHN0e_-vlQbX3wQGOug,Esa son la noticia de univision y Telemundo  no dan otra positiva al gobierno  ya lo estamos desenmascarando  su manipulación,guatemala noticias,topic,youtube_guatemala_comments.csv | youtube_guatemala_plus_comments.csv,/@jesusguzman2321,hace 1 día,5.0,2,False,,Esa son la noticia de univision y Telemundo  no dan otra positiva al gobierno  ya lo estamos desenmascarando  su manipulación                                                                                                                                                                                                                                                                                                                                                                                                                                                                                                                                                                                                                                                                                                                                                                                                                                                                                                                                   ,True,5,esa son la noticia de univision y telemundo no dan otra positiva al gobierno ya lo estamos desenmascarando su manipulación,False,[],[],[],0,noticia univision telemundo positiva gobierno desenmascarar manipulación,"['noticia', 'univision', 'telemundo', 'positiva', 'gobierno', 'desenmascarar', 'manipulación']",1024,72,Esa son la noticia de univision y Telemundo  no dan otra positiva al gobierno  ya lo estamos desenmascarando  su manipulación,classified,NEG,0.9598485827445984,0.035226818174123764,0.004924613982439041,29,False,0.9598485827445984,False,-0.9549239687621593,pysentimiento/robertuito-sentiment-analysis,a2cc0f67ebd705c55191e25a05ba23d885fcc09b,5,5,True
OkXlHx0hx-8,UgxiEgXuexKPtHEwAQJ4AaABAg.Aa9HLCNywwKAa9OgyseDes,EE.UU. envía a mexicanos deportados a Guatemala antes de su regreso a México | Noticias Telemundo,Noticias Telemundo,UCRwA1NUcUnwsly35ikGhp0A,@Ripped-Yoda,UCQMMuADgqWUOcJpLwHOzC-g,Bajo el crimen y la oferta de casas crecio en Texas…..lastima por tamto ilegal,guatemala noticias,topic,youtube_guatemala_comments.csv | youtube_guatemala_plus_comments.csv,/@Ripped-Yoda,hace 1 día,,0,False,,Bajo el crimen y la oferta de casas crecio en Texas…..lastima por tamto ilegal                                                                                                                                                                                                                                                                                                                                                                                                                                                                                                                                                                                                                                                                                                                                                                                                                                                                                                                                                                                  ,False,0,bajo el crimen y la oferta de casas crecio en texas lastima por tamto ilegal,False,[],[],[],0,crimen oferta casa crecio texas lastima tamto ilegal,"['crimen', 'oferta', 'casa', 'crecio', 'texas', 'lastima', 'tamto', 'ilegal']",1024,52,Bajo el crimen y la oferta de casas crecio en Texas..lastima por tamto ilegal,classified,NEG,0.9323515295982361,0.06234452873468399,0.005303927231580019,21,False,0.9323515295982361,False,-0.9270476023666561,pysentimiento/robertuito-sentiment-analysis,a2cc0f67ebd705c55191e25a05ba23d885fcc09b,5,5,True
OkXlHx0hx-8,UgxiEgXuexKPtHEwAQJ4AaABAg.Aa9HLCNywwKAa9ZeEQh7n7,EE.UU. envía a mexicanos deportados a Guatemala antes de su regreso a México | Noticias Telemundo,Noticias Telemundo,UCRwA1NUcUnwsly35ikGhp0A,@mariaalexander427,UC-QOpE7GOxlXcHZ8b7HbQKA,💯Correcto.  Unicoyote y Telementiras ya jartan con la misma novela y teatro todos los dias.,guatemala noticias,topic,youtube_guatemala_comments.csv | youtube_guatemala_plus_comments.csv,/@mariaalexander427,hace 1 día,,0,False,,💯Correcto.  Unicoyote y Telementiras ya jartan con la misma novela y teatro todos los dias.                                                                                                                                                                                                                                                                                                                                                                                                                                                                                                                                                                                                                                                                                                                                                                                                                                                                                                                                                                    ,False,0,correcto unicoyote y telementiras ya jartan con la misma novela y teatro todos los dias,False,[],[],['💯'],1,correcto unicoyote telementira jartar novela teatrir,"['correcto', 'unicoyote', 'telementira', 'jartar', 'novela', 'teatrir']",1023,52,emoji cien puntos emoji Correcto.  Unicoyote y Telementiras ya jartan con la misma novela y teatro todos los dias.,classified,NEG,0.8376858830451965,0.14148291945457458,0.020831206813454628,28,False,0.8376858830451965,False,-0.8168546762317419,pysentimiento/robertuito-sentiment-analysis,a2cc0f67ebd705c55191e25a05ba23d885fcc09b,5,5,True
lj983NWyAQY,Ugxj76_NAyOnh_vsgMV4AaABAg,Plan 2032 Ciudad de Guatemala,Municipalidad de Guatemala,UCXa6LVjBzUtmcM3cwbd9e2w,@sabinamarinaguerra3248,UC0RpuMwkDKJYqgKHtsJRuWQ,Se ve moderna Y bella la ciudad de Guatemala .......Saludos desde Ecuador,Municipalidad de Guatemala,topic,lj983NWyAQY_out_comments.csv | youtube_guatemala_plus_comments.csv,/@sabinamarinaguerra3248,hace 7 años,113.0,1,False,,Se ve moderna Y bella la ciudad de Guatemala .......Saludos desde Ecuador                                                                                                                                                                                                                                                                                                                                                                                                                                                                                                                                                                                                                                                                                                                                                                                                                                                                                                                                                                                       ,True,113,se ve moderna y bella la ciudad de guatemala saludos desde ecuador,False,[],[],[],0,ver moderno bello ciudad guatemala saludo ecuador,"['ver', 'moderno', 'bello', 'ciudad', 'guatemala', 'saludo', 'ecuador']",1024,49,Se ve moderna Y bella la ciudad de Guatemala ...Saludos desde Ecuador,classified,POS,0.0024241351056843996,0.023534107953310013,0.9740417003631592,16,False,0.9740417003631592,False,0.9716175652574748,pysentimiento/robertuito-sentiment-analysis,a2cc0f67ebd705c55191e25a05ba23d885fcc09b,3,3,True
6W4u8sGEnGM,UgxkcFai5KbeHyhGbnF4AaABAg,Inician los trabajos de recuperación del Puente Belice II.,Gobierno de la República de Guatemala,UC-ZtFBHzgkYFh7whZkuR_Ag,@JorgeMunoz-gd9et,UC-HeUTT6_g-VoiWds2a4H-w,Señor presidente enfoque se en combatir la delincuencia y usted será recordado como el mejor presidente de Guatemala,Gobierno de la República de Guatemala,topic,youtube_guatemala_plus_comments.csv | youtube_lab_targets_small_comments.csv,/@JorgeMunoz-gd9et,hace 6 días,,0,False,,Señor presidente enfoque se en combatir la delincuencia y usted será recordado como el mejor presidente de Guatemala                                                                                                                                                                                                                                                                                                                                                                                                                                                                                                                                                                                                                                                                                                                                                                                                                                                                                                                                            ,False,0,señor presidente enfoque se en combatir la delincuencia y usted será recordado como el mejor presidente de guatemala,False,[],[],[],0,señor presidente enfoque combatir delincuencia recordar presidente guatemala,"['señor', 'presidente', 'enfoque', 'combatir', 'delincuencia', 'recordar', 'presidente', 'guatemala']",1024,76,Señor presidente enfoque se en combatir la delincuencia y usted será recordado como el mejor presidente de Guatemala,classified,POS,0.12240275740623474,0.3064438998699188,0.5711533427238464,20,False,0.5711533427238464,True,0.4487505853176117,pysentimiento/robertuito-sentiment-analysis,a2cc0f67ebd705c55191e25a05ba23d885fcc09b,2,2,True
n8iP75gIpmw,Ugxl5bLZ1llR9fV0V0l4AaABAg,Qué rico come tu diputado,Quorum,UCE4rsXcgDb6e1-a9iTbWzfg,@alfonsomorales2653,UC2Y_EHWQKevubk4vOEBBFxw,"Demos Like y comentemos en este tipo de contenido, asi mas gente se entera de estos tranzas
                                                                                                                                                                                                                                                                                               Risa dá que pida que hanlen de lo que ""hace bien""..... Es su trabajo pedazo de M",@quorumgt/videos,channel,quorum_complete_comments.csv | youtube_guatemala_plus_comments.csv,/@alfonsomorales2653,hace 2 años,1.0,0,False,,"Demos Like y comentemos en este tipo de contenido, asi mas gente se entera de estos tranzas
                                                                                                                                                                                                                                                                                               Risa dá que pida que hanlen de lo que ""hace bien""..... Es su trabajo pedazo de M                                                                                                                                                                                                                                                                                                                                                                                                                                                                                                                                                                                                                                                                                                                                                                                                                                                                                                                                                                             ",True,1,demos like y comentemos en este tipo de contenido asi mas gente se entera de estos tranzas risa dá que pida que hanlen de lo que hace bien es su trabajo pedazo de m,False,[],[],[],0,demo like coment tipo contenido gente entera tranzas risa dá pedir hanlar trabajo pedazo m,"['demo', 'like', 'coment', 'tipo', 'contenido', 'gente', 'entera', 'tranzas', 'risa', 'dá', 'pedir', 'hanlar', 'trabajo', 'pedazo', 'm']",1401,90,"Demos Like y comentemos en este tipo de contenido, asi mas gente se entera de estos tranzas
   Risa dá que pida que hanlen de lo que ""hace bien""... Es su trabajo pedazo de M",classified,NEG,0.7926536202430725,0.1639293134212494,0.0434170626103878,47,False,0.7926536202430725,False,-0.7492365576326847,pysentimiento/robertuito-sentiment-analysis,a2cc0f67ebd705c55191e25a05ba23d885fcc09b,0,0,True
j43HgwYFKfk,UgxoLjEjkngSVGZvO1N4AaABAg,La cooptación de Walter Mazariegos en la USAC,Quorum,UCE4rsXcgDb6e1-a9iTbWzfg,@inge_vergueta,UCpsKOkt5iWTbenzeuq7dsmQ,👏👏👏👏👏👏,@quorumgt,topic,j43HgwYFKfk_out_comments.csv | quorum_complete_comments.csv | youtube_guatemala_plus_comments.csv,/@inge_vergueta,hace 1 año,2.0,0,False,,👏👏👏👏👏👏                                                                                                                                                                                                                                                                                                                                                                                                                                                                                                                                                                                                                                                                                                                                                                                                                                                                                                                                                                                                                                                    ,True,2,,False,[],[],"['👏', '👏', '👏', '👏', '👏', '👏']",6,,[],1018,0,emoji manos aplaudiendo emoji  emoji manos aplaudiendo emoji  emoji manos aplaudiendo emoji,classified,NEU,0.17449265718460083,0.5716180205345154,0.2538893520832062,21,False,0.5716180205345154,True,0.07939669489860535,pysentimiento/robertuito-sentiment-analysis,a2cc0f67ebd705c55191e25a05ba23d885fcc09b,7,1,False
n8iP75gIpmw,Ugxoc10_rBva4f6IW2N4AaABAg,Qué rico come tu diputado,Quorum,UCE4rsXcgDb6e1-a9iTbWzfg,@TeresaLucero-b5o,UCwW2OFy95P7ZBkOPxWkpvYg,Que devuelvan el pisto ...,@quorumgt/videos,channel,quorum_complete_comments.csv | youtube_guatemala_plus_comments.csv,/@TeresaLucero-b5o,hace 2 años,1.0,0,False,,Que devuelvan el pisto ...                                                                                                                                                                                                                                                                                                                                                                                                                                                                                                                                                                                                                                                                                                                                                                                                                                                                                                                                                                                                                                      ,True,1,que devuelvan el pisto,False,[],[],[],0,devolver pisto,"['devolver', 'pisto']",1024,14,Que devuelvan el pisto ...,classified,NEU,0.238459512591362,0.6776947379112244,0.08384571224451065,7,False,0.6776947379112244,False,-0.15461380034685135,pysentimiento/robertuito-sentiment-analysis,a2cc0f67ebd705c55191e25a05ba23d885fcc09b,0,0,True
yLZS3JiEBg8,UgxovP0Yh3_qrKdrKrp4AaABAg,Arroz con pollo a la MONOPOLIO,Quorum,UCE4rsXcgDb6e1-a9iTbWzfg,@marioramirez299,UCwEe1RKlEv1UpNWmWYfSh4w,"Primera contradicción ¿Cómo le van a poner un conjunto de reglas a un ""libre mercado"". Al hacer la ley ya no será un libre mercado.
                                                                                                                                                                                                                                                                                               
                                                                                                                                                                                                                                                                                               El problema no es la falta de ley. El problema es el sistema capitalista. No hay que darle tanta vuelta",@quorumgt/videos,channel,quorum_complete_comments.csv | youtube_guatemala_plus_comments.csv,/@marioramirez299,hace 2 años,,0,False,,"Primera contradicción ¿Cómo le van a poner un conjunto de reglas a un ""libre mercado"". Al hacer la ley ya no será un libre mercado.
                                                                                                                                                                                                                                                                                               
                                                                                                                                                                                                                                                                                               El problema no es la falta de ley. El problema es el sistema capitalista. No hay que darle tanta vuelta                                                                                                                                                                                                                                                                                                                                                                                                                                                                                                                                                                                                                                                                                                                                                                                                                                                                                                                                                        ",False,0,primera contradicción cómo le van a poner un conjunto de reglas a un libre mercado al hacer la ley ya no será un libre mercado el problema no es la falta de ley el problema es el sistema capitalista no hay que darle tanta vuelta,False,[],[],[],0,contradicción conjunto regla libre mercado ley libre mercado problema falta ley problema sistema capitalista dar él tanto vuelta,"['contradicción', 'conjunto', 'regla', 'libre', 'mercado', 'ley', 'libre', 'mercado', 'problema', 'falta', 'ley', 'problema', 'sistema', 'capitalista', 'dar él', 'tanto', 'vuelta']",1732,128,"Primera contradicción ¿Cómo le van a poner un conjunto de reglas a un ""libre mercado"". Al hacer la ley ya no será un libre mercado.
   
   El problema no es la falta de ley. El problema es el sistema capitalista. No hay que darle tanta vuelta",classified,NEG,0.9123978018760681,0.08226686716079712,0.005335334222763777,60,False,0.9123978018760681,False,-0.9070624676533043,pysentimiento/robertuito-sentiment-analysis,a2cc0f67ebd705c55191e25a05ba23d885fcc09b,7,7,True
n8iP75gIpmw,UgxpFKbiejsVGSNIcTh4AaABAg,Qué rico come tu diputado,Quorum,UCE4rsXcgDb6e1-a9iTbWzfg,@nestormendez6216,UCQtICyzWmhC5woCtbNgaSmg,Esa bancada Cabal y otros siguen en la terquedad de gastar en comida. A nadie le deben pagar su comida. A nadie. NADIE.,@quorumgt/videos,channel,quorum_complete_comments.csv | youtube_guatemala_plus_comments.csv,/@nestormendez6216,hace 2 años,,0,False,,Esa bancada Cabal y otros siguen en la terquedad de gastar en comida. A nadie le deben pagar su comida. A nadie. NADIE.                                                                                                                                                                                                                                                                                                                                                                                                                                                                                                                                                                                                                                                                                                                                                                                                                                                                                                                                         ,False,0,esa bancada cabal y otros siguen en la terquedad de gastar en comida a nadie le deben pagar su comida a nadie nadie,False,[],[],[],0,bancado cabal seguir terquedad gastar comida pagar comida,"['bancado', 'cabal', 'seguir', 'terquedad', 'gastar', 'comida', 'pagar', 'comida']",1024,57,Esa bancada Cabal y otros siguen en la terquedad de gastar en comida. A nadie le deben pagar su comida. A nadie. NADIE.,classified,NEG,0.947300136089325,0.04611681401729584,0.006583104375749826,27,False,0.947300136089325,False,-0.9407170317135751,pysentimiento/robertuito-sentiment-analysis,a2cc0f67ebd705c55191e25a05ba23d885fcc09b,0,0,True
n8iP75gIpmw,UgxqEChOyWebtVaqy-V4AaABAg,Qué rico come tu diputado,Quorum,UCE4rsXcgDb6e1-a9iTbWzfg,@cuabatzjj5924,UCDlr1VadSucIZgZ171pRBjQ,Soy yo vi Cua Batz,@quorumgt/videos,channel,quorum_complete_comments.csv | youtube_guatemala_plus_comments.csv,/@cuabatzjj5924,hace 2 años,,0,False,,Soy yo vi Cua Batz                                                                                                                                                                                                                                                                                                                                                                                                                                                                                                                                                                                                                                                                                                                                                                                                                                                                                                                                                                                                                                              ,False,0,soy yo vi cua batz,False,[],[],[],0,ver cua batz,"['ver', 'cua', 'batz']",1024,12,Soy yo vi Cua Batz,classified,NEU,0.2019902914762497,0.5743104219436646,0.22369933128356934,8,False,0.5743104219436646,True,0.02170903980731964,pysentimiento/robertuito-sentiment-analysis,a2cc0f67ebd705c55191e25a05ba23d885fcc09b,0,0,True
n8iP75gIpmw,UgxqSfWMWvqMX8tiC5x4AaABAg,Qué rico come tu diputado,Quorum,UCE4rsXcgDb6e1-a9iTbWzfg,@fredymendez1786,UCHhHUjaMAZ8SiXdCUCj9DkQ,"me imagino que en los horarios que deberian de estar trabajando estan durmiendo por eso aparecen , dicen que trabajando pero es es solamente haciendo carnitas asadas y cerveciando.",@quorumgt/videos,channel,quorum_complete_comments.csv | youtube_guatemala_plus_comments.csv,/@fredymendez1786,hace 2 años,2.0,0,False,,"me imagino que en los horarios que deberian de estar trabajando estan durmiendo por eso aparecen , dicen que trabajando pero es es solamente haciendo carnitas asadas y cerveciando.                                                                                                                                                                                                                                                                                                                                                                                                                                                                                                                                                                                                                                                                                                                                                                                                                                                                          ",True,2,me imagino que en los horarios que deberian de estar trabajando estan durmiendo por eso aparecen dicen que trabajando pero es es solamente haciendo carnitas asadas y cerveciando,False,[],[],[],0,imaginar horario deberiar trabajar dormir aparecer trabajar carnita asada cerveciar,"['imaginar', 'horario', 'deberiar', 'trabajar', 'dormir', 'aparecer', 'trabajar', 'carnita', 'asada', 'cerveciar']",1022,83,"me imagino que en los horarios que deberian de estar trabajando estan durmiendo por eso aparecen , dicen que trabajando pero es es solamente haciendo carnitas asadas y cerveciando.",classified,NEG,0.5992349982261658,0.3796980082988739,0.021066991612315178,35,False,0.5992349982261658,True,-0.5781680066138506,pysentimiento/robertuito-sentiment-analysis,a2cc0f67ebd705c55191e25a05ba23d885fcc09b,0,0,True
lj983NWyAQY,UgxrZBO3MtEqcgXAIEN4AaABAg,Plan 2032 Ciudad de Guatemala,Municipalidad de Guatemala,UCXa6LVjBzUtmcM3cwbd9e2w,@elenaluarca9377,UCxKR3RA8T-kxMgq_2WWhRcQ,"Que bueno que Guatemala sea una cuidad bonita y ojalá todos los proyectos sean realidad. Se los deseo con todo corazón de una salvadoreña que gusta mucho de la cuidad de Guatemala , donde me crie y viví por mucho tiempo y la considero mi segundo país, viva Guatemala y viva todo Centroamérica.",Municipalidad de Guatemala,topic,lj983NWyAQY_out_comments.csv | youtube_guatemala_plus_comments.csv,/@elenaluarca9377,hace 7 años,329.0,5,False,,"Que bueno que Guatemala sea una cuidad bonita y ojalá todos los proyectos sean realidad. Se los deseo con todo corazón de una salvadoreña que gusta mucho de la cuidad de Guatemala , donde me crie y viví por mucho tiempo y la considero mi segundo país, viva Guatemala y viva todo Centroamérica.                                                                                                                                                                                                                                                                                                                                                                                                                                                                                                                                                                                                                                                                                                                                                         ",True,329,que bueno que guatemala sea una cuidad bonita y ojalá todos los proyectos sean realidad se los deseo con todo corazón de una salvadoreña que gusta mucho de la cuidad de guatemala donde me crie y viví por mucho tiempo y la considero mi segundo país viva guatemala y viva todo centroamérica,False,[],[],[],0,guatemala cuidad bonito ojalá proyecto realidad desear corazón salvadoreño gustar cuidad guatemala crie viví tiempo considero país vivo guatemala vivir centroamérico,"['guatemala', 'cuidad', 'bonito', 'ojalá', 'proyecto', 'realidad', 'desear', 'corazón', 'salvadoreño', 'gustar', 'cuidad', 'guatemala', 'crie', 'viví', 'tiempo', 'considero', 'país', 'vivo', 'guatemala', 'vivir', 'centroamérico']",1022,165,"Que bueno que Guatemala sea una cuidad bonita y ojalá todos los proyectos sean realidad. Se los deseo con todo corazón de una salvadoreña que gusta mucho de la cuidad de Guatemala , donde me crie y viví por mucho tiempo y la considero mi segundo país, viva Guatemala y viva todo Centroamérica.",classified,POS,0.002790501108393073,0.021153399720788002,0.9760560989379883,59,False,0.9760560989379883,False,0.9732655978295952,pysentimiento/robertuito-sentiment-analysis,a2cc0f67ebd705c55191e25a05ba23d885fcc09b,3,3,True
3Nfp9h5avBI,UgxswojCyw1a0RuHVEp4AaABAg,"Noticiero en Directo 1 pm, 28 de Agosto de 2026",Noticiero Guatevisión 13 Hrs.,UCdSVqHGHzyMTXSafUHY-e-w,@alfonsowilian9157,UCJxJC56BSAX-ArD0NAb9qnQ,La persona encargada del ecosistema que ayude a este problema.,guatemala noticias,topic,youtube_guatemala_comments.csv | youtube_guatemala_plus_comments.csv,/@alfonsowilian9157,hace 22 horas,,0,False,,La persona encargada del ecosistema que ayude a este problema.                                                                                                                                                                                                                                                                                                                                                                                                                                                                                                                                                                                                                                                                                                                                                                                                                                                                                                                                                                                                  ,False,0,la persona encargada del ecosistema que ayude a este problema,False,[],[],[],0,persona encargado ecosistema ayudar problema,"['persona', 'encargado', 'ecosistema', 'ayudar', 'problema']",1024,44,La persona encargada del ecosistema que ayude a este problema.,classified,NEU,0.14586110413074493,0.7918102741241455,0.06232863664627075,14,False,0.7918102741241455,False,-0.08353246748447418,pysentimiento/robertuito-sentiment-analysis,a2cc0f67ebd705c55191e25a05ba23d885fcc09b,11,11,True
lj983NWyAQY,UgxuO_1lX_-jTQfAzZx4AaABAg,Plan 2032 Ciudad de Guatemala,Municipalidad de Guatemala,UCXa6LVjBzUtmcM3cwbd9e2w,@rolandojuchuna484,UCqilIa8r7iek5sGYg_q6ofA,Sería  muy bueno construir el tren a nivel departamentales hacia la ciudad de Guatemala,Municipalidad de Guatemala,topic,lj983NWyAQY_out_comments.csv | youtube_guatemala_plus_comments.csv,/@rolandojuchuna484,hace 7 años,52.0,1,False,,Sería  muy bueno construir el tren a nivel departamentales hacia la ciudad de Guatemala                                                                                                                                                                                                                                                                                                                                                                                                                                                                                                                                                                                                                                                                                                                                                                                                                                                                                                                                                                         ,True,52,sería muy bueno construir el tren a nivel departamentales hacia la ciudad de guatemala,False,[],[],[],0,construir tren nivel departamental ciudad guatemala,"['construir', 'tren', 'nivel', 'departamental', 'ciudad', 'guatemala']",1024,51,Sería  muy bueno construir el tren a nivel departamentales hacia la ciudad de Guatemala,classified,POS,0.013281839899718761,0.1331906020641327,0.8535275459289551,18,False,0.8535275459289551,False,0.8402457060292363,pysentimiento/robertuito-sentiment-analysis,a2cc0f67ebd705c55191e25a05ba23d885fcc09b,3,3,True
3Nfp9h5avBI,UgxudaO35O8XcM9Wu4t4AaABAg,"Noticiero en Directo 1 pm, 28 de Agosto de 2026",Noticiero Guatevisión 13 Hrs.,UCdSVqHGHzyMTXSafUHY-e-w,@MiguelJordan-n3g,UCyor0Mmm0ivLX2jIdyGp84Q,Q  recuerdos esta dejando semiya se pierden armas del estado la delincuencia no reduse,guatemala noticias,topic,youtube_guatemala_comments.csv | youtube_guatemala_plus_comments.csv,/@MiguelJordan-n3g,hace 23 horas,,0,False,,Q  recuerdos esta dejando semiya se pierden armas del estado la delincuencia no reduse                                                                                                                                                                                                                                                                                                                                                                                                                                                                                                                                                                                                                                                                                                                                                                                                                                                                                                                                                                          ,False,0,q recuerdos esta dejando semiya se pierden armas del estado la delincuencia no reduse,False,[],[],[],0,q recuerdo dejar semiya perder arma delincuencia reduse,"['q', 'recuerdo', 'dejar', 'semiya', 'perder', 'arma', 'delincuencia', 'reduse']",1024,55,Q  recuerdos esta dejando semiya se pierden armas del estado la delincuencia no reduse,classified,NEG,0.9613690376281738,0.032388243824243546,0.006242659874260426,19,False,0.9613690376281738,False,-0.9551263777539134,pysentimiento/robertuito-sentiment-analysis,a2cc0f67ebd705c55191e25a05ba23d885fcc09b,11,11,True
j43HgwYFKfk,UgxvgdNqovIhqUZDxUx4AaABAg,La cooptación de Walter Mazariegos en la USAC,Quorum,UCE4rsXcgDb6e1-a9iTbWzfg,@carloslam5333,UCpe5jW3MIqkgTJ-PgkzvM6Q,Y los estudiantes de la usac que han echo?,@quorumgt/videos,channel,quorum_complete_comments.csv | youtube_guatemala_plus_comments.csv,/@carloslam5333,hace 1 año,1.0,0,False,,Y los estudiantes de la usac que han echo?                                                                                                                                                                                                                                                                                                                                                                                                                                                                                                                                                                                                                                                                                                                                                                                                                                                                                                                                                                                                                      ,True,1,y los estudiantes de la usac que han echo,False,[],[],[],0,estudiante usac acer,"['estudiante', 'usac', 'acer']",1024,20,Y los estudiantes de la usac que han echo?,classified,NEG,0.6938778162002563,0.29587724804878235,0.010244975797832012,13,False,0.6938778162002563,False,-0.6836328404024243,pysentimiento/robertuito-sentiment-analysis,a2cc0f67ebd705c55191e25a05ba23d885fcc09b,1,1,True
n8iP75gIpmw,UgxvmbFNm6tYRX6yfLN4AaABAg,Qué rico come tu diputado,Quorum,UCE4rsXcgDb6e1-a9iTbWzfg,@eusebiovasquez4385,UCz3gu01bmjNv0DpRq-K3XYg,Pero que trabajo ase este delincuente si sólo robar,@quorumgt/videos,channel,quorum_complete_comments.csv | youtube_guatemala_plus_comments.csv,/@eusebiovasquez4385,hace 2 años,1.0,0,False,,Pero que trabajo ase este delincuente si sólo robar                                                                                                                                                                                                                                                                                                                                                                                                                                                                                                                                                                                                                                                                                                                                                                                                                                                                                                                                                                                                             ,True,1,pero que trabajo ase este delincuente si sólo robar,False,[],[],[],0,trabajar ar delincuente robar,"['trabajar', 'ar', 'delincuente', 'robar']",1024,29,Pero que trabajo ase este delincuente si sólo robar,classified,NEG,0.9272072315216064,0.06218574941158295,0.010606907308101654,11,False,0.9272072315216064,False,-0.9166003242135048,pysentimiento/robertuito-sentiment-analysis,a2cc0f67ebd705c55191e25a05ba23d885fcc09b,0,0,True
j43HgwYFKfk,Ugxvt0tvqY4UlDS2hoh4AaABAg,La cooptación de Walter Mazariegos en la USAC,Quorum,UCE4rsXcgDb6e1-a9iTbWzfg,@jorgeaguilar-bq3uj,UCuXmOjxC-htcprLgeVXz6Tg,"FUERA MAZARIEGOS DE LA USAC, TÍTERE DEL PACTO DE CORRUPTOS!!!
                                                                                                                                                                                                                                                                                               Guatemala necesita que CICIG vuelva y reinicie la lucha anti corrupción, el pacto de corruptos encabezado por la fundación contra el terrorismo ya tiene cooptadas todas las instituciones de justicia, especialmente el MP. 👍⚖️",@quorumgt/videos,channel,quorum_complete_comments.csv | youtube_guatemala_plus_comments.csv,/@jorgeaguilar-bq3uj,hace 1 año,1.0,0,False,,"FUERA MAZARIEGOS DE LA USAC, TÍTERE DEL PACTO DE CORRUPTOS!!!
                                                                                                                                                                                                                                                                                               Guatemala necesita que CICIG vuelva y reinicie la lucha anti corrupción, el pacto de corruptos encabezado por la fundación contra el terrorismo ya tiene cooptadas todas las instituciones de justicia, especialmente el MP. 👍⚖️                                                                                                                                                                                                                                                                                                                                                                                                                                                                                                                                                                                                                                                                                                                                                                                                                               ",True,1,fuera mazariegos de la usac títere del pacto de corruptos guatemala necesita que cicig vuelva y reinicie la lucha anti corrupción el pacto de corruptos encabezado por la fundación contra el terrorismo ya tiene cooptadas todas las instituciones de justicia especialmente el mp,False,[],[],"['👍', '⚖️']",2,mazariego usac títere pacto corrupto guatemala necesitar cicig volver reinicie lucha anti corrupción pacto corrupto encabezado fundación terrorismo cooptada institución justicia especialmente mp,"['mazariego', 'usac', 'títere', 'pacto', 'corrupto', 'guatemala', 'necesitar', 'cicig', 'volver', 'reinicie', 'lucha', 'anti', 'corrupción', 'pacto', 'corrupto', 'encabezado', 'fundación', 'terrorismo', 'cooptada', 'institución', 'justicia', 'especialmente', 'mp']",1373,194,"FUERA MAZARIEGOS DE LA USAC, TÍTERE DEL PACTO DE CORRUPTOS!!!
   Guatemala necesita que CICIG vuelva y reinicie la lucha anti corrupción, el pacto de corruptos encabezado por la fundación contra el terrorismo ya tiene cooptadas todas las instituciones de justicia, especialmente el MP.  emoji pulgar hacia arriba emoji  emoji balanza emoji",classified,NEG,0.7943186163902283,0.18588954210281372,0.019791852682828903,76,False,0.7943186163902283,False,-0.7745267637073994,pysentimiento/robertuito-sentiment-analysis,a2cc0f67ebd705c55191e25a05ba23d885fcc09b,1,1,True
PjmxCj-a9Hg,UgxvxNmPMdRuRDptJQN4AaABAg,Conferencia de Prensa del Gobierno de Guatemala. #LaRondaGt,Gobierno de la República de Guatemala,UC-ZtFBHzgkYFh7whZkuR_Ag,@juandeleon9060,UCNIeXbV_mEwpa412h1aqUWw,Porque. No salen. Acombatir LA seguridad. En las calles. Acombatir LA corruption. Policiacas...,@GobiernodeGuatemala,topic,PjmxCj-a9Hg_out_comments.csv | youtube_guatemala_plus_comments.csv,/@juandeleon9060,hace 1 año,2.0,0,False,,Porque. No salen. Acombatir LA seguridad. En las calles. Acombatir LA corruption. Policiacas...                                                                                                                                                                                                                                                                                                                                                                                                                                                                                                                                                                                                                                                                                                                                                                                                                                                                                                                                                                 ,True,2,porque no salen acombatir la seguridad en las calles acombatir la corruption policiacas,False,[],[],[],0,salir acombatir seguridad calle acombatir corruption policiaco,"['salir', 'acombatir', 'seguridad', 'calle', 'acombatir', 'corruption', 'policiaco']",1024,62,Porque. No salen. Acombatir LA seguridad. En las calles. Acombatir LA corruption. Policiacas...,classified,NEG,0.8530575633049011,0.1331998109817505,0.013742647133767605,24,False,0.8530575633049011,False,-0.8393149161711335,pysentimiento/robertuito-sentiment-analysis,a2cc0f67ebd705c55191e25a05ba23d885fcc09b,4,4,True
n8iP75gIpmw,Ugxw_1trnd8loD3302V4AaABAg,Qué rico come tu diputado,Quorum,UCE4rsXcgDb6e1-a9iTbWzfg,@dantesarti4351,UCySYJU5kUh7X8gVt9la2ISA,"Porque no hacen sus reuniones de ''trabajo'' en el comedor de doña Chonita, como dijo giammattei, almuerzos de Q25.00 y pagados con sus sueldos.",@quorumgt/videos,channel,quorum_complete_comments.csv | youtube_guatemala_plus_comments.csv,/@dantesarti4351,hace 1 año,,0,False,,"Porque no hacen sus reuniones de ''trabajo'' en el comedor de doña Chonita, como dijo giammattei, almuerzos de Q25.00 y pagados con sus sueldos.                                                                                                                                                                                                                                                                                                                                                                                                                                                                                                                                                                                                                                                                                                                                                                                                                                                                                                              ",False,0,porque no hacen sus reuniones de trabajo en el comedor de doña chonita como dijo giammattei almuerzos de q y pagados con sus sueldos,False,[],[],[],0,reunión trabajo comedor doña chonita giammattei almuerzo q pagado sueldo,"['reunión', 'trabajo', 'comedor', 'doña', 'chonita', 'giammattei', 'almuerzo', 'q', 'pagado', 'sueldo']",1022,72,"Porque no hacen sus reuniones de ''trabajo'' en el comedor de doña Chonita, como dijo giammattei, almuerzos de Q25.00 y pagados con sus sueldos.",classified,NEG,0.7945012450218201,0.1956639438867569,0.00983483623713255,38,False,0.7945012450218201,False,-0.7846664087846875,pysentimiento/robertuito-sentiment-analysis,a2cc0f67ebd705c55191e25a05ba23d885fcc09b,0,0,True
n8iP75gIpmw,UgxxNu7QTJHuAgFaEYN4AaABAg,Qué rico come tu diputado,Quorum,UCE4rsXcgDb6e1-a9iTbWzfg,@virgiliogarcia3039,UCHTGCgY2l-DQJIvlA_cpa_Q,El pueblo ya estaba trankilo ya que segun decian les habian quitado el almuerzo a esos ladronasos pero me estoy dando cuenta que no el pueblo les estamos pagando un sueldo jugoso y todabia pagando sus comidas que desgracia que hase ese presidente del congreso y el del pais bernardo arebalo engañadores al pueblo que pasa Nery Ramos,@quorumgt/videos,channel,quorum_complete_comments.csv | youtube_guatemala_plus_comments.csv,/@virgiliogarcia3039,hace 2 años,,0,False,,El pueblo ya estaba trankilo ya que segun decian les habian quitado el almuerzo a esos ladronasos pero me estoy dando cuenta que no el pueblo les estamos pagando un sueldo jugoso y todabia pagando sus comidas que desgracia que hase ese presidente del congreso y el del pais bernardo arebalo engañadores al pueblo que pasa Nery Ramos                                                                                                                                                                                                                                                                                                                                                                                                                                                                                                                                                                                                                                                                                                                    ,False,0,el pueblo ya estaba trankilo ya que segun decian les habian quitado el almuerzo a esos ladronasos pero me estoy dando cuenta que no el pueblo les estamos pagando un sueldo jugoso y todabia pagando sus comidas que desgracia que hase ese presidente del congreso y el del pais bernardo arebalo engañadores al pueblo que pasa nery ramos,False,[],[],[],0,pueblo trankilo deciar habiar quitar almuerzo ladronaso dar pueblo pagar sueldo jugoso todabio pagar comida desgraciar har presidente congreso pais bernardo arebalo engañador pueblo pasar nery rir,"['pueblo', 'trankilo', 'deciar', 'habiar', 'quitar', 'almuerzo', 'ladronaso', 'dar', 'pueblo', 'pagar', 'sueldo', 'jugoso', 'todabio', 'pagar', 'comida', 'desgraciar', 'har', 'presidente', 'congreso', 'pais', 'bernardo', 'arebalo', 'engañador', 'pueblo', 'pasar', 'nery', 'rir']",1024,196,El pueblo ya estaba trankilo ya que segun decian les habian quitado el almuerzo a esos ladronasos pero me estoy dando cuenta que no el pueblo les estamos pagando un sueldo jugoso y todabia pagando sus comidas que desgracia que hase ese presidente del congreso y el del pais bernardo arebalo engañadores al pueblo que pasa Nery Ramos,classified,NEG,0.9751594066619873,0.02176239900290966,0.003078108886256814,71,False,0.9751594066619873,False,-0.9720812977757305,pysentimiento/robertuito-sentiment-analysis,a2cc0f67ebd705c55191e25a05ba23d885fcc09b,0,0,True
OkXlHx0hx-8,UgxxdDS3FUc53KWN3KF4AaABAg,EE.UU. envía a mexicanos deportados a Guatemala antes de su regreso a México | Noticias Telemundo,Noticias Telemundo,UCRwA1NUcUnwsly35ikGhp0A,@BelkisRodriguezRamirez,UCPNXmbOBVeC4HS-xemvcPtQ,"Si alguien viene a mi casa sin invitación yo no lo dejo entrar y si entra a la fuerza se busca un problema,eso pasa con los inmigrantes que entraron ilegalmente.",guatemala noticias,topic,youtube_guatemala_comments.csv | youtube_guatemala_plus_comments.csv,/@BelkisRodriguezRamirez,hace 1 día,2.0,3,False,,"Si alguien viene a mi casa sin invitación yo no lo dejo entrar y si entra a la fuerza se busca un problema,eso pasa con los inmigrantes que entraron ilegalmente.                                                                                                                                                                                                                                                                                                                                                                                                                                                                                                                                                                                                                                                                                                                                                                                                                                                                                             ",True,2,si alguien viene a mi casa sin invitación yo no lo dejo entrar y si entra a la fuerza se busca un problema eso pasa con los inmigrantes que entraron ilegalmente,False,[],[],[],0,alguien venir casa invitación dejar entrar entrar fuerza buscar problema pasar inmigrante entrar ilegalmente,"['alguien', 'venir', 'casa', 'invitación', 'dejar', 'entrar', 'entrar', 'fuerza', 'buscar', 'problema', 'pasar', 'inmigrante', 'entrar', 'ilegalmente']",1022,108,"Si alguien viene a mi casa sin invitación yo no lo dejo entrar y si entra a la fuerza se busca un problema,eso pasa con los inmigrantes que entraron ilegalmente.",classified,NEG,0.8377261161804199,0.1557207852602005,0.0065531544387340546,34,False,0.8377261161804199,False,-0.8311729617416859,pysentimiento/robertuito-sentiment-analysis,a2cc0f67ebd705c55191e25a05ba23d885fcc09b,5,5,True
n8iP75gIpmw,Ugxy4k7pO6jFtwyDyFp4AaABAg,Qué rico come tu diputado,Quorum,UCE4rsXcgDb6e1-a9iTbWzfg,@mdelcid01,UCtUR3_CAiE7fCoZHM6cMfyQ,Rodas se le olvida que reciven un jugoso salario por el trabajo que hacen.,@quorumgt/videos,channel,quorum_complete_comments.csv | youtube_guatemala_plus_comments.csv,/@mdelcid01,hace 2 años,10.0,0,False,,Rodas se le olvida que reciven un jugoso salario por el trabajo que hacen.                                                                                                                                                                                                                                                                                                                                                                                                                                                                                                                                                                                                                                                                                                                                                                                                                                                                                                                                                                                      ,True,10,rodas se le olvida que reciven un jugoso salario por el trabajo que hacen,False,[],[],[],0,roda olvidar recivar jugoso salario trabajo,"['roda', 'olvidar', 'recivar', 'jugoso', 'salario', 'trabajo']",1024,43,Rodas se le olvida que reciven un jugoso salario por el trabajo que hacen.,classified,NEG,0.875909686088562,0.11474783718585968,0.00934248324483633,19,False,0.875909686088562,False,-0.8665672028437257,pysentimiento/robertuito-sentiment-analysis,a2cc0f67ebd705c55191e25a05ba23d885fcc09b,0,0,True
WIUZtitfLRw,Ugxz9vnSvQJNt4YNbYV4AaABAg,Caminar en una ciudad hecha para carros,Quorum,UCE4rsXcgDb6e1-a9iTbWzfg,@juliogutierrez492,UCGj2v6Gl5bN8NSrzJMXS-CA,El respeto paso peatonal no existe en ningún lado y las personas tienen que esquivar a los carros por qué no respetan y las motos se pasan en rojo se lo pasan llevando a uno,@quorumgt/videos,channel,quorum_complete_comments.csv | youtube_guatemala_plus_comments.csv,/@juliogutierrez492,hace 1 año,,0,False,,El respeto paso peatonal no existe en ningún lado y las personas tienen que esquivar a los carros por qué no respetan y las motos se pasan en rojo se lo pasan llevando a uno                                                                                                                                                                                                                                                                                                                                                                                                                                                                                                                                                                                                                                                                                                                                                                                                                                                                                   ,False,0,el respeto paso peatonal no existe en ningún lado y las personas tienen que esquivar a los carros por qué no respetan y las motos se pasan en rojo se lo pasan llevando a uno,False,[],[],[],0,respeto paso peatonal persona esquivar carro respetar moto pasar rojo pasar llevar,"['respeto', 'paso', 'peatonal', 'persona', 'esquivar', 'carro', 'respetar', 'moto', 'pasar', 'rojo', 'pasar', 'llevar']",1024,82,El respeto paso peatonal no existe en ningún lado y las personas tienen que esquivar a los carros por qué no respetan y las motos se pasan en rojo se lo pasan llevando a uno,classified,NEG,0.976106584072113,0.02087700553238392,0.003016380127519369,39,False,0.976106584072113,False,-0.9730902039445937,pysentimiento/robertuito-sentiment-analysis,a2cc0f67ebd705c55191e25a05ba23d885fcc09b,7,7,True
yLZS3JiEBg8,UgxzETIqBajjXFTGd_R4AaABAg,Arroz con pollo a la MONOPOLIO,Quorum,UCE4rsXcgDb6e1-a9iTbWzfg,@Alejandro00710,UCbrtvygfRT6QXqWDNrOf-cA,"Y solo con esta información nos damos con la realidad del CACIF y sus intereses, estamos jodidos si no hacemos algo.",@quorumgt/videos,channel,quorum_complete_comments.csv | youtube_guatemala_plus_comments.csv,/@Alejandro00710,hace 2 años,,0,False,,"Y solo con esta información nos damos con la realidad del CACIF y sus intereses, estamos jodidos si no hacemos algo.                                                                                                                                                                                                                                                                                                                                                                                                                                                                                                                                                                                                                                                                                                                                                                                                                                                                                                                                          ",False,0,y solo con esta información nos damos con la realidad del cacif y sus intereses estamos jodidos si no hacemos algo,False,[],[],[],0,información dar realidad cacif interés jodido,"['información', 'dar', 'realidad', 'cacif', 'interés', 'jodido']",1022,45,"Y solo con esta información nos damos con la realidad del CACIF y sus intereses, estamos jodidos si no hacemos algo.",classified,NEG,0.9825757741928101,0.015115026384592056,0.002309266710653901,25,False,0.9825757741928101,False,-0.9802665074821562,pysentimiento/robertuito-sentiment-analysis,a2cc0f67ebd705c55191e25a05ba23d885fcc09b,7,7,True
n8iP75gIpmw,UgxzN9_I9vkDCdX_8dN4AaABAg,Qué rico come tu diputado,Quorum,UCE4rsXcgDb6e1-a9iTbWzfg,@AndresMedina-v1s,UCOh6DaZC_x9HASnlRylEMfw,Si se reformarla ley de partidos políticos esos infelices jamás en la historia pondrian un pie En el congreso y muy probablemente terminarían en la carcel,@quorumgt/videos,channel,quorum_complete_comments.csv | youtube_guatemala_plus_comments.csv,/@AndresMedina-v1s,hace 2 años,,0,False,,Si se reformarla ley de partidos políticos esos infelices jamás en la historia pondrian un pie En el congreso y muy probablemente terminarían en la carcel                                                                                                                                                                                                                                                                                                                                                                                                                                                                                                                                                                                                                                                                                                                                                                                                                                                                                                      ,False,0,si se reformarla ley de partidos políticos esos infelices jamás en la historia pondrian un pie en el congreso y muy probablemente terminarían en la carcel,False,[],[],[],0,reformar él ley partido político infeliz jamás historia pondriar pie congreso probablemente terminarir carcel,"['reformar él', 'ley', 'partido', 'político', 'infeliz', 'jamás', 'historia', 'pondriar', 'pie', 'congreso', 'probablemente', 'terminarir', 'carcel']",1024,109,Si se reformarla ley de partidos políticos esos infelices jamás en la historia pondrian un pie En el congreso y muy probablemente terminarían en la carcel,classified,NEG,0.8534358739852905,0.12650169432163239,0.02006244845688343,34,False,0.8534358739852905,False,-0.8333734255284071,pysentimiento/robertuito-sentiment-analysis,a2cc0f67ebd705c55191e25a05ba23d885fcc09b,0,0,True
n8iP75gIpmw,Ugy0LbKWrqUFhWPRoKN4AaABAg,Qué rico come tu diputado,Quorum,UCE4rsXcgDb6e1-a9iTbWzfg,@elmorodriguez6978,UCL1MT278vSaQ83ZDkVWn1gw,"Que estos diputados no se rían y burlen del pueblo desnutrido y muriéndose de hambre. Llegará el momento y no será muy tarde para nosotros que los pusimos los tengamos que sacar de su caja de oro y cuando el pueblo se levante y los saque de su chiquero van a arrepentirse de lo mal de sus acciones. Así será para los miembros de la CC,MP,CONGRESO,CSJ,OJ y otros que han apañado las burlas al pueblo. 48 cantones también vendrán a salvar al pueblo. Estamos artos de tanta corrupción.",@quorumgt/videos,channel,quorum_complete_comments.csv | youtube_guatemala_plus_comments.csv,/@elmorodriguez6978,hace 2 años,20.0,0,False,,"Que estos diputados no se rían y burlen del pueblo desnutrido y muriéndose de hambre. Llegará el momento y no será muy tarde para nosotros que los pusimos los tengamos que sacar de su caja de oro y cuando el pueblo se levante y los saque de su chiquero van a arrepentirse de lo mal de sus acciones. Así será para los miembros de la CC,MP,CONGRESO,CSJ,OJ y otros que han apañado las burlas al pueblo. 48 cantones también vendrán a salvar al pueblo. Estamos artos de tanta corrupción.                                                                                                                                                                                                                                                                                                                                                                                                                                                                                                                                                            ",True,20,que estos diputados no se rían y burlen del pueblo desnutrido y muriéndose de hambre llegará el momento y no será muy tarde para nosotros que los pusimos los tengamos que sacar de su caja de oro y cuando el pueblo se levante y los saque de su chiquero van a arrepentirse de lo mal de sus acciones así será para los miembros de la cc mp congreso csj oj y otros que han apañado las burlas al pueblo cantones también vendrán a salvar al pueblo estamos artos de tanta corrupción,False,[],[],[],0,diputado rir burlen pueblo desnutrido morir él hambre llegar momento poner tener sacar caja oro pueblo levantar saque chiquero arrepentir él acción miembro cc mp congreso csj oj apañar burla pueblo cantón venir salvar pueblo arto tanto corrupción,"['diputado', 'rir', 'burlen', 'pueblo', 'desnutrido', 'morir él', 'hambre', 'llegar', 'momento', 'poner', 'tener', 'sacar', 'caja', 'oro', 'pueblo', 'levantar', 'saque', 'chiquero', 'arrepentir él', 'acción', 'miembro', 'cc', 'mp', 'congreso', 'csj', 'oj', 'apañar', 'burla', 'pueblo', 'cantón', 'venir', 'salvar', 'pueblo', 'arto', 'tanto', 'corrupción']",1022,246,"Que estos diputados no se rían y burlen del pueblo desnutrido y muriéndose de hambre. Llegará el momento y no será muy tarde para nosotros que los pusimos los tengamos que sacar de su caja de oro y cuando el pueblo se levante y los saque de su chiquero van a arrepentirse de lo mal de sus acciones. Así será para los miembros de la CC,MP,CONGRESO,CSJ,OJ y otros que han apañado las burlas al pueblo. 48 cantones también vendrán a salvar al pueblo. Estamos artos de tanta corrupción.",classified,NEG,0.924767255783081,0.06557256728410721,0.009660222567617893,115,False,0.924767255783081,False,-0.9151070332154632,pysentimiento/robertuito-sentiment-analysis,a2cc0f67ebd705c55191e25a05ba23d885fcc09b,0,0,True
n8iP75gIpmw,Ugy0LbKWrqUFhWPRoKN4AaABAg.A7epXgDRFjZA7f-Z-rKQOV,Qué rico come tu diputado,Quorum,UCE4rsXcgDb6e1-a9iTbWzfg,@luisparedes-pw6qt,UC8G5cJONY8L9voMyBW8Eoug,Ni en su casa habían comido esas viandas. Son unos sinverguenzas,@quorumgt/videos,channel,quorum_complete_comments.csv | youtube_guatemala_plus_comments.csv,/@luisparedes-pw6qt,hace 2 años,,0,False,,Ni en su casa habían comido esas viandas. Son unos sinverguenzas                                                                                                                                                                                                                                                                                                                                                                                                                                                                                                                                                                                                                                                                                                                                                                                                                                                                                                                                                                                                ,False,0,ni en su casa habían comido esas viandas son unos sinverguenzas,False,[],[],[],0,casa comer vianda sinverguenza,"['casa', 'comer', 'vianda', 'sinverguenza']",1024,30,Ni en su casa habían comido esas viandas. Son unos sinverguenzas,classified,NEG,0.9517723917961121,0.03787193447351456,0.010355568490922451,17,False,0.9517723917961121,False,-0.9414168233051896,pysentimiento/robertuito-sentiment-analysis,a2cc0f67ebd705c55191e25a05ba23d885fcc09b,0,0,True
n8iP75gIpmw,Ugy0dVAcWghuyCdAVS54AaABAg,Qué rico come tu diputado,Quorum,UCE4rsXcgDb6e1-a9iTbWzfg,@LuisCastillo-oz4df,UC7VUuJr9cGh845CmTvf7TlQ,Está bien que se Arten asta ya no y los más pobres  muriendo de hambre pero si dices comes fuera de la hora es tu problema para que la  huesiaste pues,@quorumgt/videos,channel,quorum_complete_comments.csv | youtube_guatemala_plus_comments.csv,/@LuisCastillo-oz4df,hace 2 años,1.0,0,False,,Está bien que se Arten asta ya no y los más pobres  muriendo de hambre pero si dices comes fuera de la hora es tu problema para que la  huesiaste pues                                                                                                                                                                                                                                                                                                                                                                                                                                                                                                                                                                                                                                                                                                                                                                                                                                                                                                          ,True,1,está bien que se arten asta ya no y los más pobres muriendo de hambre pero si dices comes fuera de la hora es tu problema para que la huesiaste pues,False,[],[],[],0,artir asta pobre morir hambre decir com hora problema huesiaste,"['artir', 'asta', 'pobre', 'morir', 'hambre', 'decir', 'com', 'hora', 'problema', 'huesiaste']",1024,63,Está bien que se Arten asta ya no y los más pobres  muriendo de hambre pero si dices comes fuera de la hora es tu problema para que la  huesiaste pues,classified,NEG,0.965833842754364,0.02811158262193203,0.006054544821381569,38,False,0.965833842754364,False,-0.9597792979329824,pysentimiento/robertuito-sentiment-analysis,a2cc0f67ebd705c55191e25a05ba23d885fcc09b,0,0,True
n8iP75gIpmw,Ugy1neHHTJYO0umhgLt4AaABAg,Qué rico come tu diputado,Quorum,UCE4rsXcgDb6e1-a9iTbWzfg,@diegoalejandrolopezmendez205,UCFhxtoeARHPnXXPcDrOU3Xg,"Yo trabajé en joya negra
                                                                                                                                                                                                                                                                                               Sandra jovel también llega mucho
                                                                                                                                                                                                                                                                                               Y el profe Luis Fernando tena",@quorumgt/videos,channel,quorum_complete_comments.csv | youtube_guatemala_plus_comments.csv,/@diegoalejandrolopezmendez205,hace 2 años,2.0,0,False,,"Yo trabajé en joya negra
                                                                                                                                                                                                                                                                                               Sandra jovel también llega mucho
                                                                                                                                                                                                                                                                                               Y el profe Luis Fernando tena                                                                                                                                                                                                                                                                                                                                                                                                                                                                                                                                                                                                                                                                                                                                                                                                                                                                                                                                                                                                                                  ",True,2,yo trabajé en joya negra sandra jovel también llega mucho y el profe luis fernando tena,False,[],[],[],0,trabajer joya negro sandro jovel llegar profe luis fernando tena,"['trabajer', 'joya', 'negro', 'sandro', 'jovel', 'llegar', 'profe', 'luis', 'fernando', 'tena']",1657,64,"Yo trabajé en joya negra
   Sandra jovel también llega mucho
   Y el profe Luis Fernando tena",classified,NEU,0.028321733698248863,0.5772983431816101,0.3943799138069153,28,False,0.5772983431816101,True,0.3660581801086664,pysentimiento/robertuito-sentiment-analysis,a2cc0f67ebd705c55191e25a05ba23d885fcc09b,0,0,True
n8iP75gIpmw,Ugy2FaeBadbmVJj7F714AaABAg,Qué rico come tu diputado,Quorum,UCE4rsXcgDb6e1-a9iTbWzfg,@carlossoto3252,UCAlzM_N6xBlMYmM8EBzX86Q,"😂Que disculpe el diputado Rodas. Cuando uno decide trabajar o ser trabajador del Estado y ser un funcionario de ese nivel no hay horarios. Si no le gusta y no está contento que renuncié. Los diputados son unos abusivos y son mediocres. Tantos asesores, para que? Lo que dice éste diputado es estúpido. Su trabajo  debe ser para el pueblo. Y comparto la investigación respecto a esto. Estos diputados cómo corderitos asistieron a la orden de la Fiscal del MP.",@quorumgt/videos,channel,quorum_complete_comments.csv | youtube_guatemala_plus_comments.csv,/@carlossoto3252,hace 2 años,3.0,0,False,,"😂Que disculpe el diputado Rodas. Cuando uno decide trabajar o ser trabajador del Estado y ser un funcionario de ese nivel no hay horarios. Si no le gusta y no está contento que renuncié. Los diputados son unos abusivos y son mediocres. Tantos asesores, para que? Lo que dice éste diputado es estúpido. Su trabajo  debe ser para el pueblo. Y comparto la investigación respecto a esto. Estos diputados cómo corderitos asistieron a la orden de la Fiscal del MP.                                                                                                                                                                                                                                                                                                                                                                                                                                                                                                                                                                                   ",True,3,que disculpe el diputado rodas cuando uno decide trabajar o ser trabajador del estado y ser un funcionario de ese nivel no hay horarios si no le gusta y no está contento que renuncié los diputados son unos abusivos y son mediocres tantos asesores para que lo que dice éste diputado es estúpido su trabajo debe ser para el pueblo y comparto la investigación respecto a esto estos diputados cómo corderitos asistieron a la orden de la fiscal del mp,False,[],[],['😂'],1,disculpar diputado roda decidir trabajar trabajador funcionario nivel horario gustar contento renuncier diputado abusivo mediocre tanto asesor diputado estúpir trabajo pueblo compartir investigación diputado corderito asistir orden fiscal mp,"['disculpar', 'diputado', 'roda', 'decidir', 'trabajar', 'trabajador', 'funcionario', 'nivel', 'horario', 'gustar', 'contento', 'renuncier', 'diputado', 'abusivo', 'mediocre', 'tanto', 'asesor', 'diputado', 'estúpir', 'trabajo', 'pueblo', 'compartir', 'investigación', 'diputado', 'corderito', 'asistir', 'orden', 'fiscal', 'mp']",1021,241,"emoji cara llorando de risa emoji Que disculpe el diputado Rodas. Cuando uno decide trabajar o ser trabajador del Estado y ser un funcionario de ese nivel no hay horarios. Si no le gusta y no está contento que renuncié. Los diputados son unos abusivos y son mediocres. Tantos asesores, para que? Lo que dice éste diputado es estúpido. Su trabajo  debe ser para el pueblo. Y comparto la investigación respecto a esto. Estos diputados cómo corderitos asistieron a la orden de la Fiscal del MP.",classified,NEG,0.9317326545715332,0.06445416808128357,0.0038131640758365393,101,False,0.9317326545715332,False,-0.9279194904956967,pysentimiento/robertuito-sentiment-analysis,a2cc0f67ebd705c55191e25a05ba23d885fcc09b,0,0,True
j43HgwYFKfk,Ugy4JA9MR8l_gkTNgWh4AaABAg,La cooptación de Walter Mazariegos en la USAC,Quorum,UCE4rsXcgDb6e1-a9iTbWzfg,@AndresLemus-k2d,UClqA491Xa5fQcXcJJa-vTWw,"Ya saquen A Ese corrupto
                                                                                                                                                                                                                                                                                               Y Es un montón de políticos corruptos que
                                                                                                                                                                                                                                                                                               Andan allí en todas las instituciones
                                                                                                                                                                                                                                                                                               Montón de corruptos",@quorumgt,topic,j43HgwYFKfk_out_comments.csv | quorum_complete_comments.csv | youtube_guatemala_plus_comments.csv,/@AndresLemus-k2d,hace 4 meses,,0,False,,"Ya saquen A Ese corrupto
                                                                                                                                                                                                                                                                                               Y Es un montón de políticos corruptos que
                                                                                                                                                                                                                                                                                               Andan allí en todas las instituciones
                                                                                                                                                                                                                                                                                               Montón de corruptos                                                                                                                                                                                                                                                                                                                                                                                                                                                                                                                                                                                                                                                                                                                                                                                                                                                                                                                                                                                                                                            ",False,0,ya saquen a ese corrupto y es un montón de políticos corruptos que andan allí en todas las instituciones montón de corruptos,False,[],[],[],0,saquen corrupto montón político corrupto andar institución montón corrupto,"['saquen', 'corrupto', 'montón', 'político', 'corrupto', 'andar', 'institución', 'montón', 'corrupto']",1992,74,"Ya saquen A Ese corrupto
   Y Es un montón de políticos corruptos que
   Andan allí en todas las instituciones
   Montón de corruptos",classified,NEG,0.965216875076294,0.02546231634914875,0.009320790879428387,36,False,0.965216875076294,False,-0.9558960841968656,pysentimiento/robertuito-sentiment-analysis,a2cc0f67ebd705c55191e25a05ba23d885fcc09b,1,1,True
n8iP75gIpmw,Ugy4ex02KEXL5UFGjw14AaABAg,Qué rico come tu diputado,Quorum,UCE4rsXcgDb6e1-a9iTbWzfg,@virgiliogarcia3039,UCHTGCgY2l-DQJIvlA_cpa_Q,Que trabajo hasen esos corruptos,@quorumgt/videos,channel,quorum_complete_comments.csv | youtube_guatemala_plus_comments.csv,/@virgiliogarcia3039,hace 2 años,13.0,0,False,,Que trabajo hasen esos corruptos                                                                                                                                                                                                                                                                                                                                                                                                                                                                                                                                                                                                                                                                                                                                                                                                                                                                                                                                                                                                                                ,True,13,que trabajo hasen esos corruptos,False,[],[],[],0,trabajar har corrupto,"['trabajar', 'har', 'corrupto']",1024,21,Que trabajo hasen esos corruptos,classified,NEG,0.8977094292640686,0.08274869620800018,0.01954181119799614,8,False,0.8977094292640686,False,-0.8781676180660725,pysentimiento/robertuito-sentiment-analysis,a2cc0f67ebd705c55191e25a05ba23d885fcc09b,0,0,True
n8iP75gIpmw,Ugy4utoHlyokVSeSi5h4AaABAg,Qué rico come tu diputado,Quorum,UCE4rsXcgDb6e1-a9iTbWzfg,@marioajset4283,UC3XTwHxygNCgjndsg-UiCQA,los niños guatemaltecos con Desnutrición crónica serán sus verdugos.,@quorumgt/videos,channel,quorum_complete_comments.csv | youtube_guatemala_plus_comments.csv,/@marioajset4283,hace 2 años,,0,False,,los niños guatemaltecos con Desnutrición crónica serán sus verdugos.                                                                                                                                                                                                                                                                                                                                                                                                                                                                                                                                                                                                                                                                                                                                                                                                                                                                                                                                                                                            ,False,0,los niños guatemaltecos con desnutrición crónica serán sus verdugos,False,[],[],[],0,niño guatemalteco desnutrición crónico verdugo,"['niño', 'guatemalteco', 'desnutrición', 'crónico', 'verdugo']",1024,46,los niños guatemaltecos con Desnutrición crónica serán sus verdugos.,classified,NEG,0.9150927066802979,0.07698557525873184,0.007921679876744747,16,False,0.9150927066802979,False,-0.9071710268035531,pysentimiento/robertuito-sentiment-analysis,a2cc0f67ebd705c55191e25a05ba23d885fcc09b,0,0,True
6W4u8sGEnGM,Ugy4x4u9e1_xRoppaMF4AaABAg,Inician los trabajos de recuperación del Puente Belice II.,Gobierno de la República de Guatemala,UC-ZtFBHzgkYFh7whZkuR_Ag,@cristianescobedo8296,UCvDwJBBY1mHK70aTEYl6rsA,"se espera que la obra se finalice en plazo de acuerdo a la programación del proyecto, de acuerdo a normas internacionales de construcción, que la contraloría audite  mes a mes y sobre todo que el proyecto no sea sobrevalorado o que tenga costos adicionales a lo ya pactado.",Gobierno de la República de Guatemala,topic,youtube_guatemala_plus_comments.csv | youtube_lab_targets_small_comments.csv,/@cristianescobedo8296,hace 6 días,1.0,0,False,,"se espera que la obra se finalice en plazo de acuerdo a la programación del proyecto, de acuerdo a normas internacionales de construcción, que la contraloría audite  mes a mes y sobre todo que el proyecto no sea sobrevalorado o que tenga costos adicionales a lo ya pactado.                                                                                                                                                                                                                                                                                                                                                                                                                                                                                                                                                                                                                                                                                                                                                                             ",True,1,se espera que la obra se finalice en plazo de acuerdo a la programación del proyecto de acuerdo a normas internacionales de construcción que la contraloría audite mes a mes y sobre todo que el proyecto no sea sobrevalorado o que tenga costos adicionales a lo ya pactado,False,[],[],[],0,esperar obra finalizar plazo programación proyecto norma internacional construcción contraloer audite mes mes proyecto sobrevalorar costo adicional pactar,"['esperar', 'obra', 'finalizar', 'plazo', 'programación', 'proyecto', 'norma', 'internacional', 'construcción', 'contraloer', 'audite', 'mes', 'mes', 'proyecto', 'sobrevalorar', 'costo', 'adicional', 'pactar']",1022,154,"se espera que la obra se finalice en plazo de acuerdo a la programación del proyecto, de acuerdo a normas internacionales de construcción, que la contraloría audite  mes a mes y sobre todo que el proyecto no sea sobrevalorado o que tenga costos adicionales a lo ya pactado.",classified,NEU,0.06832996010780334,0.765795886516571,0.16587406396865845,58,False,0.765795886516571,False,0.0975441038608551,pysentimiento/robertuito-sentiment-analysis,a2cc0f67ebd705c55191e25a05ba23d885fcc09b,2,2,True
n8iP75gIpmw,Ugy5j8gzaawBk-mw5et4AaABAg,Qué rico come tu diputado,Quorum,UCE4rsXcgDb6e1-a9iTbWzfg,@ARGELIATELON,UCkd9W714-947dEE6ZOEBATA,Me pregunto si antes de ser diputados les alcanzaba su dinero para comer esos almuercitos y en esos lugares? Pero como don pueblo paga....vengase el almuercito. La historia ni él se la cree. O sea.... la 3a. parte de su salario para un almuerzo???,@quorumgt/videos,channel,quorum_complete_comments.csv | youtube_guatemala_plus_comments.csv,/@ARGELIATELON,hace 2 años (editado),3.0,0,False,,Me pregunto si antes de ser diputados les alcanzaba su dinero para comer esos almuercitos y en esos lugares? Pero como don pueblo paga....vengase el almuercito. La historia ni él se la cree. O sea.... la 3a. parte de su salario para un almuerzo???                                                                                                                                                                                                                                                                                                                                                                                                                                                                                                                                                                                                                                                                                                                                                                                                         ,True,3,me pregunto si antes de ser diputados les alcanzaba su dinero para comer esos almuercitos y en esos lugares pero como don pueblo paga vengase el almuercito la historia ni él se la cree o sea la a parte de su salario para un almuerzo,False,[],[],[],0,preguntar diputado alcanzar dinero comer almuercito lugar don pueblo pagar vengar almuercito historia creer salario almuerzo,"['preguntar', 'diputado', 'alcanzar', 'dinero', 'comer', 'almuercito', 'lugar', 'don', 'pueblo', 'pagar', 'vengar', 'almuercito', 'historia', 'creer', 'salario', 'almuerzo']",1024,124,Me pregunto si antes de ser diputados les alcanzaba su dinero para comer esos almuercitos y en esos lugares? Pero como don pueblo paga...vengase el almuercito. La historia ni él se la cree. O sea... la 3a. parte de su salario para un almuerzo???,classified,NEG,0.9146071672439575,0.07992386817932129,0.005468967370688915,57,False,0.9146071672439575,False,-0.9091381998732686,pysentimiento/robertuito-sentiment-analysis,a2cc0f67ebd705c55191e25a05ba23d885fcc09b,0,0,True
ndAZjHqzzT8,Ugy5lmf3RzzeJDUeqQd4AaABAg,Internet: escoger el menos malo,Quorum,UCE4rsXcgDb6e1-a9iTbWzfg,@Alejandro00710,UCbrtvygfRT6QXqWDNrOf-cA,"Eso sin mencionar el costo de sus servicios, la mala calidad del mismo, mientras no haya una ley de competencia nos van a seguir jodiendo, urge.",@quorumgt/videos,channel,quorum_complete_comments.csv | youtube_guatemala_plus_comments.csv,/@Alejandro00710,hace 2 años,,0,False,,"Eso sin mencionar el costo de sus servicios, la mala calidad del mismo, mientras no haya una ley de competencia nos van a seguir jodiendo, urge.                                                                                                                                                                                                                                                                                                                                                                                                                                                                                                                                                                                                                                                                                                                                                                                                                                                                                                              ",False,0,eso sin mencionar el costo de sus servicios la mala calidad del mismo mientras no haya una ley de competencia nos van a seguir jodiendo urge,False,[],[],[],0,mencionar costo servicio malo calidad ley competencia seguir jodeir urge,"['mencionar', 'costo', 'servicio', 'malo', 'calidad', 'ley', 'competencia', 'seguir', 'jodeir', 'urge']",1022,72,"Eso sin mencionar el costo de sus servicios, la mala calidad del mismo, mientras no haya una ley de competencia nos van a seguir jodiendo, urge.",classified,NEG,0.9826512932777405,0.014333321712911129,0.0030154141131788492,31,False,0.9826512932777405,False,-0.9796358791645616,pysentimiento/robertuito-sentiment-analysis,a2cc0f67ebd705c55191e25a05ba23d885fcc09b,7,7,True
6W4u8sGEnGM,Ugy6Qii72nfxIpYyuCR4AaABAg,Inician los trabajos de recuperación del Puente Belice II.,Gobierno de la República de Guatemala,UC-ZtFBHzgkYFh7whZkuR_Ag,@albertoshernandez5251,UCV3fr-YOixFKCZBbJP1-X4w,TODO EL APOYO PARA EL PRESIDENTE BERNARDO AREVALO 👍🇬🇹👍,Gobierno de la República de Guatemala,topic,youtube_guatemala_plus_comments.csv | youtube_lab_targets_small_comments.csv,/@albertoshernandez5251,hace 6 días,5.0,0,False,,TODO EL APOYO PARA EL PRESIDENTE BERNARDO AREVALO 👍🇬🇹👍                                                                                                                                                                                                                                                                                                                                                                                                                                                                                                                                                                                                                                                                                                                                                                                                                                                                                                                                                                                                      ,True,5,todo el apoyo para el presidente bernardo arevalo,False,[],[],"['👍', '🇬🇹', '👍']",3,apoyo presidente bernardo arevalo,"['apoyo', 'presidente', 'bernardo', 'arevalo']",1020,33,TODO EL APOYO PARA EL PRESIDENTE BERNARDO AREVALO  emoji pulgar hacia arriba emoji  emoji bandera guatemala emoji  emoji pulgar hacia arriba emoji,classified,NEU,0.09180054813623428,0.7034698724746704,0.2047296166419983,34,False,0.7034698724746704,False,0.11292906850576401,pysentimiento/robertuito-sentiment-analysis,a2cc0f67ebd705c55191e25a05ba23d885fcc09b,2,2,True
JkpVO1hx2f8,Ugy6isIL3n6cvYbJG-94AaABAg,10 Preguntas a un año del Paro Nacional,Quorum,UCE4rsXcgDb6e1-a9iTbWzfg,@ninettmartinez425,UCWWkebAekppaL5b5CNlppuw,Yo vi en  Semilla y Bernardo Arévalo  una oportunidad para que Guatemala saliera de la corrupción.,@quorumgt/videos,channel,quorum_complete_comments.csv | youtube_guatemala_plus_comments.csv,/@ninettmartinez425,hace 1 año,3.0,0,False,,Yo vi en  Semilla y Bernardo Arévalo  una oportunidad para que Guatemala saliera de la corrupción.                                                                                                                                                                                                                                                                                                                                                                                                                                                                                                                                                                                                                                                                                                                                                                                                                                                                                                                                                              ,True,3,yo vi en semilla y bernardo arévalo una oportunidad para que guatemala saliera de la corrupción,False,[],[],[],0,ver semilla bernardo arévalo oportunidad guatemala salir corrupción,"['ver', 'semilla', 'bernardo', 'arévalo', 'oportunidad', 'guatemala', 'salir', 'corrupción']",1024,67,Yo vi en  Semilla y Bernardo Arévalo  una oportunidad para que Guatemala saliera de la corrupción.,classified,POS,0.08434586971998215,0.3613894581794739,0.5542647242546082,22,False,0.5542647242546082,True,0.469918854534626,pysentimiento/robertuito-sentiment-analysis,a2cc0f67ebd705c55191e25a05ba23d885fcc09b,10,10,True
n8iP75gIpmw,Ugy6y6DL1AgyNzNpfMZ4AaABAg,Qué rico come tu diputado,Quorum,UCE4rsXcgDb6e1-a9iTbWzfg,@mynorrodas8591,UCjmPuazZJzscrwvk0QR9RVw,"😢que desgraciados estos sinvergüenzas porque no piden un almuerzo de Q30.00 no que  almuerzos  de millonarios  con la plata  del pueblo , si les gusta lo bueno que lo paguen con su dinero",@quorumgt/videos,channel,quorum_complete_comments.csv | youtube_guatemala_plus_comments.csv,/@mynorrodas8591,hace 2 años,2.0,0,False,,"😢que desgraciados estos sinvergüenzas porque no piden un almuerzo de Q30.00 no que  almuerzos  de millonarios  con la plata  del pueblo , si les gusta lo bueno que lo paguen con su dinero                                                                                                                                                                                                                                                                                                                                                                                                                                                                                                                                                                                                                                                                                                                                                                                                                                                                  ",True,2,que desgraciados estos sinvergüenzas porque no piden un almuerzo de q no que almuerzos de millonarios con la plata del pueblo si les gusta lo bueno que lo paguen con su dinero,False,[],[],['😢'],1,desgraciado sinvergüenza pedir almuerzo q almuerzo millonario plata pueblo gustar pagar dinero,"['desgraciado', 'sinvergüenza', 'pedir', 'almuerzo', 'q', 'almuerzo', 'millonario', 'plata', 'pueblo', 'gustar', 'pagar', 'dinero']",1021,94,"emoji cara llorando emoji que desgraciados estos sinvergüenzas porque no piden un almuerzo de Q30.00 no que  almuerzos  de millonarios  con la plata  del pueblo , si les gusta lo bueno que lo paguen con su dinero",classified,NEG,0.9736632108688354,0.02321370132267475,0.0031231192406266928,48,False,0.9736632108688354,False,-0.9705400916282088,pysentimiento/robertuito-sentiment-analysis,a2cc0f67ebd705c55191e25a05ba23d885fcc09b,0,0,True
n8iP75gIpmw,Ugy7-QbaMzLjAO_vJMB4AaABAg,Qué rico come tu diputado,Quorum,UCE4rsXcgDb6e1-a9iTbWzfg,@OseasSamayoa-ol5rz,UCipetjeiWj4CZB6EbyYziZg,Que paguen de su sueldo sus alimentos si el pueblo de la miseria que  las empresas nos pagan lo pagamos,@quorumgt/videos,channel,quorum_complete_comments.csv | youtube_guatemala_plus_comments.csv,/@OseasSamayoa-ol5rz,hace 2 años,,0,False,,Que paguen de su sueldo sus alimentos si el pueblo de la miseria que  las empresas nos pagan lo pagamos                                                                                                                                                                                                                                                                                                                                                                                                                                                                                                                                                                                                                                                                                                                                                                                                                                                                                                                                                         ,False,0,que paguen de su sueldo sus alimentos si el pueblo de la miseria que las empresas nos pagan lo pagamos,False,[],[],[],0,pagar sueldo alimento pueblo miseria empresa pagar pagar,"['pagar', 'sueldo', 'alimento', 'pueblo', 'miseria', 'empresa', 'pagar', 'pagar']",1024,56,Que paguen de su sueldo sus alimentos si el pueblo de la miseria que  las empresas nos pagan lo pagamos,classified,NEG,0.9745690822601318,0.021575849503278732,0.0038551201578229666,23,False,0.9745690822601318,False,-0.9707139621023089,pysentimiento/robertuito-sentiment-analysis,a2cc0f67ebd705c55191e25a05ba23d885fcc09b,0,0,True
n8iP75gIpmw,Ugy7Dk5SDB_d3RFlHU94AaABAg,Qué rico come tu diputado,Quorum,UCE4rsXcgDb6e1-a9iTbWzfg,@andyB5280,UCh5ESQvtzyHDhCA7XyekCFA,No quiere hablar de sus almuerzos se molesta . No le creo . que,@quorumgt/videos,channel,quorum_complete_comments.csv | youtube_guatemala_plus_comments.csv,/@andyB5280,hace 2 años,1.0,0,False,,No quiere hablar de sus almuerzos se molesta . No le creo . que                                                                                                                                                                                                                                                                                                                                                                                                                                                                                                                                                                                                                                                                                                                                                                                                                                                                                                                                                                                                 ,True,1,no quiere hablar de sus almuerzos se molesta no le creo que,False,[],[],[],0,hablar almuerzo molestar,"['hablar', 'almuerzo', 'molestar']",1024,24,No quiere hablar de sus almuerzos se molesta . No le creo . que,classified,NEG,0.9338306188583374,0.06337953358888626,0.0027898033149540424,17,False,0.9338306188583374,False,-0.9310408155433834,pysentimiento/robertuito-sentiment-analysis,a2cc0f67ebd705c55191e25a05ba23d885fcc09b,0,0,True
WIUZtitfLRw,Ugy7b0JTkHodE4sTU_54AaABAg,Caminar en una ciudad hecha para carros,Quorum,UCE4rsXcgDb6e1-a9iTbWzfg,@jorgegomez2237,UCZIQnb1fkwe39Iw2TAu-bGA,"Como dijo pia, casi no existen banquetas, solo hay un pedazo donde se puede medio caminar... Y aun quiere que le demos gracias... #IneptoBran",@quorumgt/videos,channel,quorum_complete_comments.csv | youtube_guatemala_plus_comments.csv,/@jorgegomez2237,hace 1 año,1.0,0,False,,"Como dijo pia, casi no existen banquetas, solo hay un pedazo donde se puede medio caminar... Y aun quiere que le demos gracias... #IneptoBran                                                                                                                                                                                                                                                                                                                                                                                                                                                                                                                                                                                                                                                                                                                                                                                                                                                                                                                 ",True,1,como dijo pia casi no existen banquetas solo hay un pedazo donde se puede medio caminar y aun quiere que le demos gracias ineptobran,False,[],['ineptobran'],[],0,pio banqueta pedazo caminar dar gracios ineptobrar,"['pio', 'banqueta', 'pedazo', 'caminar', 'dar', 'gracios', 'ineptobrar']",1022,50,"Como dijo pia, casi no existen banquetas, solo hay un pedazo donde se puede medio caminar... Y aun quiere que le demos gracias... hashtag inepto bran",classified,NEG,0.9241135120391846,0.06447232514619827,0.011414173059165478,32,False,0.9241135120391846,False,-0.9126993389800191,pysentimiento/robertuito-sentiment-analysis,a2cc0f67ebd705c55191e25a05ba23d885fcc09b,7,7,True
n8iP75gIpmw,Ugy8csktFvR0eUZN4cp4AaABAg,Qué rico come tu diputado,Quorum,UCE4rsXcgDb6e1-a9iTbWzfg,@RobertoZelaya-x1v,UCTP3O0rMnc8z8v8jaDQwL0w,Señor Nery Ramos una empresa trabaja con capital propio con dinero del dueño de la empresa que le costado ganarcelo  usted  con el dinero del pueblo o cree que el estado es su empresa trabaje esfuersece  trabajen para tener una empresa no se coman lo del pueblo,@quorumgt/videos,channel,quorum_complete_comments.csv | youtube_guatemala_plus_comments.csv,/@RobertoZelaya-x1v,hace 2 años,1.0,0,False,,Señor Nery Ramos una empresa trabaja con capital propio con dinero del dueño de la empresa que le costado ganarcelo  usted  con el dinero del pueblo o cree que el estado es su empresa trabaje esfuersece  trabajen para tener una empresa no se coman lo del pueblo                                                                                                                                                                                                                                                                                                                                                                                                                                                                                                                                                                                                                                                                                                                                                                                           ,True,1,señor nery ramos una empresa trabaja con capital propio con dinero del dueño de la empresa que le costado ganarcelo usted con el dinero del pueblo o cree que el estado es su empresa trabaje esfuersece trabajen para tener una empresa no se coman lo del pueblo,False,[],[],[],0,señor nery rir empresa trabajar capital dinero dueño empresa costado ganarcelo dinero pueblo creer empresa trabaje esfuersecir trabajen empresa comar pueblo,"['señor', 'nery', 'rir', 'empresa', 'trabajar', 'capital', 'dinero', 'dueño', 'empresa', 'costado', 'ganarcelo', 'dinero', 'pueblo', 'creer', 'empresa', 'trabaje', 'esfuersecir', 'trabajen', 'empresa', 'comar', 'pueblo']",1024,156,Señor Nery Ramos una empresa trabaja con capital propio con dinero del dueño de la empresa que le costado ganarcelo  usted  con el dinero del pueblo o cree que el estado es su empresa trabaje esfuersece  trabajen para tener una empresa no se coman lo del pueblo,classified,NEG,0.7773975133895874,0.2005212903022766,0.02208118513226509,57,False,0.7773975133895874,False,-0.7553163282573223,pysentimiento/robertuito-sentiment-analysis,a2cc0f67ebd705c55191e25a05ba23d885fcc09b,0,0,True
n8iP75gIpmw,UgyAcWsNSqIPesdI3nF4AaABAg,Qué rico come tu diputado,Quorum,UCE4rsXcgDb6e1-a9iTbWzfg,@moisesvaldez4043,UCsUCN0Yq_UyTvKjOJLmNrnQ,"para los Guatemaltecos mejor si no hacen nada, poque cuando los hacen es en contra del pueblo Guatemlateco",@quorumgt/videos,channel,quorum_complete_comments.csv | youtube_guatemala_plus_comments.csv,/@moisesvaldez4043,hace 2 años,,0,False,,"para los Guatemaltecos mejor si no hacen nada, poque cuando los hacen es en contra del pueblo Guatemlateco                                                                                                                                                                                                                                                                                                                                                                                                                                                                                                                                                                                                                                                                                                                                                                                                                                                                                                                                                    ",False,0,para los guatemaltecos mejor si no hacen nada poque cuando los hacen es en contra del pueblo guatemlateco,False,[],[],[],0,guatemalteco pocar pueblo guatemlateco,"['guatemalteco', 'pocar', 'pueblo', 'guatemlateco']",1022,38,"para los Guatemaltecos mejor si no hacen nada, poque cuando los hacen es en contra del pueblo Guatemlateco",classified,NEG,0.9464523792266846,0.04667450860142708,0.0068731545470654964,26,False,0.9464523792266846,False,-0.9395792246796191,pysentimiento/robertuito-sentiment-analysis,a2cc0f67ebd705c55191e25a05ba23d885fcc09b,8,0,False
j43HgwYFKfk,UgyB52GZe4-PXJ2TqYB4AaABAg,La cooptación de Walter Mazariegos en la USAC,Quorum,UCE4rsXcgDb6e1-a9iTbWzfg,@rosaelenaargueta79,UC3UVO7pTbeYvZ3ILEyRDskQ,Así debe informarse al pueblo sobre esta red de mafiosos!,@quorumgt,topic,j43HgwYFKfk_out_comments.csv | quorum_complete_comments.csv | youtube_guatemala_plus_comments.csv,/@rosaelenaargueta79,hace 1 año,1.0,0,False,,Así debe informarse al pueblo sobre esta red de mafiosos!                                                                                                                                                                                                                                                                                                                                                                                                                                                                                                                                                                                                                                                                                                                                                                                                                                                                                                                                                                                                       ,True,1,así debe informarse al pueblo sobre esta red de mafiosos,False,[],[],[],0,informar él pueblo red mafioso,"['informar él', 'pueblo', 'red', 'mafioso']",1024,30,Así debe informarse al pueblo sobre esta red de mafiosos!,classified,NEG,0.6127407550811768,0.3129904866218567,0.07426866143941879,14,False,0.6127407550811768,False,-0.538472093641758,pysentimiento/robertuito-sentiment-analysis,a2cc0f67ebd705c55191e25a05ba23d885fcc09b,1,1,True
PjmxCj-a9Hg,UgyBhR2qUXgMe2NJjRN4AaABAg,Conferencia de Prensa del Gobierno de Guatemala. #LaRondaGt,Gobierno de la República de Guatemala,UC-ZtFBHzgkYFh7whZkuR_Ag,@herbertaguilar1387,UCuP4UK33HKtJE_S39ksmaTw,Con la corrupcion y narco gobierno de Morena en Mexico  Arevalo no deberia de hacer asociacion alguna . El pueblo de Mexico esta sufriendo .,@GobiernodeGuatemala,topic,PjmxCj-a9Hg_out_comments.csv | youtube_guatemala_plus_comments.csv,/@herbertaguilar1387,hace 1 año,,0,False,,Con la corrupcion y narco gobierno de Morena en Mexico  Arevalo no deberia de hacer asociacion alguna . El pueblo de Mexico esta sufriendo .                                                                                                                                                                                                                                                                                                                                                                                                                                                                                                                                                                                                                                                                                                                                                                                                                                                                                                                    ,False,0,con la corrupcion y narco gobierno de morena en mexico arevalo no deberia de hacer asociacion alguna el pueblo de mexico esta sufriendo,False,[],[],[],0,corrupcion narco gobierno morena mexico arevalo deberio asociacion pueblo mexico sufrir,"['corrupcion', 'narco', 'gobierno', 'morena', 'mexico', 'arevalo', 'deberio', 'asociacion', 'pueblo', 'mexico', 'sufrir']",1024,87,Con la corrupcion y narco gobierno de Morena en Mexico  Arevalo no deberia de hacer asociacion alguna . El pueblo de Mexico esta sufriendo .,classified,NEG,0.9751647710800171,0.019333630800247192,0.005501621402800083,30,False,0.9751647710800171,False,-0.969663149677217,pysentimiento/robertuito-sentiment-analysis,a2cc0f67ebd705c55191e25a05ba23d885fcc09b,4,4,True
PjmxCj-a9Hg,UgyC45vItnUiq1QrUtd4AaABAg,Conferencia de Prensa del Gobierno de Guatemala. #LaRondaGt,Gobierno de la República de Guatemala,UC-ZtFBHzgkYFh7whZkuR_Ag,@ericapaz5406,UClsrFGJKWPxxw7MiaEdKLXw,Señor presidente? Enfóquese  en el crimen que está destrozado al país y también al turismo aga uso de su poder para implementar leyes que combatan el crimen en general por favor  mire a su país vecino como un joven si pudo terminar con el crimen.,@GobiernodeGuatemala,topic,PjmxCj-a9Hg_out_comments.csv | youtube_guatemala_plus_comments.csv,/@ericapaz5406,hace 1 año,3.0,2,False,,Señor presidente? Enfóquese  en el crimen que está destrozado al país y también al turismo aga uso de su poder para implementar leyes que combatan el crimen en general por favor  mire a su país vecino como un joven si pudo terminar con el crimen.                                                                                                                                                                                                                                                                                                                                                                                                                                                                                                                                                                                                                                                                                                                                                                                                          ,True,3,señor presidente enfóquese en el crimen que está destrozado al país y también al turismo aga uso de su poder para implementar leyes que combatan el crimen en general por favor mire a su país vecino como un joven si pudo terminar con el crimen,False,[],[],[],0,señor presidente enfóquese crimen destrozado país turismo agar implementar ley combatar crimen general favor mire país vecino joven terminar crimen,"['señor', 'presidente', 'enfóquese', 'crimen', 'destrozado', 'país', 'turismo', 'agar', 'implementar', 'ley', 'combatar', 'crimen', 'general', 'favor', 'mire', 'país', 'vecino', 'joven', 'terminar', 'crimen']",1024,147,Señor presidente? Enfóquese  en el crimen que está destrozado al país y también al turismo aga uso de su poder para implementar leyes que combatan el crimen en general por favor  mire a su país vecino como un joven si pudo terminar con el crimen.,classified,NEG,0.8986080884933472,0.08764300495386124,0.013748997822403908,56,False,0.8986080884933472,False,-0.8848590906709433,pysentimiento/robertuito-sentiment-analysis,a2cc0f67ebd705c55191e25a05ba23d885fcc09b,4,4,True
PjmxCj-a9Hg,UgyC45vItnUiq1QrUtd4AaABAg.ALgn-KZ7p47ALgvLAMzZ1A,Conferencia de Prensa del Gobierno de Guatemala. #LaRondaGt,Gobierno de la República de Guatemala,UC-ZtFBHzgkYFh7whZkuR_Ag,@ErmePérez-q4s,UCg3eIfd7BrsLEqS0BLkftHA,Ni te equivoques ni a terminado siguen siendo Salvatruchas y mareros.,@GobiernodeGuatemala,topic,PjmxCj-a9Hg_out_comments.csv | youtube_guatemala_plus_comments.csv,/@ErmeP%C3%A9rez-q4s,hace 1 año,,0,False,,Ni te equivoques ni a terminado siguen siendo Salvatruchas y mareros.                                                                                                                                                                                                                                                                                                                                                                                                                                                                                                                                                                                                                                                                                                                                                                                                                                                                                                                                                                                           ,False,0,ni te equivoques ni a terminado siguen siendo salvatruchas y mareros,False,[],[],[],0,equivoquser terminado seguir salvatrucha marero,"['equivoquser', 'terminado', 'seguir', 'salvatrucha', 'marero']",1024,47,Ni te equivoques ni a terminado siguen siendo Salvatruchas y mareros.,classified,NEG,0.6204462051391602,0.2875164747238159,0.09203732758760452,17,False,0.6204462051391602,False,-0.5284088775515556,pysentimiento/robertuito-sentiment-analysis,a2cc0f67ebd705c55191e25a05ba23d885fcc09b,4,4,True
PjmxCj-a9Hg,UgyC45vItnUiq1QrUtd4AaABAg.ALgn-KZ7p47ALgwtbYMM1u,Conferencia de Prensa del Gobierno de Guatemala. #LaRondaGt,Gobierno de la República de Guatemala,UC-ZtFBHzgkYFh7whZkuR_Ag,@ErmePérez-q4s,UCg3eIfd7BrsLEqS0BLkftHA,"Y los  que fueron hacer los pandilleros del salvador en antigua que, siguen haviendo maras en el salvador y eso es un país de maras",@GobiernodeGuatemala,topic,PjmxCj-a9Hg_out_comments.csv | youtube_guatemala_plus_comments.csv,/@ErmeP%C3%A9rez-q4s,hace 1 año,,0,False,,"Y los  que fueron hacer los pandilleros del salvador en antigua que, siguen haviendo maras en el salvador y eso es un país de maras                                                                                                                                                                                                                                                                                                                                                                                                                                                                                                                                                                                                                                                                                                                                                                                                                                                                                                                           ",False,0,y los que fueron hacer los pandilleros del salvador en antigua que siguen haviendo maras en el salvador y eso es un país de maras,False,[],[],[],0,pandillero salvador antiguo seguir haveir mara salvador país mara,"['pandillero', 'salvador', 'antiguo', 'seguir', 'haveir', 'mara', 'salvador', 'país', 'mara']",1022,65,"Y los  que fueron hacer los pandilleros del salvador en antigua que, siguen haviendo maras en el salvador y eso es un país de maras",classified,NEG,0.9011881351470947,0.09233799576759338,0.006473864894360304,33,False,0.9011881351470947,False,-0.8947142702527344,pysentimiento/robertuito-sentiment-analysis,a2cc0f67ebd705c55191e25a05ba23d885fcc09b,4,4,True
PjmxCj-a9Hg,UgyC45vItnUiq1QrUtd4AaABAg.ALgn-KZ7p47ALgx6SmnMen,Conferencia de Prensa del Gobierno de Guatemala. #LaRondaGt,Gobierno de la República de Guatemala,UC-ZtFBHzgkYFh7whZkuR_Ag,@ErmePérez-q4s,UCg3eIfd7BrsLEqS0BLkftHA,Y todo los que tienen tatuajes del salvador son pandilleros eso su dictador lo dijo. Así que no te venden humo 💨 todo lo que dicen del salvador.,@GobiernodeGuatemala,topic,PjmxCj-a9Hg_out_comments.csv | youtube_guatemala_plus_comments.csv,/@ErmeP%C3%A9rez-q4s,hace 1 año,,0,False,,Y todo los que tienen tatuajes del salvador son pandilleros eso su dictador lo dijo. Así que no te venden humo 💨 todo lo que dicen del salvador.                                                                                                                                                                                                                                                                                                                                                                                                                                                                                                                                                                                                                                                                                                                                                                                                                                                                                                               ,False,0,y todo los que tienen tatuajes del salvador son pandilleros eso su dictador lo dijo así que no te venden humo todo lo que dicen del salvador,False,[],[],['💨'],1,tatuaj salvador pandillero dictador vender humo salvador,"['tatuaj', 'salvador', 'pandillero', 'dictador', 'vender', 'humo', 'salvador']",1023,56,Y todo los que tienen tatuajes del salvador son pandilleros eso su dictador lo dijo. Así que no te venden humo  emoji salir corriendo emoji  todo lo que dicen del salvador.,classified,NEG,0.5800211429595947,0.3918289244174957,0.028149906545877457,40,False,0.5800211429595947,True,-0.5518712364137173,pysentimiento/robertuito-sentiment-analysis,a2cc0f67ebd705c55191e25a05ba23d885fcc09b,4,4,True
06mFNPU0aB8,UgyC9HUMcvW-e_nFJK14AaABAg,Capturan a presuntos delincuentes disfrazados de mujer señalados de cometer asalto,Noti7,UCVpSRoZgngfSL03Nlbjtq9A,@ruddydepaz322,UCAxvOOHQk7dYPOajzFEVtbA,Así metan los al tambo con minifaldas allí no les ba a faltar la moronga.,guatemala noticias,topic,youtube_guatemala_comments.csv | youtube_guatemala_plus_comments.csv,/@ruddydepaz322,hace 2 semanas,,0,False,,Así metan los al tambo con minifaldas allí no les ba a faltar la moronga.                                                                                                                                                                                                                                                                                                                                                                                                                                                                                                                                                                                                                                                                                                                                                                                                                                                                                                                                                                                       ,False,0,así metan los al tambo con minifaldas allí no les ba a faltar la moronga,False,[],[],[],0,metar tambo minifalda bar faltar moronga,"['metar', 'tambo', 'minifalda', 'bar', 'faltar', 'moronga']",1024,40,Así metan los al tambo con minifaldas allí no les ba a faltar la moronga.,classified,NEU,0.2905941307544708,0.5893129706382751,0.12009292840957642,23,False,0.5893129706382751,True,-0.1705012023448944,pysentimiento/robertuito-sentiment-analysis,a2cc0f67ebd705c55191e25a05ba23d885fcc09b,6,6,True
06mFNPU0aB8,UgyCFEFtEmhDbi91yCF4AaABAg,Capturan a presuntos delincuentes disfrazados de mujer señalados de cometer asalto,Noti7,UCVpSRoZgngfSL03Nlbjtq9A,@MacoMorales-i2i2d,UCq3mDTTRZnUybct5M9OSXbg,Destreza dise😅,guatemala noticias,topic,youtube_guatemala_comments.csv | youtube_guatemala_plus_comments.csv,/@MacoMorales-i2i2d,hace 2 semanas,1.0,0,False,,Destreza dise😅                                                                                                                                                                                                                                                                                                                                                                                                                                                                                                                                                                                                                                                                                                                                                                                                                                                                                                                                                                                                                                                 ,True,1,destreza dise,False,[],[],['😅'],1,destreza disar,"['destreza', 'disar']",1023,14,Destreza dise emoji cara sonriendo con sudor frío emoji,classified,NEU,0.3713616728782654,0.5877431631088257,0.04089522361755371,15,False,0.5877431631088257,True,-0.33046644926071167,pysentimiento/robertuito-sentiment-analysis,a2cc0f67ebd705c55191e25a05ba23d885fcc09b,6,6,True
n8iP75gIpmw,UgyCoulSuwV8jBnjbtN4AaABAg,Qué rico come tu diputado,Quorum,UCE4rsXcgDb6e1-a9iTbWzfg,@FidelZacarias-ph7dy,UCGzXwyCzMzGmjmCbH3Hg01Q,Ése señor entrevistador pertenece al PACTO DE CORRUPTOS....ATACA LA TRANSPARENCIA Y DEFIENDE A LOS CORRUPTOS.,@quorumgt/videos,channel,quorum_complete_comments.csv | youtube_guatemala_plus_comments.csv,/@FidelZacarias-ph7dy,hace 2 años,2.0,0,False,,Ése señor entrevistador pertenece al PACTO DE CORRUPTOS....ATACA LA TRANSPARENCIA Y DEFIENDE A LOS CORRUPTOS.                                                                                                                                                                                                                                                                                                                                                                                                                                                                                                                                                                                                                                                                                                                                                                                                                                                                                                                                                   ,True,2,ése señor entrevistador pertenece al pacto de corruptos ataca la transparencia y defiende a los corruptos,False,[],[],[],0,señor entrevistador pertenecer pacto corrupto atacar transparencia defender corrupto,"['señor', 'entrevistador', 'pertenecer', 'pacto', 'corrupto', 'atacar', 'transparencia', 'defender', 'corrupto']",1024,84,Ése señor entrevistador pertenece al PACTO DE CORRUPTOS...ATACA LA TRANSPARENCIA Y DEFIENDE A LOS CORRUPTOS.,classified,NEG,0.9495489597320557,0.04036935791373253,0.010081757791340351,21,False,0.9495489597320557,False,-0.9394672019407153,pysentimiento/robertuito-sentiment-analysis,a2cc0f67ebd705c55191e25a05ba23d885fcc09b,0,0,True
6W4u8sGEnGM,UgyD5CIXnbXNiM-a4VF4AaABAg,Inician los trabajos de recuperación del Puente Belice II.,Gobierno de la República de Guatemala,UC-ZtFBHzgkYFh7whZkuR_Ag,@OttoPalencia-b7r,UC0HvfEWozTHbwl_iEmJNvVA,Si el presidente ha sido un buen presidente pues hay que botar por el hay muchos que han hablado mal de él pero ellos no hacen nada por gustemala,Gobierno de la República de Guatemala,topic,youtube_guatemala_plus_comments.csv | youtube_lab_targets_small_comments.csv,/@OttoPalencia-b7r,hace 5 días,3.0,0,False,,Si el presidente ha sido un buen presidente pues hay que botar por el hay muchos que han hablado mal de él pero ellos no hacen nada por gustemala                                                                                                                                                                                                                                                                                                                                                                                                                                                                                                                                                                                                                                                                                                                                                                                                                                                                                                               ,True,3,si el presidente ha sido un buen presidente pues hay que botar por el hay muchos que han hablado mal de él pero ellos no hacen nada por gustemala,False,[],[],[],0,presidente presidente botar hablar gustemala,"['presidente', 'presidente', 'botar', 'hablar', 'gustemala']",1024,44,Si el presidente ha sido un buen presidente pues hay que botar por el hay muchos que han hablado mal de él pero ellos no hacen nada por gustemala,classified,NEG,0.5897333025932312,0.2513432204723358,0.15892352163791656,32,False,0.5897333025932312,True,-0.43080978095531464,pysentimiento/robertuito-sentiment-analysis,a2cc0f67ebd705c55191e25a05ba23d885fcc09b,2,2,True
6W4u8sGEnGM,UgyE6hk1g9jR7zB67lV4AaABAg,Inician los trabajos de recuperación del Puente Belice II.,Gobierno de la República de Guatemala,UC-ZtFBHzgkYFh7whZkuR_Ag,@megavision4488,UC14qlobYKqD-DO0j6b75lcA,seria bueno tambien hecharle mano a la ejecucion del puente  del rio la pasion que todoavia se esta utilizando ferry hay que hacer un puente rapido.,Gobierno de la República de Guatemala,topic,youtube_guatemala_plus_comments.csv | youtube_lab_targets_small_comments.csv,/@megavision4488,hace 3 días,,0,False,,seria bueno tambien hecharle mano a la ejecucion del puente  del rio la pasion que todoavia se esta utilizando ferry hay que hacer un puente rapido.                                                                                                                                                                                                                                                                                                                                                                                                                                                                                                                                                                                                                                                                                                                                                                                                                                                                                                            ,False,0,seria bueno tambien hecharle mano a la ejecucion del puente del rio la pasion que todoavia se esta utilizando ferry hay que hacer un puente rapido,False,[],[],[],0,seriar hechar él mano ejecucion puente rio pasion todoavia utilizar ferry puente rapido,"['seriar', 'hechar él', 'mano', 'ejecucion', 'puente', 'rio', 'pasion', 'todoavia', 'utilizar', 'ferry', 'puente', 'rapido']",1024,87,seria bueno tambien hecharle mano a la ejecucion del puente  del rio la pasion que todoavia se esta utilizando ferry hay que hacer un puente rapido.,classified,NEU,0.11280618607997894,0.6153469681739807,0.27184683084487915,36,False,0.6153469681739807,False,0.1590406447649002,pysentimiento/robertuito-sentiment-analysis,a2cc0f67ebd705c55191e25a05ba23d885fcc09b,2,2,True
n8iP75gIpmw,UgyEM7_iOGkWV0SbNuB4AaABAg,Qué rico come tu diputado,Quorum,UCE4rsXcgDb6e1-a9iTbWzfg,@edwinavila4876,UCiGRBf2RNF0WRKhRVT7zFoA,"Lamentablemente en nuestro país sigue la misma sinverguenzada. Este diputado quiere tapar el sol con un dedo. Qué pasaría si un profesor quisiera que le pagaran su comida aparte de su sueldo porque le está enseñando a
                                                                                                                                                                                                                                                                                               dibujar a un niño.",@quorumgt/videos,channel,quorum_complete_comments.csv | youtube_guatemala_plus_comments.csv,/@edwinavila4876,hace 2 años,,0,False,,"Lamentablemente en nuestro país sigue la misma sinverguenzada. Este diputado quiere tapar el sol con un dedo. Qué pasaría si un profesor quisiera que le pagaran su comida aparte de su sueldo porque le está enseñando a
                                                                                                                                                                                                                                                                                               dibujar a un niño.                                                                                                                                                                                                                                                                                                                                                                                                                                                                                                                                                                                                                                                                                                                                                                                                                                                                                                                                                                                                                                             ",False,0,lamentablemente en nuestro país sigue la misma sinverguenzada este diputado quiere tapar el sol con un dedo qué pasaría si un profesor quisiera que le pagaran su comida aparte de su sueldo porque le está enseñando a dibujar a un niño,False,[],[],[],0,lamentablemente país sinverguenzado diputado tapar sol dedo pasar profesor quisiero pagar comida aparte sueldo enseñar dibujar niño,"['lamentablemente', 'país', 'sinverguenzado', 'diputado', 'tapar', 'sol', 'dedo', 'pasar', 'profesor', 'quisiero', 'pagar', 'comida', 'aparte', 'sueldo', 'enseñar', 'dibujar', 'niño']",1529,131,"Lamentablemente en nuestro país sigue la misma sinverguenzada. Este diputado quiere tapar el sol con un dedo. Qué pasaría si un profesor quisiera que le pagaran su comida aparte de su sueldo porque le está enseñando a
   dibujar a un niño.",classified,NEG,0.9556376934051514,0.04040256887674332,0.0039596217684447765,50,False,0.9556376934051514,False,-0.9516780716367066,pysentimiento/robertuito-sentiment-analysis,a2cc0f67ebd705c55191e25a05ba23d885fcc09b,0,0,True
6W4u8sGEnGM,UgyFSrjeDvPsB0fKUdp4AaABAg,Inician los trabajos de recuperación del Puente Belice II.,Gobierno de la República de Guatemala,UC-ZtFBHzgkYFh7whZkuR_Ag,@elsasalguero6914,UCa36MjQLoPAmgJo-R3G8WQA,Que Dios bendiga al gobierno de Guatemala,Gobierno de la República de Guatemala,topic,youtube_guatemala_plus_comments.csv | youtube_lab_targets_small_comments.csv,/@elsasalguero6914,hace 6 días,3.0,0,False,,Que Dios bendiga al gobierno de Guatemala                                                                                                                                                                                                                                                                                                                                                                                                                                                                                                                                                                                                                                                                                                                                                                                                                                                                                                                                                                                                                       ,True,3,que dios bendiga al gobierno de guatemala,False,[],[],[],0,dios bendigar gobierno guatemala,"['dios', 'bendigar', 'gobierno', 'guatemala']",1024,32,Que Dios bendiga al gobierno de Guatemala,classified,POS,0.02717246487736702,0.16109274327754974,0.8117347955703735,9,False,0.8117347955703735,False,0.7845623306930065,pysentimiento/robertuito-sentiment-analysis,a2cc0f67ebd705c55191e25a05ba23d885fcc09b,2,2,True
06mFNPU0aB8,UgyHHYcKhbzXr6xEjth4AaABAg,Capturan a presuntos delincuentes disfrazados de mujer señalados de cometer asalto,Noti7,UCVpSRoZgngfSL03Nlbjtq9A,@franciscoflores3120,UCjZgFEowMBrsjodqfovzdKw,Ay que  usarlos  como  mujeres,guatemala noticias,topic,youtube_guatemala_comments.csv | youtube_guatemala_plus_comments.csv,/@franciscoflores3120,hace 2 semanas,,0,False,,Ay que  usarlos  como  mujeres                                                                                                                                                                                                                                                                                                                                                                                                                                                                                                                                                                                                                                                                                                                                                                                                                                                                                                                                                                                                                                  ,False,0,ay que usarlos como mujeres,False,[],[],[],0,ay usar él mujer,"['ay', 'usar él', 'mujer']",1024,16,Ay que  usarlos  como  mujeres,classified,NEU,0.1550370454788208,0.47776809334754944,0.3671948313713074,11,False,0.47776809334754944,True,0.21215778589248657,pysentimiento/robertuito-sentiment-analysis,a2cc0f67ebd705c55191e25a05ba23d885fcc09b,6,6,True
6W4u8sGEnGM,UgyHIuxG8A2lYDRB6vh4AaABAg,Inician los trabajos de recuperación del Puente Belice II.,Gobierno de la República de Guatemala,UC-ZtFBHzgkYFh7whZkuR_Ag,@carmenfigueroa1232,UC3YpzAr7pcdKC7BVFEpYzog,"Pues como no si a Guatemala desbancaron lo anteriores presidentes han barrido con todo
                                                                                                                                                                                                                                                                                               Primero Dios puedan terminar este proyecto antes que entre otr@ ladron y después busquen culpables",Gobierno de la República de Guatemala,topic,youtube_guatemala_plus_comments.csv | youtube_lab_targets_small_comments.csv,/@carmenfigueroa1232,hace 6 días (editado),4.0,1,False,,"Pues como no si a Guatemala desbancaron lo anteriores presidentes han barrido con todo
                                                                                                                                                                                                                                                                                               Primero Dios puedan terminar este proyecto antes que entre otr@ ladron y después busquen culpables                                                                                                                                                                                                                                                                                                                                                                                                                                                                                                                                                                                                                                                                                                                                                                                                                                                                                                                                                             ",True,4,pues como no si a guatemala desbancaron lo anteriores presidentes han barrido con todo primero dios puedan terminar este proyecto antes que entre otr ladron y después busquen culpables,False,[],[],[],0,guatemala desbancar anterior president barrer dio poder terminar proyecto otr ladron buscar culpable,"['guatemala', 'desbancar', 'anterior', 'president', 'barrer', 'dio', 'poder', 'terminar', 'proyecto', 'otr', 'ladron', 'buscar', 'culpable']",1398,100,"Pues como no si a Guatemala desbancaron lo anteriores presidentes han barrido con todo
   Primero Dios puedan terminar este proyecto antes que entre otr@usuario ladron y después busquen culpables",classified,NEG,0.9209686517715454,0.06528150290250778,0.013749868609011173,41,False,0.9209686517715454,False,-0.9072187831625342,pysentimiento/robertuito-sentiment-analysis,a2cc0f67ebd705c55191e25a05ba23d885fcc09b,2,2,True
6W4u8sGEnGM,UgyHIuxG8A2lYDRB6vh4AaABAg.A_zEyCTHfWFA_zWovudn2B,Inician los trabajos de recuperación del Puente Belice II.,Gobierno de la República de Guatemala,UC-ZtFBHzgkYFh7whZkuR_Ag,@Murmullodelbarrio,UCyJhqmMbsvjpoarBBStA2kg,"Por eso mismo
                                                                                                                                                                                                                                                                                               No permítanos otro partido corrupto de los mismos de antes para salvar todo lo que hoy estamos mirando",Gobierno de la República de Guatemala,topic,youtube_guatemala_plus_comments.csv | youtube_lab_targets_small_comments.csv,/@Murmullodelbarrio,hace 6 días,1.0,0,False,,"Por eso mismo
                                                                                                                                                                                                                                                                                               No permítanos otro partido corrupto de los mismos de antes para salvar todo lo que hoy estamos mirando                                                                                                                                                                                                                                                                                                                                                                                                                                                                                                                                                                                                                                                                                                                                                                                                                                                                                                                                                         ",True,1,por eso mismo no permítanos otro partido corrupto de los mismos de antes para salvar todo lo que hoy estamos mirando,False,[],[],[],0,permítano partido corrupto salvar mirar,"['permítano', 'partido', 'corrupto', 'salvar', 'mirar']",1325,39,"Por eso mismo
   No permítanos otro partido corrupto de los mismos de antes para salvar todo lo que hoy estamos mirando",classified,NEG,0.9379062056541443,0.05485660955309868,0.00723714753985405,29,False,0.9379062056541443,False,-0.9306690581142902,pysentimiento/robertuito-sentiment-analysis,a2cc0f67ebd705c55191e25a05ba23d885fcc09b,2,2,True
j43HgwYFKfk,UgyHcSyWHx2SKCg6db14AaABAg,La cooptación de Walter Mazariegos en la USAC,Quorum,UCE4rsXcgDb6e1-a9iTbWzfg,@estuardoargueta137,UCQqlPPUGqAfWjd-FSh_qn7Q,"Esa universidad se debe privatizar, es la universidad mas cara de Guatemala por estudiante egresado, es una carga tributaria innecesaria.",@quorumgt/videos,channel,quorum_complete_comments.csv | youtube_guatemala_plus_comments.csv,/@estuardoargueta137,hace 1 año,,0,False,,"Esa universidad se debe privatizar, es la universidad mas cara de Guatemala por estudiante egresado, es una carga tributaria innecesaria.                                                                                                                                                                                                                                                                                                                                                                                                                                                                                                                                                                                                                                                                                                                                                                                                                                                                                                                     ",False,0,esa universidad se debe privatizar es la universidad mas cara de guatemala por estudiante egresado es una carga tributaria innecesaria,False,[],[],[],0,universidad privatizar universidad cara guatemala estudiante egresado carga tributario innecesario,"['universidad', 'privatizar', 'universidad', 'cara', 'guatemala', 'estudiante', 'egresado', 'carga', 'tributario', 'innecesario']",1022,98,"Esa universidad se debe privatizar, es la universidad mas cara de Guatemala por estudiante egresado, es una carga tributaria innecesaria.",classified,NEG,0.9720025062561035,0.02392052859067917,0.004076937213540077,26,False,0.9720025062561035,False,-0.9679255690425634,pysentimiento/robertuito-sentiment-analysis,a2cc0f67ebd705c55191e25a05ba23d885fcc09b,1,1,True
n8iP75gIpmw,UgyIX1zx3bbc9DsK8VR4AaABAg,Qué rico come tu diputado,Quorum,UCE4rsXcgDb6e1-a9iTbWzfg,@cesaraugustomoralesmonroy6907,UC8r11yOugM2NuRfitQOxLLg,"Qué tristeza que extranjeros que vinieron como policías a una institución internacional impuesta por la ""comunidad internacional"" supuestamente para combatir la impunidad, se hayan quedado como ""analistas"" y periodistas en Guatemala, comentando temas nacionales. Es la nueva conquista.",@quorumgt/videos,channel,quorum_complete_comments.csv | youtube_guatemala_plus_comments.csv,/@cesaraugustomoralesmonroy6907,hace 2 años,1.0,0,False,,"Qué tristeza que extranjeros que vinieron como policías a una institución internacional impuesta por la ""comunidad internacional"" supuestamente para combatir la impunidad, se hayan quedado como ""analistas"" y periodistas en Guatemala, comentando temas nacionales. Es la nueva conquista.                                                                                                                                                                                                                                                                                                                                                                                                                                                                                                                                                                                                                                                                                                                                                             ",True,1,qué tristeza que extranjeros que vinieron como policías a una institución internacional impuesta por la comunidad internacional supuestamente para combatir la impunidad se hayan quedado como analistas y periodistas en guatemala comentando temas nacionales es la nueva conquista,False,[],[],[],0,tristeza extranjero venir policía institución internacional impuesto comunidad internacional supuestamente combatir impunidad haber quedar analista periodista guatemala comentar tema nacional conquista,"['tristeza', 'extranjero', 'venir', 'policía', 'institución', 'internacional', 'impuesto', 'comunidad', 'internacional', 'supuestamente', 'combatir', 'impunidad', 'haber', 'quedar', 'analista', 'periodista', 'guatemala', 'comentar', 'tema', 'nacional', 'conquista']",1018,201,"Qué tristeza que extranjeros que vinieron como policías a una institución internacional impuesta por la ""comunidad internacional"" supuestamente para combatir la impunidad, se hayan quedado como ""analistas"" y periodistas en Guatemala, comentando temas nacionales. Es la nueva conquista.",classified,NEG,0.9789384603500366,0.0178934745490551,0.003168016206473112,51,False,0.9789384603500366,False,-0.9757704441435635,pysentimiento/robertuito-sentiment-analysis,a2cc0f67ebd705c55191e25a05ba23d885fcc09b,0,0,True
PjmxCj-a9Hg,UgyIfQ-oDt0uVFZIq9d4AaABAg,Conferencia de Prensa del Gobierno de Guatemala. #LaRondaGt,Gobierno de la República de Guatemala,UC-ZtFBHzgkYFh7whZkuR_Ag,@pablobarrios7931,UCusjriFsDHEc2AOjqk-p5ig,"Guate tambien tiene gobierno PROGRE, LOS Y LAS DIPUTADAS,  JAJAJA
                                                                                                                                                                                                                                                                                               CIUDADANOS Y CIUDADANAS JAJAJA
                                                                                                                                                                                                                                                                                               CHIQUILLOS Y CHIQUILLOS JAJAJA
                                                                                                                                                                                                                                                                                               Los gobiernos PROGRES son los que estan llevando  a la ruina auchoa paises,  principalmente en occidente.
                                                                                                                                                                                                                                                                                               Estos PROGRESS que se pongan a trabajar de manera mas activa por el Pais y no solo bla bla bla.   Se nesesita tomar.accion YA y no bla bla bla.",@GobiernodeGuatemala,topic,PjmxCj-a9Hg_out_comments.csv | youtube_guatemala_plus_comments.csv,/@pablobarrios7931,hace 1 año,2.0,0,False,,"Guate tambien tiene gobierno PROGRE, LOS Y LAS DIPUTADAS,  JAJAJA
                                                                                                                                                                                                                                                                                               CIUDADANOS Y CIUDADANAS JAJAJA
                                                                                                                                                                                                                                                                                               CHIQUILLOS Y CHIQUILLOS JAJAJA
                                                                                                                                                                                                                                                                                               Los gobiernos PROGRES son los que estan llevando  a la ruina auchoa paises,  principalmente en occidente.
                                                                                                                                                                                                                                                                                               Estos PROGRESS que se pongan a trabajar de manera mas activa por el Pais y no solo bla bla bla.   Se nesesita tomar.accion YA y no bla bla bla.                                                                                                                                                                                                                                                                                                                                                                                                                                                                                                                                                                                                                                                                                                                                                                                                                                                                                                                ",True,2,guate tambien tiene gobierno progre los y las diputadas jajaja ciudadanos y ciudadanas jajaja chiquillos y chiquillos jajaja los gobiernos progres son los que estan llevando a la ruina auchoa paises principalmente en occidente estos progress que se pongan a trabajar de manera mas activa por el pais y no solo bla bla bla se nesesita tomar accion ya y no bla bla bla,False,[],[],[],0,guate gobierno prograr diputada jajajar ciudadano ciudadana jajajar chiquillo chiquillo jajajar gobierno progr llevar ruina auchoo país principalmente occidente progres poner trabajar activo pais bla bla bla nesesitar tomar accion bla bla bla,"['guate', 'gobierno', 'prograr', 'diputada', 'jajajar', 'ciudadano', 'ciudadana', 'jajajar', 'chiquillo', 'chiquillo', 'jajajar', 'gobierno', 'progr', 'llevar', 'ruina', 'auchoo', 'país', 'principalmente', 'occidente', 'progres', 'poner', 'trabajar', 'activo', 'pais', 'bla', 'bla', 'bla', 'nesesitar', 'tomar', 'accion', 'bla', 'bla', 'bla']",2409,242,"Guate tambien tiene gobierno PROGRE, LOS Y LAS DIPUTADAS,  JAJAJA
   CIUDADANOS Y CIUDADANAS JAJAJA
   CHIQUILLOS Y CHIQUILLOS JAJAJA
   Los gobiernos PROGRES son los que estan llevando  a la ruina auchoa paises,  principalmente en occidente.
   Estos PROGRESS que se pongan a trabajar de manera mas activa por el Pais y no solo bla bla bla.   Se nesesita urlcion YA y no bla bla bla.",classified,NEG,0.8590031266212463,0.1145290955901146,0.026467688381671906,103,False,0.8590031266212463,False,-0.8325354382395744,pysentimiento/robertuito-sentiment-analysis,a2cc0f67ebd705c55191e25a05ba23d885fcc09b,4,4,True
ndAZjHqzzT8,UgyIteBIiYe7DjUN3554AaABAg,Internet: escoger el menos malo,Quorum,UCE4rsXcgDb6e1-a9iTbWzfg,@rwdm76,UCVC2QugcI1G4RvlCiUqd1aQ,EXCELENTE,@quorumgt/videos,channel,quorum_complete_comments.csv | youtube_guatemala_plus_comments.csv,/@rwdm76,hace 11 meses,,0,False,,EXCELENTE                                                                                                                                                                                                                                                                                                                                                                                                                                                                                                                                                                                                                                                                                                                                                                                                                                                                                                                                                                                                                                                       ,False,0,excelente,False,[],[],[],0,excelente,['excelente'],1024,9,EXCELENTE,classified,NEU,0.20341511070728302,0.47786203026771545,0.31872281432151794,3,False,0.47786203026771545,True,0.11530770361423492,pysentimiento/robertuito-sentiment-analysis,a2cc0f67ebd705c55191e25a05ba23d885fcc09b,7,7,True
lj983NWyAQY,UgyJ7QRY-X3DsJC-t-p4AaABAg,Plan 2032 Ciudad de Guatemala,Municipalidad de Guatemala,UCXa6LVjBzUtmcM3cwbd9e2w,@isaidiaz2388,UC5fvhAfm89JH8eDFdvc0xYw,Guate es Classic 👍💯,Municipalidad de Guatemala,topic,lj983NWyAQY_out_comments.csv | youtube_guatemala_plus_comments.csv,/@isaidiaz2388,hace 5 años,,0,False,,Guate es Classic 👍💯                                                                                                                                                                                                                                                                                                                                                                                                                                                                                                                                                                                                                                                                                                                                                                                                                                                                                                                                                                                                                                           ,False,0,guate es classic,False,[],[],"['👍', '💯']",2,guate classic,"['guate', 'classic']",1022,13,Guate es Classic  emoji pulgar hacia arriba emoji  emoji cien puntos emoji,classified,POS,0.04641066864132881,0.43664997816085815,0.5169394016265869,20,False,0.5169394016265869,True,0.4705287329852581,pysentimiento/robertuito-sentiment-analysis,a2cc0f67ebd705c55191e25a05ba23d885fcc09b,3,3,True
PjmxCj-a9Hg,UgyJnStLEHxVNbAfd0p4AaABAg,Conferencia de Prensa del Gobierno de Guatemala. #LaRondaGt,Gobierno de la República de Guatemala,UC-ZtFBHzgkYFh7whZkuR_Ag,@mariavail8998,UCAV7QIjYhbDJaycQycM_0eQ,No dejen que nuestros hermanos Guatemalatecos qué esten encerrados en esse lugar pir favor 🙏 Autoridades sun  nuestros prójimos gracias señores 🙏 🙌 👏,@GobiernodeGuatemala,topic,PjmxCj-a9Hg_out_comments.csv | youtube_guatemala_plus_comments.csv,/@mariavail8998,hace 1 año,3.0,0,False,,No dejen que nuestros hermanos Guatemalatecos qué esten encerrados en esse lugar pir favor 🙏 Autoridades sun  nuestros prójimos gracias señores 🙏 🙌 👏                                                                                                                                                                                                                                                                                                                                                                                                                                                                                                                                                                                                                                                                                                                                                                                                                                                                                                       ,True,3,no dejen que nuestros hermanos guatemalatecos qué esten encerrados en esse lugar pir favor autoridades sun nuestros prójimos gracias señores,False,[],[],"['🙏', '🙏', '🙌', '👏']",4,dejar hermano guatemalateco estir encerrado esse lugar pir favor autoridad sun prójir gracias señor,"['dejar', 'hermano', 'guatemalateco', 'estir', 'encerrado', 'esse', 'lugar', 'pir', 'favor', 'autoridad', 'sun', 'prójir', 'gracias', 'señor']",1020,99,No dejen que nuestros hermanos Guatemalatecos qué esten encerrados en esse lugar pir favor  emoji manos en oración emoji  Autoridades sun  nuestros prójimos gracias señores  emoji manos en oración emoji   emoji manos levantadas celebrando emoji   emoji manos aplaudiendo emoji,classified,NEG,0.45182061195373535,0.44459354877471924,0.10358592867851257,60,False,0.45182061195373535,True,-0.3482346832752228,pysentimiento/robertuito-sentiment-analysis,a2cc0f67ebd705c55191e25a05ba23d885fcc09b,4,4,True
n8iP75gIpmw,UgyMRj1sNq6Xkrqepst4AaABAg,Qué rico come tu diputado,Quorum,UCE4rsXcgDb6e1-a9iTbWzfg,@EnnioAroche,UC3E9mAgP7VoAE5mZoAexl5g,"Son realmente estos diputados unos aprovechados, mientras los jubilados del igss  ,algunos reciben 300.00 quetzales al mes y no los an apoyado.",@quorumgt/videos,channel,quorum_complete_comments.csv | youtube_guatemala_plus_comments.csv,/@EnnioAroche,hace 1 año,,0,False,,"Son realmente estos diputados unos aprovechados, mientras los jubilados del igss  ,algunos reciben 300.00 quetzales al mes y no los an apoyado.                                                                                                                                                                                                                                                                                                                                                                                                                                                                                                                                                                                                                                                                                                                                                                                                                                                                                                               ",False,0,son realmente estos diputados unos aprovechados mientras los jubilados del igss algunos reciben quetzales al mes y no los an apoyado,False,[],[],[],0,realmente diputado aprovechado jubilado igss recibir quetzales mes an apoyar,"['realmente', 'diputado', 'aprovechado', 'jubilado', 'igss', 'recibir', 'quetzales', 'mes', 'an', 'apoyar']",1022,76,"Son realmente estos diputados unos aprovechados, mientras los jubilados del igss  ,algunos reciben 300.00 quetzales al mes y no los an apoyado.",classified,NEG,0.9760298728942871,0.01968298852443695,0.0042871409095823765,34,False,0.9760298728942871,False,-0.9717427319847047,pysentimiento/robertuito-sentiment-analysis,a2cc0f67ebd705c55191e25a05ba23d885fcc09b,0,0,True
n8iP75gIpmw,UgyN-BmjI1Qyr5moi-x4AaABAg,Qué rico come tu diputado,Quorum,UCE4rsXcgDb6e1-a9iTbWzfg,@ernestogamboa8737,UCB5p8a5gklc80jJItP6xTHg,"Aunqué contradiga, ellos están acostumbrados a hacer esto, comiendo a costillas del pueblo,",@quorumgt/videos,channel,quorum_complete_comments.csv | youtube_guatemala_plus_comments.csv,/@ernestogamboa8737,hace 2 años,6.0,0,False,,"Aunqué contradiga, ellos están acostumbrados a hacer esto, comiendo a costillas del pueblo,                                                                                                                                                                                                                                                                                                                                                                                                                                                                                                                                                                                                                                                                                                                                                                                                                                                                                                                                                                   ",True,6,aunqué contradiga ellos están acostumbrados a hacer esto comiendo a costillas del pueblo,False,[],[],[],0,aunqué contradigar acostumbrado comer costilla pueblo,"['aunqué', 'contradigar', 'acostumbrado', 'comer', 'costilla', 'pueblo']",1022,53,"Aunqué contradiga, ellos están acostumbrados a hacer esto, comiendo a costillas del pueblo,",classified,NEG,0.7800400257110596,0.1894480437040329,0.030511997640132904,19,False,0.7800400257110596,False,-0.7495280280709267,pysentimiento/robertuito-sentiment-analysis,a2cc0f67ebd705c55191e25a05ba23d885fcc09b,0,0,True
6W4u8sGEnGM,UgyNuIQ1W1M3g8ut6314AaABAg,Inician los trabajos de recuperación del Puente Belice II.,Gobierno de la República de Guatemala,UC-ZtFBHzgkYFh7whZkuR_Ag,@BorisTebalán,UC1NiEdJ7gk6FlDexIalWnGg,"Las verdad si ya es un hecho si el presidente se merece mucho respeto porque está haciendo en tristes 4 años ese proyecto.
                                                                                                                                                                                                                                                                                               MIENTRAS LOS CORRUPTOS HDP SOLO SE HAN HUEVIADO LAS MILLONADAS DE DINERO EN MAS DE 60 AÑOS NO HICIERON
                                                                                                                                                                                                                                                                                               NI PURA MIERDA. 😡
                                                                                                                                                                                                                                                                                               Pero la gente burra aun así pienso que vamos a regresar con los corruptos hdpm a ser gobernados.
                                                                                                                                                                                                                                                                                               ESPERO EQUIVOCARME",Gobierno de la República de Guatemala,topic,youtube_guatemala_plus_comments.csv | youtube_lab_targets_small_comments.csv,/@BorisTebal%C3%A1n,hace 5 días,,0,False,,"Las verdad si ya es un hecho si el presidente se merece mucho respeto porque está haciendo en tristes 4 años ese proyecto.
                                                                                                                                                                                                                                                                                               MIENTRAS LOS CORRUPTOS HDP SOLO SE HAN HUEVIADO LAS MILLONADAS DE DINERO EN MAS DE 60 AÑOS NO HICIERON
                                                                                                                                                                                                                                                                                               NI PURA MIERDA. 😡
                                                                                                                                                                                                                                                                                               Pero la gente burra aun así pienso que vamos a regresar con los corruptos hdpm a ser gobernados.
                                                                                                                                                                                                                                                                                               ESPERO EQUIVOCARME                                                                                                                                                                                                                                                                                                                                                                                                                                                                                                                                                                                                                                                                                                                                                                                                                                                                                                                                                                                                                                             ",False,0,las verdad si ya es un hecho si el presidente se merece mucho respeto porque está haciendo en tristes años ese proyecto mientras los corruptos hdp solo se han hueviado las millonadas de dinero en mas de años no hicieron ni pura mierda pero la gente burra aun así pienso que vamos a regresar con los corruptos hdpm a ser gobernados espero equivocarme,False,[],[],['😡'],1,presidente merecer respeto triste año proyecto corrupto hdp hueviar millonada dinero año pura mierda gente burra pensar regresar corrupto hdpm gobernado esperar equivocar yo,"['presidente', 'merecer', 'respeto', 'triste', 'año', 'proyecto', 'corrupto', 'hdp', 'hueviar', 'millonada', 'dinero', 'año', 'pura', 'mierda', 'gente', 'burra', 'pensar', 'regresar', 'corrupto', 'hdpm', 'gobernado', 'esperar', 'equivocar yo']",2516,173,"Las verdad si ya es un hecho si el presidente se merece mucho respeto porque está haciendo en tristes 4 años ese proyecto.
   MIENTRAS LOS CORRUPTOS HDP SOLO SE HAN HUEVIADO LAS MILLONADAS DE DINERO EN MAS DE 60 AÑOS NO HICIERON
   NI PURA MIERDA.  emoji cara cabreada emoji 
   Pero la gente burra aun así pienso que vamos a regresar con los corruptos hdpm a ser gobernados.
   ESPERO EQUIVOCARME",classified,NEG,0.9699099063873291,0.024487387388944626,0.005602692253887653,98,False,0.9699099063873291,False,-0.9643072141334414,pysentimiento/robertuito-sentiment-analysis,a2cc0f67ebd705c55191e25a05ba23d885fcc09b,2,2,True
yLZS3JiEBg8,UgyOyo4VyMiMOhqOkGd4AaABAg,Arroz con pollo a la MONOPOLIO,Quorum,UCE4rsXcgDb6e1-a9iTbWzfg,@miguelbran1268,UCdQAuWwyC99MB7Y02Umj26Q,"Y todo se resume en la letra pequeña, suena bonito pero no es así de fácil, vos crees realmente que Dionisio va a estar de acuerdo con dejar que otros vendan pollo y huevos, lo siento mucho pero tenes que detallar más en la letra pequeña.
                                                                                                                                                                                                                                                                                               Dionisio nunca va a dejar que eso pase, y si el está de acuerdo entonces perdemos los consumidores. El león no es como lo pintan.",@quorumgt/videos,channel,quorum_complete_comments.csv | youtube_guatemala_plus_comments.csv,/@miguelbran1268,hace 2 años,,0,False,,"Y todo se resume en la letra pequeña, suena bonito pero no es así de fácil, vos crees realmente que Dionisio va a estar de acuerdo con dejar que otros vendan pollo y huevos, lo siento mucho pero tenes que detallar más en la letra pequeña.
                                                                                                                                                                                                                                                                                               Dionisio nunca va a dejar que eso pase, y si el está de acuerdo entonces perdemos los consumidores. El león no es como lo pintan.                                                                                                                                                                                                                                                                                                                                                                                                                                                                                                                                                                                                                                                                                                                                                                                                                                                                                                                              ",False,0,y todo se resume en la letra pequeña suena bonito pero no es así de fácil vos crees realmente que dionisio va a estar de acuerdo con dejar que otros vendan pollo y huevos lo siento mucho pero tenes que detallar más en la letra pequeña dionisio nunca va a dejar que eso pase y si el está de acuerdo entonces perdemos los consumidores el león no es como lo pintan,False,[],[],[],0,resumir letra pequeño sonar bonito fácil vo crees realmente dionisio dejar vender pollo huevo sentir tén detallar letra pequeño dionisio dejar pasar perder consumidor león pintir,"['resumir', 'letra', 'pequeño', 'sonar', 'bonito', 'fácil', 'vo', 'crees', 'realmente', 'dionisio', 'dejar', 'vender', 'pollo', 'huevo', 'sentir', 'tén', 'detallar', 'letra', 'pequeño', 'dionisio', 'dejar', 'pasar', 'perder', 'consumidor', 'león', 'pintir']",1550,178,"Y todo se resume en la letra pequeña, suena bonito pero no es así de fácil, vos crees realmente que Dionisio va a estar de acuerdo con dejar que otros vendan pollo y huevos, lo siento mucho pero tenes que detallar más en la letra pequeña.
   Dionisio nunca va a dejar que eso pase, y si el está de acuerdo entonces perdemos los consumidores. El león no es como lo pintan.",classified,NEG,0.839927077293396,0.15108665823936462,0.008986334316432476,88,False,0.839927077293396,False,-0.8309407429769635,pysentimiento/robertuito-sentiment-analysis,a2cc0f67ebd705c55191e25a05ba23d885fcc09b,7,7,True
TT4qJ5FXHYE,UgyPm-2rnRLPav43Bt14AaABAg,"I’x K’at: el primer equipo guatemalteco de pelota maya, conformado únicamente por mujeres.",Quorum,UCE4rsXcgDb6e1-a9iTbWzfg,@taniagabrielacelis8434,UCtowGNY2lnlg6O2CkwDgkLg,"¡Aplaudo y celebro su iniciativa! Desde Puebla, me enorgullece conocer un grupo femenino de Ulama 😊❤️.",@quorumgt/videos,channel,quorum_complete_comments.csv | youtube_guatemala_plus_comments.csv,/@taniagabrielacelis8434,hace 3 años,2.0,0,False,,"¡Aplaudo y celebro su iniciativa! Desde Puebla, me enorgullece conocer un grupo femenino de Ulama 😊❤️.                                                                                                                                                                                                                                                                                                                                                                                                                                                                                                                                                                                                                                                                                                                                                                                                                                                                                                                                                        ",True,2,aplaudo y celebro su iniciativa desde puebla me enorgullece conocer un grupo femenino de ulama,False,[],[],"['😊', '❤️']",2,aplaudo celebro iniciativa puebla enorgullecer grupo femenino ulama,"['aplaudo', 'celebro', 'iniciativa', 'puebla', 'enorgullecer', 'grupo', 'femenino', 'ulama']",1022,67,"¡Aplaudo y celebro su iniciativa! Desde Puebla, me enorgullece conocer un grupo femenino de Ulama  emoji cara feliz con ojos sonrientes emoji .",classified,POS,0.00511669646948576,0.03140314295887947,0.9634801149368286,36,False,0.9634801149368286,False,0.9583634184673429,pysentimiento/robertuito-sentiment-analysis,a2cc0f67ebd705c55191e25a05ba23d885fcc09b,9,9,True
OkXlHx0hx-8,UgyQQbXS_Q_JYcSefap4AaABAg,EE.UU. envía a mexicanos deportados a Guatemala antes de su regreso a México | Noticias Telemundo,Noticias Telemundo,UCRwA1NUcUnwsly35ikGhp0A,@MarioCortez-o6v,UCp_dAUfv8i3LW3zWc24dLaQ,Regresaron sin nada 😂😂,guatemala noticias,topic,youtube_guatemala_comments.csv | youtube_guatemala_plus_comments.csv,/@MarioCortez-o6v,hace 1 día,1.0,0,False,,Regresaron sin nada 😂😂                                                                                                                                                                                                                                                                                                                                                                                                                                                                                                                                                                                                                                                                                                                                                                                                                                                                                                                                                                                                                                        ,True,1,regresaron sin nada,False,[],[],"['😂', '😂']",2,regresar,['regresar'],1022,8,Regresaron sin nada  emoji cara llorando de risa emoji  emoji cara llorando de risa emoji,classified,NEU,0.42316102981567383,0.5370839834213257,0.039754997938871384,24,False,0.5370839834213257,True,-0.38340603187680244,pysentimiento/robertuito-sentiment-analysis,a2cc0f67ebd705c55191e25a05ba23d885fcc09b,5,5,True
UhL9y3KUl8E,UgyQxncw9dtHgZFgp014AaABAg,SHAI WA: la vecina queer de Casa Presidencial,Quorum,UCE4rsXcgDb6e1-a9iTbWzfg,@aditalissethevasquezrojas8039,UC_NRVt2UP88ZNTwzrZ66JSg,"Gracias por este video, que importante conocer este tipo de espacios.",@quorumgt/videos,channel,quorum_complete_comments.csv | youtube_guatemala_plus_comments.csv,/@aditalissethevasquezrojas8039,hace 3 años,2.0,0,False,,"Gracias por este video, que importante conocer este tipo de espacios.                                                                                                                                                                                                                                                                                                                                                                                                                                                                                                                                                                                                                                                                                                                                                                                                                                                                                                                                                                                         ",True,2,gracias por este video que importante conocer este tipo de espacios,False,[],[],[],0,gracias video importante tipo espacio,"['gracias', 'video', 'importante', 'tipo', 'espacio']",1022,37,"Gracias por este video, que importante conocer este tipo de espacios.",classified,POS,0.002790755359455943,0.022867660969495773,0.974341630935669,14,False,0.974341630935669,False,0.971550875576213,pysentimiento/robertuito-sentiment-analysis,a2cc0f67ebd705c55191e25a05ba23d885fcc09b,13,13,True
j43HgwYFKfk,UgyRmKHMG-ygpot6nY14AaABAg,La cooptación de Walter Mazariegos en la USAC,Quorum,UCE4rsXcgDb6e1-a9iTbWzfg,@Jel.Awesh.M,UCylqlpsh8ENNM1LqgQ1KbxA,"Triste la realidad de la USAC, y buen video, ojalá saque más frecuentemente.",@quorumgt,topic,j43HgwYFKfk_out_comments.csv | quorum_complete_comments.csv | youtube_guatemala_plus_comments.csv,/@Jel.Awesh.M,hace 1 año,1.0,0,False,,"Triste la realidad de la USAC, y buen video, ojalá saque más frecuentemente.                                                                                                                                                                                                                                                                                                                                                                                                                                                                                                                                                                                                                                                                                                                                                                                                                                                                                                                                                                                  ",True,1,triste la realidad de la usac y buen video ojalá saque más frecuentemente,False,[],[],[],0,triste realidad usac video ojalá sacar frecuentemente,"['triste', 'realidad', 'usac', 'video', 'ojalá', 'sacar', 'frecuentemente']",1022,53,"Triste la realidad de la USAC, y buen video, ojalá saque más frecuentemente.",classified,NEG,0.6793681383132935,0.23426520824432373,0.08636665344238281,19,False,0.6793681383132935,False,-0.5930014848709106,pysentimiento/robertuito-sentiment-analysis,a2cc0f67ebd705c55191e25a05ba23d885fcc09b,1,1,True
j43HgwYFKfk,UgyS31-ujtXB5VmjBRV4AaABAg,La cooptación de Walter Mazariegos en la USAC,Quorum,UCE4rsXcgDb6e1-a9iTbWzfg,@ligiaguerra3057,UCRvPToDkkumha7WJAfCDk1A,Que asco,@quorumgt/videos,channel,quorum_complete_comments.csv | youtube_guatemala_plus_comments.csv,/@ligiaguerra3057,hace 1 año,,0,False,,Que asco                                                                                                                                                                                                                                                                                                                                                                                                                                                                                                                                                                                                                                                                                                                                                                                                                                                                                                                                                                                                                                                        ,False,0,que asco,False,[],[],[],0,asco,['asco'],1024,4,Que asco,classified,NEG,0.8485835194587708,0.12252932786941528,0.02888716757297516,4,False,0.8485835194587708,False,-0.8196963518857956,pysentimiento/robertuito-sentiment-analysis,a2cc0f67ebd705c55191e25a05ba23d885fcc09b,1,1,True
PjmxCj-a9Hg,UgySlQlmZmrLAq5JsLx4AaABAg,Conferencia de Prensa del Gobierno de Guatemala. #LaRondaGt,Gobierno de la República de Guatemala,UC-ZtFBHzgkYFh7whZkuR_Ag,@kevinochoa3695,UCPZueDLrCS4BmTBRMA4q0fA,"Bienvenido el tren maya 🎉 como hay ineptos que se oponen a esta gran colaboración estamos hablando de desarrollo para nuestra frontera, desarrollo para el país en general acaso no saben cuantos turistas genera al año? imagínense de aquí a 10 años ya con el tren maya y todo nuestro país conectado logísticamente con trenes",@GobiernodeGuatemala,topic,PjmxCj-a9Hg_out_comments.csv | youtube_guatemala_plus_comments.csv,/@kevinochoa3695,hace 1 año,1.0,1,False,,"Bienvenido el tren maya 🎉 como hay ineptos que se oponen a esta gran colaboración estamos hablando de desarrollo para nuestra frontera, desarrollo para el país en general acaso no saben cuantos turistas genera al año? imagínense de aquí a 10 años ya con el tren maya y todo nuestro país conectado logísticamente con trenes                                                                                                                                                                                                                                                                                                                                                                                                                                                                                                                                                                                                                                                                                                                           ",True,1,bienvenido el tren maya como hay ineptos que se oponen a esta gran colaboración estamos hablando de desarrollo para nuestra frontera desarrollo para el país en general acaso no saben cuantos turistas genera al año imagínense de aquí a años ya con el tren maya y todo nuestro país conectado logísticamente con trenes,False,[],[],['🎉'],1,bienvenir tren maya inepto oponer colaboración hablar desarrollo frontera desarrollo país general acaso turista generar año imagínense año tren maya país conectado logísticamente tren,"['bienvenir', 'tren', 'maya', 'inepto', 'oponer', 'colaboración', 'hablar', 'desarrollo', 'frontera', 'desarrollo', 'país', 'general', 'acaso', 'turista', 'generar', 'año', 'imagínense', 'año', 'tren', 'maya', 'país', 'conectado', 'logísticamente', 'tren']",1021,183,"Bienvenido el tren maya  emoji cañón de confeti emoji  como hay ineptos que se oponen a esta gran colaboración estamos hablando de desarrollo para nuestra frontera, desarrollo para el país en general acaso no saben cuantos turistas genera al año? imagínense de aquí a 10 años ya con el tren maya y todo nuestro país conectado logísticamente con trenes",classified,NEG,0.655676543712616,0.2802005410194397,0.06412294507026672,69,False,0.655676543712616,False,-0.5915535986423492,pysentimiento/robertuito-sentiment-analysis,a2cc0f67ebd705c55191e25a05ba23d885fcc09b,4,4,True
PjmxCj-a9Hg,UgySlQlmZmrLAq5JsLx4AaABAg.ALh5XYlqNufALhOuUP3UYB,Conferencia de Prensa del Gobierno de Guatemala. #LaRondaGt,Gobierno de la República de Guatemala,UC-ZtFBHzgkYFh7whZkuR_Ag,@Burgos68,UC7IMsCxfZyWN7YQo8-JYa6Q,"Me agrado lo que usted a dicho, es cierto hay muchas personas que no piensan en el desarrollo mutuo y en el lugar de hacer comentarios de felicitaciones al Gobierno por éste desarrollo solidario,  se ponen hablar estupideces.",@GobiernodeGuatemala,topic,PjmxCj-a9Hg_out_comments.csv | youtube_guatemala_plus_comments.csv,/@Burgos68,hace 1 año,,0,False,,"Me agrado lo que usted a dicho, es cierto hay muchas personas que no piensan en el desarrollo mutuo y en el lugar de hacer comentarios de felicitaciones al Gobierno por éste desarrollo solidario,  se ponen hablar estupideces.                                                                                                                                                                                                                                                                                                                                                                                                                                                                                                                                                                                                                                                                                                                                                                                                                             ",False,0,me agrado lo que usted a dicho es cierto hay muchas personas que no piensan en el desarrollo mutuo y en el lugar de hacer comentarios de felicitaciones al gobierno por éste desarrollo solidario se ponen hablar estupideces,False,[],[],[],0,agrar persona pensar desarrollo mutuo lugar comentario felicitación gobierno desarrollo solidario poner hablar estupidez,"['agrar', 'persona', 'pensar', 'desarrollo', 'mutuo', 'lugar', 'comentario', 'felicitación', 'gobierno', 'desarrollo', 'solidario', 'poner', 'hablar', 'estupidez']",1022,120,"Me agrado lo que usted a dicho, es cierto hay muchas personas que no piensan en el desarrollo mutuo y en el lugar de hacer comentarios de felicitaciones al Gobierno por éste desarrollo solidario,  se ponen hablar estupideces.",classified,NEG,0.9636766910552979,0.02795301005244255,0.008370292373001575,44,False,0.9636766910552979,False,-0.9553063986822963,pysentimiento/robertuito-sentiment-analysis,a2cc0f67ebd705c55191e25a05ba23d885fcc09b,4,4,True
lj983NWyAQY,UgySttznhywvGXZyF-N4AaABAg,Plan 2032 Ciudad de Guatemala,Municipalidad de Guatemala,UCXa6LVjBzUtmcM3cwbd9e2w,@crislexrubi4387,UCHMQ_lDhibZ-XZ_3fo6oxwg,Muy bello Guatemala. Saludos desde Honduras,Municipalidad de Guatemala,topic,lj983NWyAQY_out_comments.csv | youtube_guatemala_plus_comments.csv,/@crislexrubi4387,hace 7 años,16.0,0,False,,Muy bello Guatemala. Saludos desde Honduras                                                                                                                                                                                                                                                                                                                                                                                                                                                                                                                                                                                                                                                                                                                                                                                                                                                                                                                                                                                                                     ,True,16,muy bello guatemala saludos desde honduras,False,[],[],[],0,bello guatemala saludo hondura,"['bello', 'guatemala', 'saludo', 'hondura']",1024,30,Muy bello Guatemala. Saludos desde Honduras,classified,POS,0.005462087690830231,0.03432690352201462,0.9602110385894775,9,False,0.9602110385894775,False,0.9547489508986473,pysentimiento/robertuito-sentiment-analysis,a2cc0f67ebd705c55191e25a05ba23d885fcc09b,3,3,True
n8iP75gIpmw,UgyVLVHQ4zNBKTTDxtp4AaABAg,Qué rico come tu diputado,Quorum,UCE4rsXcgDb6e1-a9iTbWzfg,@inge_vergueta,UCpsKOkt5iWTbenzeuq7dsmQ,Que se podía esperar de ese diputado que estuvo con Manuel Baldizon es otro delincuente. La gente tiene que aprender a votar por el congreso también porque solo meten lacras en el congreso 😷😷,@quorumgt/videos,channel,quorum_complete_comments.csv | youtube_guatemala_plus_comments.csv,/@inge_vergueta,hace 2 años,1.0,0,False,,Que se podía esperar de ese diputado que estuvo con Manuel Baldizon es otro delincuente. La gente tiene que aprender a votar por el congreso también porque solo meten lacras en el congreso 😷😷                                                                                                                                                                                                                                                                                                                                                                                                                                                                                                                                                                                                                                                                                                                                                                                                                                                               ,True,1,que se podía esperar de ese diputado que estuvo con manuel baldizon es otro delincuente la gente tiene que aprender a votar por el congreso también porque solo meten lacras en el congreso,False,[],[],"['😷', '😷']",2,poder esperar diputado manuel baldizon delincuente gente aprender votar congreso metar lacra congreso,"['poder', 'esperar', 'diputado', 'manuel', 'baldizon', 'delincuente', 'gente', 'aprender', 'votar', 'congreso', 'metar', 'lacra', 'congreso']",1022,101,Que se podía esperar de ese diputado que estuvo con Manuel Baldizon es otro delincuente. La gente tiene que aprender a votar por el congreso también porque solo meten lacras en el congreso  emoji cara con mascarilla médica emoji  emoji cara con mascarilla médica emoji,classified,NEG,0.9356069564819336,0.05952362343668938,0.00486939400434494,56,False,0.9356069564819336,False,-0.9307375624775887,pysentimiento/robertuito-sentiment-analysis,a2cc0f67ebd705c55191e25a05ba23d885fcc09b,7,0,False
j43HgwYFKfk,UgyWzgDknElvfn9oFJZ4AaABAg,La cooptación de Walter Mazariegos en la USAC,Quorum,UCE4rsXcgDb6e1-a9iTbWzfg,@lesolorzano,UC7dadZG7kkGYnsNu6td0FbA,Nubes negras sobre el CSU. Empieza a oler a democracia.,@quorumgt,topic,j43HgwYFKfk_out_comments.csv | quorum_complete_comments.csv | youtube_guatemala_plus_comments.csv,/@lesolorzano,hace 1 año,18.0,0,False,,Nubes negras sobre el CSU. Empieza a oler a democracia.                                                                                                                                                                                                                                                                                                                                                                                                                                                                                                                                                                                                                                                                                                                                                                                                                                                                                                                                                                                                         ,True,18,nubes negras sobre el csu empieza a oler a democracia,False,[],[],[],0,nube negro csu empezar oler democracia,"['nube', 'negro', 'csu', 'empezar', 'oler', 'democracia']",1024,38,Nubes negras sobre el CSU. Empieza a oler a democracia.,classified,NEG,0.7635284066200256,0.2053937315940857,0.031077861785888672,14,False,0.7635284066200256,False,-0.732450544834137,pysentimiento/robertuito-sentiment-analysis,a2cc0f67ebd705c55191e25a05ba23d885fcc09b,1,1,True
n8iP75gIpmw,UgyX06qZFc3cNK6223J4AaABAg,Qué rico come tu diputado,Quorum,UCE4rsXcgDb6e1-a9iTbWzfg,@josecarrera9623,UCrJn_rbo_ENAdeqneS-RmRw,"q mira el presidente Ramos
                                                                                                                                                                                                                                                                                               seguir .anteniendo esos.mantenidos y mucha jente con ambre q yeben su almuerzo d su casa esos simverguenzas y no asen nada bueno por guatemala solo cobrar el finde.mes y comor",@quorumgt/videos,channel,quorum_complete_comments.csv | youtube_guatemala_plus_comments.csv,/@josecarrera9623,hace 2 años,,0,False,,"q mira el presidente Ramos
                                                                                                                                                                                                                                                                                               seguir .anteniendo esos.mantenidos y mucha jente con ambre q yeben su almuerzo d su casa esos simverguenzas y no asen nada bueno por guatemala solo cobrar el finde.mes y comor                                                                                                                                                                                                                                                                                                                                                                                                                                                                                                                                                                                                                                                                                                                                                                                                                                                                                ",False,0,q mira el presidente ramos seguir anteniendo esos mantenidos y mucha jente con ambre q yeben su almuerzo d su casa esos simverguenzas y no asen nada bueno por guatemala solo cobrar el finde mes y comor,False,[],[],[],0,q mirar presidente ramos seguir anteneir mantenido jente ambre q yebir almuerzo d casa simverguenza ar guatemala cobrar finde mes comor,"['q', 'mirar', 'presidente', 'ramos', 'seguir', 'anteneir', 'mantenido', 'jente', 'ambre', 'q', 'yebir', 'almuerzo', 'd', 'casa', 'simverguenza', 'ar', 'guatemala', 'cobrar', 'finde', 'mes', 'comor']",1338,135,"q mira el presidente Ramos
   seguir .anteniendo esos.mantenidos y mucha jente con ambre q yeben su almuerzo d su casa esos simverguenzas y no asen nada bueno por guatemala solo cobrar el finde.mes y comor",classified,NEG,0.9731877446174622,0.022997552528977394,0.0038146721199154854,58,False,0.9731877446174622,False,-0.9693730724975467,pysentimiento/robertuito-sentiment-analysis,a2cc0f67ebd705c55191e25a05ba23d885fcc09b,0,0,True
is3Mk5oC19g,UgyXTA5oFwzI70TKCUd4AaABAg,Capturan a ladrón que había quedado grabado mientras robaba en una parroquia de Retalhuleu,TN23 Guatemala,UCt5Dw7ePnn0AqPqRF8Xpjkw,@denilsonlopez4083,UCFFrEmn6lPYiWyElpfzTy5Q,El humano la misma 💩💩💩,guatemala noticias,topic,youtube_guatemala_comments.csv | youtube_guatemala_plus_comments.csv,/@denilsonlopez4083,hace 21 horas,,0,False,,El humano la misma 💩💩💩                                                                                                                                                                                                                                                                                                                                                                                                                                                                                                                                                                                                                                                                                                                                                                                                                                                                                                                                                                                                                                       ,False,0,el humano la misma,False,[],[],"['💩', '💩', '💩']",3,humano,['humano'],1021,6,El humano la misma  emoji caca con ojos emoji  emoji caca con ojos emoji  emoji caca con ojos emoji,classified,NEG,0.8698673248291016,0.12069334089756012,0.009439349174499512,30,False,0.8698673248291016,False,-0.860427975654602,pysentimiento/robertuito-sentiment-analysis,a2cc0f67ebd705c55191e25a05ba23d885fcc09b,15,15,True
TT4qJ5FXHYE,UgyYPJkzW5rbOUI_vcd4AaABAg,"I’x K’at: el primer equipo guatemalteco de pelota maya, conformado únicamente por mujeres.",Quorum,UCE4rsXcgDb6e1-a9iTbWzfg,@Santiago.Nolasco,UCNiMNUJvaRJb0_QLClqwVnA,Excelente iniciativa,@quorumgt/videos,channel,quorum_complete_comments.csv | youtube_guatemala_plus_comments.csv,/@Santiago.Nolasco,hace 3 años,2.0,0,False,,Excelente iniciativa                                                                                                                                                                                                                                                                                                                                                                                                                                                                                                                                                                                                                                                                                                                                                                                                                                                                                                                                                                                                                                            ,True,2,excelente iniciativa,False,[],[],[],0,excelente iniciativa,"['excelente', 'iniciativa']",1024,20,Excelente iniciativa,classified,POS,0.008101851679384708,0.06980479508638382,0.922093391418457,4,False,0.922093391418457,False,0.9139915397390723,pysentimiento/robertuito-sentiment-analysis,a2cc0f67ebd705c55191e25a05ba23d885fcc09b,9,9,True
lj983NWyAQY,UgyYRHeJlfB9VF69LSp4AaABAg,Plan 2032 Ciudad de Guatemala,Municipalidad de Guatemala,UCXa6LVjBzUtmcM3cwbd9e2w,@alexandrevasquez4135,UCs_5qeqdku9tGAq22y3OcuQ,Me da mucha emoción q la ciudad de guatemala va prosperando algún día vamos hacer una de las ciudades mas famosas del mundo con alta tecnologia q china me gusta mucho este proyecto y ojalay q se cumpla..,Municipalidad de Guatemala,topic,lj983NWyAQY_out_comments.csv | youtube_guatemala_plus_comments.csv,/@alexandrevasquez4135,hace 7 años,4.0,0,False,,Me da mucha emoción q la ciudad de guatemala va prosperando algún día vamos hacer una de las ciudades mas famosas del mundo con alta tecnologia q china me gusta mucho este proyecto y ojalay q se cumpla..                                                                                                                                                                                                                                                                                                                                                                                                                                                                                                                                                                                                                                                                                                                                                                                                                                                     ,True,4,me da mucha emoción q la ciudad de guatemala va prosperando algún día vamos hacer una de las ciudades mas famosas del mundo con alta tecnologia q china me gusta mucho este proyecto y ojalay q se cumpla,False,[],[],[],0,emoción q ciudad guatemala prosperar ciudad famoso mundo alto tecnologia q chino gustar proyecto ojalay q cumplir,"['emoción', 'q', 'ciudad', 'guatemala', 'prosperar', 'ciudad', 'famoso', 'mundo', 'alto', 'tecnologia', 'q', 'chino', 'gustar', 'proyecto', 'ojalay', 'q', 'cumplir']",1024,113,Me da mucha emoción q la ciudad de guatemala va prosperando algún día vamos hacer una de las ciudades mas famosas del mundo con alta tecnologia q china me gusta mucho este proyecto y ojalay q se cumpla..,classified,POS,0.0027416085358709097,0.023761630058288574,0.9734967947006226,44,False,0.9734967947006226,False,0.9707551861647516,pysentimiento/robertuito-sentiment-analysis,a2cc0f67ebd705c55191e25a05ba23d885fcc09b,3,3,True
j43HgwYFKfk,UgyYaWYhDStGYWDGkb94AaABAg,La cooptación de Walter Mazariegos en la USAC,Quorum,UCE4rsXcgDb6e1-a9iTbWzfg,@lidiarodriguez3493,UCCBYcToQ2dwkd6TJh0FSyDg,"Importante información la. Usac de ser oposición se volvió servil, se va recuperar 👍",@quorumgt/videos,channel,quorum_complete_comments.csv | youtube_guatemala_plus_comments.csv,/@lidiarodriguez3493,hace 1 año,,0,False,,"Importante información la. Usac de ser oposición se volvió servil, se va recuperar 👍                                                                                                                                                                                                                                                                                                                                                                                                                                                                                                                                                                                                                                                                                                                                                                                                                                                                                                                                                                         ",False,0,importante información la usac de ser oposición se volvió servil se va recuperar,False,[],[],['👍'],1,importante información usac oposición volver servil recuperar,"['importante', 'información', 'usac', 'oposición', 'volver', 'servil', 'recuperar']",1021,61,"Importante información la. Usac de ser oposición se volvió servil, se va recuperar  emoji pulgar hacia arriba emoji",classified,NEU,0.40646716952323914,0.5647932291030884,0.028739558532834053,25,False,0.5647932291030884,True,-0.3777276109904051,pysentimiento/robertuito-sentiment-analysis,a2cc0f67ebd705c55191e25a05ba23d885fcc09b,1,1,True
yLZS3JiEBg8,UgyYh5BUgByoCy2qNBR4AaABAg,Arroz con pollo a la MONOPOLIO,Quorum,UCE4rsXcgDb6e1-a9iTbWzfg,@angelmartinez9523,UCxcoDvP-g2_KTZDmVZtvb3w,"En resumen son periodistas patéticos y poco profesionales. Si van a dar información, no la den a medias.
                                                                                                                                                                                                                                                                                               1. Existe inflación, la cual fue más alta que los datos que están proporcionado, esto afecta a las empresas o el propósito es que ahora las empresas subsidien lo que venden?
                                                                                                                                                                                                                                                                                               2. Los precios internacionales aplican cuando una empresa o persona oferta o compra en bolsas de valores. Existen diferentes calidades.
                                                                                                                                                                                                                                                                                               3. Existen aranceles que pagan las importaciones al menos que vayan a ser procesados y exportados (ej. beneficio 2989), el DAI en la mayoría de casos es de 10%  más IVA de 12%, más ISR y otros. Esto va desde carros a cebolla a frijoles y arroz.
                                                                                                                                                                                                                                                                                               No se quejan de todos los carros importados pero aún así las agencias venden más y está en manos de pocos grupos.
                                                                                                                                                                                                                                                                                               4. Los margenes netos de las industrias mencionadas a disminuido. Expliquen porque.
                                                                                                                                                                                                                                                                                               5. Estas empresas siguen porque han conseguido la manera de hacerlo rentable, pero cualquiera puede producir, vender, importar o exportar. La diferencia es que no saben cómo hacerlo y no tienen el dinero (la verdadera barrera de entrada).
                                                                                                                                                                                                                                                                                               6. El ingenio que hablan no está en otro país por las condiciones que mencionan, lo cual desacredita que todo lo que digan sea cierto.",@quorumgt/videos,channel,quorum_complete_comments.csv | youtube_guatemala_plus_comments.csv,/@angelmartinez9523,hace 2 años,,0,False,,"En resumen son periodistas patéticos y poco profesionales. Si van a dar información, no la den a medias.
                                                                                                                                                                                                                                                                                               1. Existe inflación, la cual fue más alta que los datos que están proporcionado, esto afecta a las empresas o el propósito es que ahora las empresas subsidien lo que venden?
                                                                                                                                                                                                                                                                                               2. Los precios internacionales aplican cuando una empresa o persona oferta o compra en bolsas de valores. Existen diferentes calidades.
                                                                                                                                                                                                                                                                                               3. Existen aranceles que pagan las importaciones al menos que vayan a ser procesados y exportados (ej. beneficio 2989), el DAI en la mayoría de casos es de 10%  más IVA de 12%, más ISR y otros. Esto va desde carros a cebolla a frijoles y arroz.
                                                                                                                                                                                                                                                                                               No se quejan de todos los carros importados pero aún así las agencias venden más y está en manos de pocos grupos.
                                                                                                                                                                                                                                                                                               4. Los margenes netos de las industrias mencionadas a disminuido. Expliquen porque.
                                                                                                                                                                                                                                                                                               5. Estas empresas siguen porque han conseguido la manera de hacerlo rentable, pero cualquiera puede producir, vender, importar o exportar. La diferencia es que no saben cómo hacerlo y no tienen el dinero (la verdadera barrera de entrada).
                                                                                                                                                                                                                                                                                               6. El ingenio que hablan no está en otro país por las condiciones que mencionan, lo cual desacredita que todo lo que digan sea cierto.                                                                                                                                                                                                                                                                                                                                                                                                                                                                                                                                                                                                                                                                                                                                                                                                                                                                                                                         ",False,0,en resumen son periodistas patéticos y poco profesionales si van a dar información no la den a medias existe inflación la cual fue más alta que los datos que están proporcionado esto afecta a las empresas o el propósito es que ahora las empresas subsidien lo que venden los precios internacionales aplican cuando una empresa o persona oferta o compra en bolsas de valores existen diferentes calidades existen aranceles que pagan las importaciones al menos que vayan a ser procesados y exportados ej beneficio el dai en la mayoría de casos es de más iva de más isr y otros esto va desde carros a cebolla a frijoles y arroz no se quejan de todos los carros importados pero aún así las agencias venden más y está en manos de pocos grupos los margenes netos de las industrias mencionadas a disminuido expliquen porque estas empresas siguen porque han conseguido la manera de hacerlo rentable pero cualquiera puede producir vender importar o exportar la diferencia es que no saben cómo hacerlo y no tienen el dinero la verdadera barrera de entrada el ingenio que hablan no está en otro país por las condiciones que mencionan lo cual desacredita que todo lo que digan sea cierto,False,[],[],[],0,resumen periodista patético profesional información dar medias inflación alto dato proporcionado afectar empresa propósito empresa subsidiar vender precio internacional aplicar empresa persona oferta compra bolsa valor calidad arancel pagar importación ir procesar exportado ej beneficio dai mayoría caso ivo isr carro cebolla frijol arroz quejar carro importado agencia vender manos grupo margen neto industria mencionado disminuido explicar empresa seguir conseguir rentable cualquiera producir vender importar exportar diferencia dinero barrera entrada ingenio país condición mencionar desacreditar decir,"['resumen', 'periodista', 'patético', 'profesional', 'información', 'dar', 'medias', 'inflación', 'alto', 'dato', 'proporcionado', 'afectar', 'empresa', 'propósito', 'empresa', 'subsidiar', 'vender', 'precio', 'internacional', 'aplicar', 'empresa', 'persona', 'oferta', 'compra', 'bolsa', 'valor', 'calidad', 'arancel', 'pagar', 'importación', 'ir', 'procesar', 'exportado', 'ej', 'beneficio', 'dai', 'mayoría', 'caso', 'ivo', 'isr', 'carro', 'cebolla', 'frijol', 'arroz', 'quejar', 'carro', 'importado', 'agencia', 'vender', 'manos', 'grupo', 'margen', 'neto', 'industria', 'mencionado', 'disminuido', 'explicar', 'empresa', 'seguir', 'conseguir', 'rentable', 'cualquiera', 'producir', 'vender', 'importar', 'exportar', 'diferencia', 'dinero', 'barrera', 'entrada', 'ingenio', 'país', 'condición', 'mencionar', 'desacreditar', 'decir']",4136,607,"En resumen son periodistas patéticos y poco profesionales. Si van a dar información, no la den a medias.
   1. Existe inflación, la cual fue más alta que los datos que están proporcionado, esto afecta a las empresas o el propósito es que ahora las empresas subsidien lo que venden?
   2. Los precios internacionales aplican cuando una empresa o persona oferta o compra en bolsas de valores. Existen diferentes calidades.
   3. Existen aranceles que pagan las importaciones al menos que vayan a ser procesados y exportados (ej. beneficio 2989), el DAI en la mayoría de casos es de 10%  más IVA de 12%, más ISR y otros. Esto va desde carros a cebolla a frijoles y arroz.
   No se quejan de todos los carros importados pero aún así las agencias venden más y está en manos de pocos grupos.
   4. Los margenes netos de las industrias mencionadas a disminuido. Expliquen porque.
   5. Estas empresas siguen porque han conseguido la manera de hacerlo rentable, pero cualquiera puede producir, vender, importar o exportar. La diferencia es que no saben cómo hacerlo y no tienen el dinero (la verdadera barrera de entrada).
   6. El ingenio que hablan no está en otro país por las condiciones que mencionan, lo cual desacredita que todo lo que digan sea cierto.",classified,NEG,0.924804151058197,0.07129523158073425,0.0039005521684885025,284,True,0.924804151058197,False,-0.9209035988897085,pysentimiento/robertuito-sentiment-analysis,a2cc0f67ebd705c55191e25a05ba23d885fcc09b,7,7,True
j43HgwYFKfk,UgyZ2zEvW_CClk8k15F4AaABAg,La cooptación de Walter Mazariegos en la USAC,Quorum,UCE4rsXcgDb6e1-a9iTbWzfg,@dinoraoroxon5771,UCW-JC6lebVmf2P1dmY_L94g,"Felicitaciones,muy buena información sobre  ese caso ni los medios informan la veracidad de todo esto,en verdad felicitaciones ojala todos los universitarios fieran como usted,sigan peleando sus derechos",@quorumgt,topic,j43HgwYFKfk_out_comments.csv | quorum_complete_comments.csv | youtube_guatemala_plus_comments.csv,/@dinoraoroxon5771,hace 4 meses,,0,False,,"Felicitaciones,muy buena información sobre  ese caso ni los medios informan la veracidad de todo esto,en verdad felicitaciones ojala todos los universitarios fieran como usted,sigan peleando sus derechos                                                                                                                                                                                                                                                                                                                                                                                                                                                                                                                                                                                                                                                                                                                                                                                                                                                   ",False,0,felicitaciones muy buena información sobre ese caso ni los medios informan la veracidad de todo esto en verdad felicitaciones ojala todos los universitarios fieran como usted sigan peleando sus derechos,False,[],[],[],0,felicitación información caso medio informar veracidad felicitación ojala universitario feír seguir pelear derecho,"['felicitación', 'información', 'caso', 'medio', 'informar', 'veracidad', 'felicitación', 'ojala', 'universitario', 'feír', 'seguir', 'pelear', 'derecho']",1022,114,"Felicitaciones,muy buena información sobre  ese caso ni los medios informan la veracidad de todo esto,en verdad felicitaciones ojala todos los universitarios fieran como usted,sigan peleando sus derechos",classified,POS,0.01596335507929325,0.08685190975666046,0.8971847295761108,37,False,0.8971847295761108,False,0.8812213744968176,pysentimiento/robertuito-sentiment-analysis,a2cc0f67ebd705c55191e25a05ba23d885fcc09b,1,1,True
j43HgwYFKfk,Ugy_6i8lJAd2eVIRNjx4AaABAg,La cooptación de Walter Mazariegos en la USAC,Quorum,UCE4rsXcgDb6e1-a9iTbWzfg,@NataliaRodriguez-rx5mr,UCgJNFj5dnxXpcMvmuhZDPxA,Excelente vídeo!,@quorumgt,topic,j43HgwYFKfk_out_comments.csv | quorum_complete_comments.csv | youtube_guatemala_plus_comments.csv,/@NataliaRodriguez-rx5mr,hace 1 año,1.0,0,False,,Excelente vídeo!                                                                                                                                                                                                                                                                                                                                                                                                                                                                                                                                                                                                                                                                                                                                                                                                                                                                                                                                                                                                                                                ,True,1,excelente vídeo,False,[],[],[],0,excelente vídeo,"['excelente', 'vídeo']",1024,15,Excelente vídeo!,classified,POS,0.011400686576962471,0.0721491351723671,0.9164502024650574,5,False,0.9164502024650574,False,0.9050495158880949,pysentimiento/robertuito-sentiment-analysis,a2cc0f67ebd705c55191e25a05ba23d885fcc09b,1,1,True
n8iP75gIpmw,Ugy__nsWCBggw9EzOUd4AaABAg,Qué rico come tu diputado,Quorum,UCE4rsXcgDb6e1-a9iTbWzfg,@eddymunoz9789,UCFoIAE8k82D6AV-8gjjKaNg,"Lo que sucede señor diputado es que por trabajar en favor de la población es su trabajo y se le paga por eso, no le podemos quemar cuetes por cada dis que logro, asi que si es justo que los Respetables Periodistas investiguen las anomalías, no quiera darle vuelta a la tortilla😅😅😅😅 pues usted lobdice de forma tan fantaciosa como si a usted se le debiera celebrar el que trabaja!",@quorumgt/videos,channel,quorum_complete_comments.csv | youtube_guatemala_plus_comments.csv,/@eddymunoz9789,hace 2 años,1.0,1,False,,"Lo que sucede señor diputado es que por trabajar en favor de la población es su trabajo y se le paga por eso, no le podemos quemar cuetes por cada dis que logro, asi que si es justo que los Respetables Periodistas investiguen las anomalías, no quiera darle vuelta a la tortilla😅😅😅😅 pues usted lobdice de forma tan fantaciosa como si a usted se le debiera celebrar el que trabaja!                                                                                                                                                                                                                                                                                                                                                                                                                                                                                                                                                                                                                                                               ",True,1,lo que sucede señor diputado es que por trabajar en favor de la población es su trabajo y se le paga por eso no le podemos quemar cuetes por cada dis que logro asi que si es justo que los respetables periodistas investiguen las anomalías no quiera darle vuelta a la tortilla pues usted lobdice de forma tan fantaciosa como si a usted se le debiera celebrar el que trabaja,False,[],[],"['😅', '😅', '😅', '😅']",4,suceder señor diputado trabajar favor población trabajo pagar quemar cuet dis lograr justo respetabl periodista investigar anomalía querer dar él vuelta tortilla lobdizar forma fantaciós deber celebrar trabajar,"['suceder', 'señor', 'diputado', 'trabajar', 'favor', 'población', 'trabajo', 'pagar', 'quemar', 'cuet', 'dis', 'lograr', 'justo', 'respetabl', 'periodista', 'investigar', 'anomalía', 'querer', 'dar él', 'vuelta', 'tortilla', 'lobdizar', 'forma', 'fantaciós', 'deber', 'celebrar', 'trabajar']",1018,210,"Lo que sucede señor diputado es que por trabajar en favor de la población es su trabajo y se le paga por eso, no le podemos quemar cuetes por cada dis que logro, asi que si es justo que los Respetables Periodistas investiguen las anomalías, no quiera darle vuelta a la tortilla emoji cara sonriendo con sudor frío emoji  emoji cara sonriendo con sudor frío emoji  emoji cara sonriendo con sudor frío emoji  pues usted lobdice de forma tan fantaciosa como si a usted se le debiera celebrar el que trabaja!",classified,NEG,0.896666944026947,0.09545493125915527,0.007878119125962257,114,False,0.896666944026947,False,-0.8887888249009848,pysentimiento/robertuito-sentiment-analysis,a2cc0f67ebd705c55191e25a05ba23d885fcc09b,0,0,True
n8iP75gIpmw,Ugy__nsWCBggw9EzOUd4AaABAg.A7lbRpGUZoHA7nJxaD37u-,Qué rico come tu diputado,Quorum,UCE4rsXcgDb6e1-a9iTbWzfg,@HaroldoCastillo-rh9iw,UCFjudnPLoaSL1BaRuLahyHg,Cierto.,@quorumgt/videos,channel,quorum_complete_comments.csv | youtube_guatemala_plus_comments.csv,/@HaroldoCastillo-rh9iw,hace 2 años,1.0,0,False,,Cierto.                                                                                                                                                                                                                                                                                                                                                                                                                                                                                                                                                                                                                                                                                                                                                                                                                                                                                                                                                                                                                                                         ,True,1,cierto,False,[],[],[],0,,[],1024,0,Cierto.,classified,NEU,0.24235083162784576,0.4796285927295685,0.27802059054374695,3,False,0.4796285927295685,True,0.035669758915901184,pysentimiento/robertuito-sentiment-analysis,a2cc0f67ebd705c55191e25a05ba23d885fcc09b,0,0,True
j43HgwYFKfk,Ugy_ejYOfCK6ERWL_dt4AaABAg,La cooptación de Walter Mazariegos en la USAC,Quorum,UCE4rsXcgDb6e1-a9iTbWzfg,@FernandoGarcia-jg1fj,UCe8JZoYkX5oKUZyivHYdXhw,"Entiendo lo grave de mi alma mater, ahora decir puchica, simon ya vas no hace más cercano el mensaje aleja la gravedad de este, esta hablando con universitarios no con sus cuates, los del barrio o perdón  la mara, por esa eterna adolescencia es que nadie lo trata con seriedad",@quorumgt,topic,j43HgwYFKfk_out_comments.csv | quorum_complete_comments.csv | youtube_guatemala_plus_comments.csv,/@FernandoGarcia-jg1fj,hace 2 meses,,0,False,,"Entiendo lo grave de mi alma mater, ahora decir puchica, simon ya vas no hace más cercano el mensaje aleja la gravedad de este, esta hablando con universitarios no con sus cuates, los del barrio o perdón  la mara, por esa eterna adolescencia es que nadie lo trata con seriedad                                                                                                                                                                                                                                                                                                                                                                                                                                                                                                                                                                                                                                                                                                                                                                          ",False,0,entiendo lo grave de mi alma mater ahora decir puchica simon ya vas no hace más cercano el mensaje aleja la gravedad de este esta hablando con universitarios no con sus cuates los del barrio o perdón la mara por esa eterna adolescencia es que nadie lo trata con seriedad,False,[],[],[],0,entender grave alma mater puchica simon vas cercano mensaje alejar gravedad hablar universitario cuat barrio perdón mara eterno adolescencia seriedad,"['entender', 'grave', 'alma', 'mater', 'puchica', 'simon', 'vas', 'cercano', 'mensaje', 'alejar', 'gravedad', 'hablar', 'universitario', 'cuat', 'barrio', 'perdón', 'mara', 'eterno', 'adolescencia', 'seriedad']",1022,149,"Entiendo lo grave de mi alma mater, ahora decir puchica, simon ya vas no hace más cercano el mensaje aleja la gravedad de este, esta hablando con universitarios no con sus cuates, los del barrio o perdón  la mara, por esa eterna adolescencia es que nadie lo trata con seriedad",classified,NEG,0.9492124319076538,0.04863196238875389,0.002155574271455407,57,False,0.9492124319076538,False,-0.9470568576361984,pysentimiento/robertuito-sentiment-analysis,a2cc0f67ebd705c55191e25a05ba23d885fcc09b,1,1,True
ndAZjHqzzT8,Ugy_hCCLd8GwWbnIbsd4AaABAg,Internet: escoger el menos malo,Quorum,UCE4rsXcgDb6e1-a9iTbWzfg,@cmorera21,UCnU8wO1OurAmGstDw6VGjgQ,"Excelente video, gracias por contarnos cómo son este par de empresas cuando están solitas en un pais. Y pensar que aquí en Costa Rica nos quejamos por mucho menos. Le cuento como es aquí:
                                                                                                                                                                                                                                                                                               Yo soy cliente de Claro en el celular y la verdad, aunque la cobertura ha mejorado mucho, aún le falta. Eso si, la velocidad de internet y claridad al llamar son excelentes y las facturas muy claras.
                                                                                                                                                                                                                                                                                               Tengo Tigo residencial y no me puedo quejar, la velocidad es estable y falla muy poco dónde vivo. Y eso que no vivo para nada en la capital ni una cabecera de provincia, como les decimos aquí. A veces ha pasado que hasta hay huracanes y el internet como si nada. Aquí la ley indica que un cliente de servicio celular puede cambiarse hasta 5 veces de operador/plan por año y seguir con su número, el cuál es un derecho del cliente y cuyo dueño legal es la Sutel, la superintendencia de aquí.
                                                                                                                                                                                                                                                                                               El 3er competidor es el estatal ICE que también tiene aún buena cuota de mercado.
                                                                                                                                                                                                                                                                                               Hay muchas cableras regionales aparte de las 4 grandes nacionales (Tigo, Liberty (antes Movistar), Telecable y Kolbi que es del ICE).
                                                                                                                                                                                                                                                                                               Claro como proveedor de tv satelital está por todo el país, pero en fibra óptica apenas en algunos distritos de San José, la capital del país. El problema para los que tenemos Tigo (único proveedor en mi barrio) es que no hay servicio de fibra, solo cobre aún, y eso que hasta el ICE ya está reemplazado sus viejas líneas de par de cobre por fibra en todo el país.
                                                                                                                                                                                                                                                                                               En fin, solo quería contarle cómo funciona en otro país del área.",@quorumgt/videos,channel,quorum_complete_comments.csv | youtube_guatemala_plus_comments.csv,/@cmorera21,hace 2 años,,0,False,,"Excelente video, gracias por contarnos cómo son este par de empresas cuando están solitas en un pais. Y pensar que aquí en Costa Rica nos quejamos por mucho menos. Le cuento como es aquí:
                                                                                                                                                                                                                                                                                               Yo soy cliente de Claro en el celular y la verdad, aunque la cobertura ha mejorado mucho, aún le falta. Eso si, la velocidad de internet y claridad al llamar son excelentes y las facturas muy claras.
                                                                                                                                                                                                                                                                                               Tengo Tigo residencial y no me puedo quejar, la velocidad es estable y falla muy poco dónde vivo. Y eso que no vivo para nada en la capital ni una cabecera de provincia, como les decimos aquí. A veces ha pasado que hasta hay huracanes y el internet como si nada. Aquí la ley indica que un cliente de servicio celular puede cambiarse hasta 5 veces de operador/plan por año y seguir con su número, el cuál es un derecho del cliente y cuyo dueño legal es la Sutel, la superintendencia de aquí.
                                                                                                                                                                                                                                                                                               El 3er competidor es el estatal ICE que también tiene aún buena cuota de mercado.
                                                                                                                                                                                                                                                                                               Hay muchas cableras regionales aparte de las 4 grandes nacionales (Tigo, Liberty (antes Movistar), Telecable y Kolbi que es del ICE).
                                                                                                                                                                                                                                                                                               Claro como proveedor de tv satelital está por todo el país, pero en fibra óptica apenas en algunos distritos de San José, la capital del país. El problema para los que tenemos Tigo (único proveedor en mi barrio) es que no hay servicio de fibra, solo cobre aún, y eso que hasta el ICE ya está reemplazado sus viejas líneas de par de cobre por fibra en todo el país.
                                                                                                                                                                                                                                                                                               En fin, solo quería contarle cómo funciona en otro país del área.                                                                                                                                                                                                                                                                                                                                                                                                                                                                                                                                                                                                                                                                                                                                                                                                                                                                                                                                                                                              ",False,0,excelente video gracias por contarnos cómo son este par de empresas cuando están solitas en un pais y pensar que aquí en costa rica nos quejamos por mucho menos le cuento como es aquí yo soy cliente de claro en el celular y la verdad aunque la cobertura ha mejorado mucho aún le falta eso si la velocidad de internet y claridad al llamar son excelentes y las facturas muy claras tengo tigo residencial y no me puedo quejar la velocidad es estable y falla muy poco dónde vivo y eso que no vivo para nada en la capital ni una cabecera de provincia como les decimos aquí a veces ha pasado que hasta hay huracanes y el internet como si nada aquí la ley indica que un cliente de servicio celular puede cambiarse hasta veces de operador plan por año y seguir con su número el cuál es un derecho del cliente y cuyo dueño legal es la sutel la superintendencia de aquí el er competidor es el estatal ice que también tiene aún buena cuota de mercado hay muchas cableras regionales aparte de las grandes nacionales tigo liberty antes movistar telecable y kolbi que es del ice claro como proveedor de tv satelital está por todo el país pero en fibra óptica apenas en algunos distritos de san josé la capital del país el problema para los que tenemos tigo único proveedor en mi barrio es que no hay servicio de fibra solo cobre aún y eso que hasta el ice ya está reemplazado sus viejas líneas de par de cobre por fibra en todo el país en fin solo quería contarle cómo funciona en otro país del área,False,[],[],[],0,excelente video gracias contarno par empresa solito pais pensar costa rico quejar contar cliente celular cobertura mejorar faltar velocidad internet claridad llamar excelente factura claro tigo residencial quejar velocidad estable fallar vivir vivir capital cabecera provincia decir huracán internet ley indicar cliente servicio celular cambiar él operador plan año seguir número derecho cliente cuyo dueño legal sutel superintendencia er competidor estatal izar cuota mercado cablera regional aparte nacional tigo liberty movistar telecable kolbi ice proveedor tv satelital país fibra óptico distrito san josé capital país problema tigo único proveedor barrio servicio fibra cobre ice reemplazado vieja línea par cobre fibra país querer contar él funcionar país área,"['excelente', 'video', 'gracias', 'contarno', 'par', 'empresa', 'solito', 'pais', 'pensar', 'costa', 'rico', 'quejar', 'contar', 'cliente', 'celular', 'cobertura', 'mejorar', 'faltar', 'velocidad', 'internet', 'claridad', 'llamar', 'excelente', 'factura', 'claro', 'tigo', 'residencial', 'quejar', 'velocidad', 'estable', 'fallar', 'vivir', 'vivir', 'capital', 'cabecera', 'provincia', 'decir', 'huracán', 'internet', 'ley', 'indicar', 'cliente', 'servicio', 'celular', 'cambiar él', 'operador', 'plan', 'año', 'seguir', 'número', 'derecho', 'cliente', 'cuyo', 'dueño', 'legal', 'sutel', 'superintendencia', 'er', 'competidor', 'estatal', 'izar', 'cuota', 'mercado', 'cablera', 'regional', 'aparte', 'nacional', 'tigo', 'liberty', 'movistar', 'telecable', 'kolbi', 'ice', 'proveedor', 'tv', 'satelital', 'país', 'fibra', 'óptico', 'distrito', 'san', 'josé', 'capital', 'país', 'problema', 'tigo', 'único', 'proveedor', 'barrio', 'servicio', 'fibra', 'cobre', 'ice', 'reemplazado', 'vieja', 'línea', 'par', 'cobre', 'fibra', 'país', 'querer', 'contar él', 'funcionar', 'país', 'área']",4211,767,"Excelente video, gracias por contarnos cómo son este par de empresas cuando están solitas en un pais. Y pensar que aquí en Costa Rica nos quejamos por mucho menos. Le cuento como es aquí:
   Yo soy cliente de Claro en el celular y la verdad, aunque la cobertura ha mejorado mucho, aún le falta. Eso si, la velocidad de internet y claridad al llamar son excelentes y las facturas muy claras.
   Tengo Tigo residencial y no me puedo quejar, la velocidad es estable y falla muy poco dónde vivo. Y eso que no vivo para nada en la capital ni una cabecera de provincia, como les decimos aquí. A veces ha pasado que hasta hay huracanes y el internet como si nada. Aquí la ley indica que un cliente de servicio celular puede cambiarse hasta 5 veces de operador/plan por año y seguir con su número, el cuál es un derecho del cliente y cuyo dueño legal es la Sutel, la superintendencia de aquí.
   El 3er competidor es el estatal ICE que también tiene aún buena cuota de mercado.
   Hay muchas cableras regionales aparte de las 4 grandes nacionales (Tigo, Liberty (antes Movistar), Telecable y Kolbi que es del ICE).
   Claro como proveedor de tv satelital está por todo el país, pero en fibra óptica apenas en algunos distritos de San José, la capital del país. El problema para los que tenemos Tigo (único proveedor en mi barrio) es que no hay servicio de fibra, solo cobre aún, y eso que hasta el ICE ya está reemplazado sus viejas líneas de par de cobre por fibra en todo el país.
   En fin, solo quería contarle cómo funciona en otro país del área.",classified,POS,0.038773950189352036,0.22334471344947815,0.7378813624382019,352,True,0.7378813624382019,False,0.6991074122488499,pysentimiento/robertuito-sentiment-analysis,a2cc0f67ebd705c55191e25a05ba23d885fcc09b,7,7,True
PjmxCj-a9Hg,Ugyav8Au2cT8yVfYgp54AaABAg,Conferencia de Prensa del Gobierno de Guatemala. #LaRondaGt,Gobierno de la República de Guatemala,UC-ZtFBHzgkYFh7whZkuR_Ag,@CarlosCortez-v5r,UCf5lnNZF7Qrtli9v4N_23WQ,Platiquen de petróleo  y del hospital de rabinal que paso,@GobiernodeGuatemala,topic,PjmxCj-a9Hg_out_comments.csv | youtube_guatemala_plus_comments.csv,/@CarlosCortez-v5r,hace 1 año,,0,False,,Platiquen de petróleo  y del hospital de rabinal que paso                                                                                                                                                                                                                                                                                                                                                                                                                                                                                                                                                                                                                                                                                                                                                                                                                                                                                                                                                                                                       ,False,0,platiquen de petróleo y del hospital de rabinal que paso,False,[],[],[],0,platicar petróleo hospital rabinal pasar,"['platicar', 'petróleo', 'hospital', 'rabinal', 'pasar']",1024,40,Platiquen de petróleo  y del hospital de rabinal que paso,classified,NEG,0.5536413192749023,0.43119582533836365,0.015162835828959942,16,False,0.5536413192749023,True,-0.5384784834459424,pysentimiento/robertuito-sentiment-analysis,a2cc0f67ebd705c55191e25a05ba23d885fcc09b,4,4,True
j43HgwYFKfk,Ugyb2uIeZGcNljNqap94AaABAg,La cooptación de Walter Mazariegos en la USAC,Quorum,UCE4rsXcgDb6e1-a9iTbWzfg,@rogeraldana4289,UCW80DaMjQlEUibC98Cot-Dg,"Que pena que estos pusilánimes muertos de hambre de poder estén llevando a la Universidad a denigrar la democracia en Guatemala empezando con sus elecciones fraudulentas.
                                                                                                                                                                                                                                                                                               Pero si bien es cierto todo lo mal habido se acaba.",@quorumgt/videos,channel,quorum_complete_comments.csv | youtube_guatemala_plus_comments.csv,/@rogeraldana4289,hace 1 año,,0,False,,"Que pena que estos pusilánimes muertos de hambre de poder estén llevando a la Universidad a denigrar la democracia en Guatemala empezando con sus elecciones fraudulentas.
                                                                                                                                                                                                                                                                                               Pero si bien es cierto todo lo mal habido se acaba.                                                                                                                                                                                                                                                                                                                                                                                                                                                                                                                                                                                                                                                                                                                                                                                                                                                                                                                                                                                                            ",False,0,que pena que estos pusilánimes muertos de hambre de poder estén llevando a la universidad a denigrar la democracia en guatemala empezando con sus elecciones fraudulentas pero si bien es cierto todo lo mal habido se acaba,False,[],[],[],0,penar pusilánim muerto hambre estar llevar universidad denigrar democracia guatemala empezar elección fraudulento haber acabar,"['penar', 'pusilánim', 'muerto', 'hambre', 'estar', 'llevar', 'universidad', 'denigrar', 'democracia', 'guatemala', 'empezar', 'elección', 'fraudulento', 'haber', 'acabar']",1482,126,"Que pena que estos pusilánimes muertos de hambre de poder estén llevando a la Universidad a denigrar la democracia en Guatemala empezando con sus elecciones fraudulentas.
   Pero si bien es cierto todo lo mal habido se acaba.",classified,NEG,0.9820150136947632,0.013848471455276012,0.0041365413926541805,51,False,0.9820150136947632,False,-0.977878472302109,pysentimiento/robertuito-sentiment-analysis,a2cc0f67ebd705c55191e25a05ba23d885fcc09b,1,1,True
n8iP75gIpmw,UgycKHbiLBi0WcSs8sh4AaABAg,Qué rico come tu diputado,Quorum,UCE4rsXcgDb6e1-a9iTbWzfg,@raquelprado3643,UCL13XhnRzbGokEkCkEOb0-g,Nunca trabajan para el pueblo si no para si mismos,@quorumgt/videos,channel,quorum_complete_comments.csv | youtube_guatemala_plus_comments.csv,/@raquelprado3643,hace 2 años,7.0,0,False,,Nunca trabajan para el pueblo si no para si mismos                                                                                                                                                                                                                                                                                                                                                                                                                                                                                                                                                                                                                                                                                                                                                                                                                                                                                                                                                                                                              ,True,7,nunca trabajan para el pueblo si no para si mismos,False,[],[],[],0,trabajar pueblo,"['trabajar', 'pueblo']",1024,15,Nunca trabajan para el pueblo si no para si mismos,classified,NEG,0.9014133810997009,0.08689158409833908,0.011695108376443386,12,False,0.9014133810997009,False,-0.8897182727232575,pysentimiento/robertuito-sentiment-analysis,a2cc0f67ebd705c55191e25a05ba23d885fcc09b,0,0,True
j43HgwYFKfk,UgyciTatiqHr2BpFTqJ4AaABAg,La cooptación de Walter Mazariegos en la USAC,Quorum,UCE4rsXcgDb6e1-a9iTbWzfg,@laboratorio5528,UCDrmf9y9nLgFY5wnA2hTuGA,Excelente vídeo!! Sería bueno extender este video y mencionar los nombres y facultades a los representantes que ya estan ilegalmente en su cargo,@quorumgt,topic,j43HgwYFKfk_out_comments.csv | quorum_complete_comments.csv | youtube_guatemala_plus_comments.csv,/@laboratorio5528,hace 1 año (editado),1.0,0,False,,Excelente vídeo!! Sería bueno extender este video y mencionar los nombres y facultades a los representantes que ya estan ilegalmente en su cargo                                                                                                                                                                                                                                                                                                                                                                                                                                                                                                                                                                                                                                                                                                                                                                                                                                                                                                                ,True,1,excelente vídeo sería bueno extender este video y mencionar los nombres y facultades a los representantes que ya estan ilegalmente en su cargo,False,[],[],[],0,excelente vídeo extender video mencionar nombre facultad representante ilegalmente cargo,"['excelente', 'vídeo', 'extender', 'video', 'mencionar', 'nombre', 'facultad', 'representante', 'ilegalmente', 'cargo']",1024,88,Excelente vídeo!! Sería bueno extender este video y mencionar los nombres y facultades a los representantes que ya estan ilegalmente en su cargo,classified,NEU,0.02524411678314209,0.5814417004585266,0.3933142423629761,28,False,0.5814417004585266,True,0.368070125579834,pysentimiento/robertuito-sentiment-analysis,a2cc0f67ebd705c55191e25a05ba23d885fcc09b,1,1,True
n8iP75gIpmw,UgydkbyzemdvsBJrYxt4AaABAg,Qué rico come tu diputado,Quorum,UCE4rsXcgDb6e1-a9iTbWzfg,@JuanChang-r6k,UCTD6q1nyIe3Y7HhqjaMj72w,"Entonces, no se postulen para diputados si dicen que no alcanza el dinero",@quorumgt/videos,channel,quorum_complete_comments.csv | youtube_guatemala_plus_comments.csv,/@JuanChang-r6k,hace 2 años,8.0,0,False,,"Entonces, no se postulen para diputados si dicen que no alcanza el dinero                                                                                                                                                                                                                                                                                                                                                                                                                                                                                                                                                                                                                                                                                                                                                                                                                                                                                                                                                                                     ",True,8,entonces no se postulen para diputados si dicen que no alcanza el dinero,False,[],[],[],0,postular diputado alcanzar dinero,"['postular', 'diputado', 'alcanzar', 'dinero']",1022,33,"Entonces, no se postulen para diputados si dicen que no alcanza el dinero",classified,NEG,0.8079640865325928,0.18304625153541565,0.008989625610411167,16,False,0.8079640865325928,False,-0.7989744609221816,pysentimiento/robertuito-sentiment-analysis,a2cc0f67ebd705c55191e25a05ba23d885fcc09b,0,0,True
lj983NWyAQY,UgyeTw07aydjDqK4crN4AaABAg,Plan 2032 Ciudad de Guatemala,Municipalidad de Guatemala,UCXa6LVjBzUtmcM3cwbd9e2w,@jhonymanuel9891,UC0aEyakBPqcBkVJiErfSupQ,Wow una ciudad de futuro,Municipalidad de Guatemala,topic,lj983NWyAQY_out_comments.csv | youtube_guatemala_plus_comments.csv,/@jhonymanuel9891,hace 7 años,70.0,0,False,,Wow una ciudad de futuro                                                                                                                                                                                                                                                                                                                                                                                                                                                                                                                                                                                                                                                                                                                                                                                                                                                                                                                                                                                                                                        ,True,70,wow una ciudad de futuro,False,[],[],[],0,wow ciudad futuro,"['wow', 'ciudad', 'futuro']",1024,17,Wow una ciudad de futuro,classified,POS,0.007245317567139864,0.11900828033685684,0.8737463355064392,7,False,0.8737463355064392,False,0.8665010179392993,pysentimiento/robertuito-sentiment-analysis,a2cc0f67ebd705c55191e25a05ba23d885fcc09b,3,3,True
n8iP75gIpmw,Ugyeb8_nptWKXnFXH8F4AaABAg,Qué rico come tu diputado,Quorum,UCE4rsXcgDb6e1-a9iTbWzfg,@byronpontaza,UChs3tU2BcKOT0CezykvAsGw,"Porque este programa no habla de la corrupción, de los negocios de Miguelito y Giamatei, o será que ellos les pagan",@quorumgt/videos,channel,quorum_complete_comments.csv | youtube_guatemala_plus_comments.csv,/@byronpontaza,hace 2 años,1.0,0,False,,"Porque este programa no habla de la corrupción, de los negocios de Miguelito y Giamatei, o será que ellos les pagan                                                                                                                                                                                                                                                                                                                                                                                                                                                                                                                                                                                                                                                                                                                                                                                                                                                                                                                                           ",True,1,porque este programa no habla de la corrupción de los negocios de miguelito y giamatei o será que ellos les pagan,False,[],[],[],0,programa corrupción negocio miguelito giamatei pagar,"['programa', 'corrupción', 'negocio', 'miguelito', 'giamatei', 'pagar']",1022,52,"Porque este programa no habla de la corrupción, de los negocios de Miguelito y Giamatei, o será que ellos les pagan",classified,NEG,0.8387603759765625,0.14967653155326843,0.01156308688223362,27,False,0.8387603759765625,False,-0.8271972890943289,pysentimiento/robertuito-sentiment-analysis,a2cc0f67ebd705c55191e25a05ba23d885fcc09b,0,0,True
n8iP75gIpmw,Ugyejets0FNr0Zh-VuZ4AaABAg,Qué rico come tu diputado,Quorum,UCE4rsXcgDb6e1-a9iTbWzfg,@edvinparedesherrera7632,UC650pRT-OYzny3GwOH8Cgfw,Que indignante saber como se artan estos coches y finalmente el pueblo esta ciendo dañado,@quorumgt/videos,channel,quorum_complete_comments.csv | youtube_guatemala_plus_comments.csv,/@edvinparedesherrera7632,hace 2 años,1.0,0,False,,Que indignante saber como se artan estos coches y finalmente el pueblo esta ciendo dañado                                                                                                                                                                                                                                                                                                                                                                                                                                                                                                                                                                                                                                                                                                                                                                                                                                                                                                                                                                       ,True,1,que indignante saber como se artan estos coches y finalmente el pueblo esta ciendo dañado,False,[],[],[],0,indignante artar coche finalmente pueblo ceir dañado,"['indignante', 'artar', 'coche', 'finalmente', 'pueblo', 'ceir', 'dañado']",1024,52,Que indignante saber como se artan estos coches y finalmente el pueblo esta ciendo dañado,classified,NEG,0.9859070777893066,0.011914769187569618,0.0021781325340270996,20,False,0.9859070777893066,False,-0.9837289452552795,pysentimiento/robertuito-sentiment-analysis,a2cc0f67ebd705c55191e25a05ba23d885fcc09b,0,0,True
n8iP75gIpmw,UgyfMf4MkQsDKavjbLV4AaABAg,Qué rico come tu diputado,Quorum,UCE4rsXcgDb6e1-a9iTbWzfg,@ErvinLeonardoCarreraLatín,UC9vMq1YF-e7C-VO0SHkbUTA,P..... Como no es su dinero  les vale v....,@quorumgt/videos,channel,quorum_complete_comments.csv | youtube_guatemala_plus_comments.csv,/@ErvinLeonardoCarreraLat%C3%ADn,hace 2 años,,0,False,,P..... Como no es su dinero  les vale v....                                                                                                                                                                                                                                                                                                                                                                                                                                                                                                                                                                                                                                                                                                                                                                                                                                                                                                                                                                                                                     ,False,0,p como no es su dinero les vale v,False,[],[],[],0,p dinero valer v,"['p', 'dinero', 'valer', 'v']",1024,16,P... Como no es su dinero  les vale v...,classified,NEG,0.9383216500282288,0.048771701753139496,0.012906537391245365,14,False,0.9383216500282288,False,-0.9254151126369834,pysentimiento/robertuito-sentiment-analysis,a2cc0f67ebd705c55191e25a05ba23d885fcc09b,0,0,True
j43HgwYFKfk,UgyhYgz2ilvm1-T5IW94AaABAg,La cooptación de Walter Mazariegos en la USAC,Quorum,UCE4rsXcgDb6e1-a9iTbWzfg,@OmarMartinez-vv8re,UCWoAVGVqCn4xtINCMOTM4jg,"Esto es lo que los poderosos quieren esconder, sacan noticias a medias que confunden, si no acatan una orden para reinstalar a uno de sus miembros, que podemos esperar??? Entonces?? La ley es para unos y no para todos??...La San  Carlos ya no le pertenece ni representan al pueblo, "" Las ratas hacen fiesta en casa del gato""..😢",@quorumgt/videos,channel,quorum_complete_comments.csv | youtube_guatemala_plus_comments.csv,/@OmarMartinez-vv8re,hace 1 año (editado),,0,False,,"Esto es lo que los poderosos quieren esconder, sacan noticias a medias que confunden, si no acatan una orden para reinstalar a uno de sus miembros, que podemos esperar??? Entonces?? La ley es para unos y no para todos??...La San  Carlos ya no le pertenece ni representan al pueblo, "" Las ratas hacen fiesta en casa del gato""..😢                                                                                                                                                                                                                                                                                                                                                                                                                                                                                                                                                                                                                                                                                                                    ",False,0,esto es lo que los poderosos quieren esconder sacan noticias a medias que confunden si no acatan una orden para reinstalar a uno de sus miembros que podemos esperar entonces la ley es para unos y no para todos la san carlos ya no le pertenece ni representan al pueblo las ratas hacen fiesta en casa del gato,False,[],[],['😢'],1,poderoso querer esconder sacar noticia media confundir acatar orden reinstalar miembro esperar ley san carlos pertenecer representar pueblo rata fiesta casa gato,"['poderoso', 'querer', 'esconder', 'sacar', 'noticia', 'media', 'confundir', 'acatar', 'orden', 'reinstalar', 'miembro', 'esperar', 'ley', 'san', 'carlos', 'pertenecer', 'representar', 'pueblo', 'rata', 'fiesta', 'casa', 'gato']",1019,161,"Esto es lo que los poderosos quieren esconder, sacan noticias a medias que confunden, si no acatan una orden para reinstalar a uno de sus miembros, que podemos esperar??? Entonces?? La ley es para unos y no para todos??...La San  Carlos ya no le pertenece ni representan al pueblo, "" Las ratas hacen fiesta en casa del gato"".. emoji cara llorando emoji",classified,NEG,0.9817518591880798,0.015734558925032616,0.002513652201741934,78,False,0.9817518591880798,False,-0.9792382069863379,pysentimiento/robertuito-sentiment-analysis,a2cc0f67ebd705c55191e25a05ba23d885fcc09b,1,1,True
n8iP75gIpmw,UgyiGiWPuiTR2hkzmVd4AaABAg,Qué rico come tu diputado,Quorum,UCE4rsXcgDb6e1-a9iTbWzfg,@hectoroliva949,UCDPWkUX3sNNaCx-m1dV4glA,Solo giamagyey penso en grandes proyectos la coaptacion total del estado y el gran proyecto de corrupcion,@quorumgt/videos,channel,quorum_complete_comments.csv | youtube_guatemala_plus_comments.csv,/@hectoroliva949,hace 1 año,,0,False,,Solo giamagyey penso en grandes proyectos la coaptacion total del estado y el gran proyecto de corrupcion                                                                                                                                                                                                                                                                                                                                                                                                                                                                                                                                                                                                                                                                                                                                                                                                                                                                                                                                                       ,False,0,solo giamagyey penso en grandes proyectos la coaptacion total del estado y el gran proyecto de corrupcion,False,[],[],[],0,giamagyey penso proyecto coaptacion proyecto corrupcion,"['giamagyey', 'penso', 'proyecto', 'coaptacion', 'proyecto', 'corrupcion']",1024,55,Solo giamagyey penso en grandes proyectos la coaptacion total del estado y el gran proyecto de corrupcion,classified,NEG,0.9015112519264221,0.08807304501533508,0.01041573565453291,25,False,0.9015112519264221,False,-0.8910955162718892,pysentimiento/robertuito-sentiment-analysis,a2cc0f67ebd705c55191e25a05ba23d885fcc09b,0,0,True
j43HgwYFKfk,UgyiegHTZAVz8J4Ogvt4AaABAg,La cooptación de Walter Mazariegos en la USAC,Quorum,UCE4rsXcgDb6e1-a9iTbWzfg,@sergiohinestroza9709,UCsGoJEvb-cFPZ2rWoJcXzEQ,La felicito señorita; al rin hubo una valiente. Dios con usted  !!!,@quorumgt,topic,j43HgwYFKfk_out_comments.csv | quorum_complete_comments.csv | youtube_guatemala_plus_comments.csv,/@sergiohinestroza9709,hace 1 año,10.0,0,False,,La felicito señorita; al rin hubo una valiente. Dios con usted  !!!                                                                                                                                                                                                                                                                                                                                                                                                                                                                                                                                                                                                                                                                                                                                                                                                                                                                                                                                                                                             ,True,10,la felicito señorita al rin hubo una valiente dios con usted,False,[],[],[],0,felicito señoritar rin valiente dios,"['felicito', 'señoritar', 'rin', 'valiente', 'dios']",1024,36,La felicito señorita; al rin hubo una valiente. Dios con usted  !!!,classified,POS,0.005995117127895355,0.03189003840088844,0.9621148109436035,17,False,0.9621148109436035,False,0.9561196938157082,pysentimiento/robertuito-sentiment-analysis,a2cc0f67ebd705c55191e25a05ba23d885fcc09b,1,1,True
n8iP75gIpmw,UgyihMW-pXKI2cEDqWx4AaABAg,Qué rico come tu diputado,Quorum,UCE4rsXcgDb6e1-a9iTbWzfg,@MrDuenderojo,UCXXh7yg5KUFIWylTiKVEFKQ,Siguen con las mismas mañas....los diputados acostumbrados a estar de gorriones....,@quorumgt/videos,channel,quorum_complete_comments.csv | youtube_guatemala_plus_comments.csv,/@MrDuenderojo,hace 2 años,1.0,0,False,,Siguen con las mismas mañas....los diputados acostumbrados a estar de gorriones....                                                                                                                                                                                                                                                                                                                                                                                                                                                                                                                                                                                                                                                                                                                                                                                                                                                                                                                                                                             ,True,1,siguen con las mismas mañas los diputados acostumbrados a estar de gorriones,False,[],[],[],0,seguir maña diputado acostumbrado gorrión,"['seguir', 'maña', 'diputado', 'acostumbrado', 'gorrión']",1024,41,Siguen con las mismas mañas...los diputados acostumbrados a estar de gorriones...,classified,NEG,0.9338788390159607,0.05554402619600296,0.010577122680842876,18,False,0.9338788390159607,False,-0.9233017163351178,pysentimiento/robertuito-sentiment-analysis,a2cc0f67ebd705c55191e25a05ba23d885fcc09b,0,0,True
n8iP75gIpmw,UgyisqlInC7oBNbU95Z4AaABAg,Qué rico come tu diputado,Quorum,UCE4rsXcgDb6e1-a9iTbWzfg,@ManuelEdran,UC5H8ASmMC9WrURmzeB4ySog,Lleve su lonchera...,@quorumgt/videos,channel,quorum_complete_comments.csv | youtube_guatemala_plus_comments.csv,/@ManuelEdran,hace 2 años,1.0,0,False,,Lleve su lonchera...                                                                                                                                                                                                                                                                                                                                                                                                                                                                                                                                                                                                                                                                                                                                                                                                                                                                                                                                                                                                                                            ,True,1,lleve su lonchera,False,[],[],[],0,llevar lonchera,"['llevar', 'lonchera']",1024,15,Lleve su lonchera...,classified,NEU,0.05695090442895889,0.714975118637085,0.22807401418685913,7,False,0.714975118637085,False,0.17112310975790024,pysentimiento/robertuito-sentiment-analysis,a2cc0f67ebd705c55191e25a05ba23d885fcc09b,0,0,True
n8iP75gIpmw,Ugyk3PqfIuDEuXyeb494AaABAg,Qué rico come tu diputado,Quorum,UCE4rsXcgDb6e1-a9iTbWzfg,@edgarroldan5539,UCfM3nrxtTQMY5jFx1v1J4Gg,Cabal con pisto robado c asen micos y pericos lo de productivo para el país queda muy lejos,@quorumgt/videos,channel,quorum_complete_comments.csv | youtube_guatemala_plus_comments.csv,/@edgarroldan5539,hace 1 año,,0,False,,Cabal con pisto robado c asen micos y pericos lo de productivo para el país queda muy lejos                                                                                                                                                                                                                                                                                                                                                                                                                                                                                                                                                                                                                                                                                                                                                                                                                                                                                                                                                                     ,False,0,cabal con pisto robado c asen micos y pericos lo de productivo para el país queda muy lejos,False,[],[],[],0,cabal pisto robado c ar mico perico productivo país quedar lejos,"['cabal', 'pisto', 'robado', 'c', 'ar', 'mico', 'perico', 'productivo', 'país', 'quedar', 'lejos']",1024,64,Cabal con pisto robado c asen micos y pericos lo de productivo para el país queda muy lejos,classified,NEG,0.8753825426101685,0.10846753418445587,0.016149867326021194,23,False,0.8753825426101685,False,-0.8592326752841473,pysentimiento/robertuito-sentiment-analysis,a2cc0f67ebd705c55191e25a05ba23d885fcc09b,0,0,True
n8iP75gIpmw,UgykKTDDGdoiNQIuYJd4AaABAg,Qué rico come tu diputado,Quorum,UCE4rsXcgDb6e1-a9iTbWzfg,@CARLOSSTREMS51,UCp4iw5_5SmV9VGTFSNVGOmQ,"Quien no lo conoce que lo compre, este fue mano derecha y achichincle de Baldizón en LIDER. Andaban en helicoptero pagado por los financistas que iban a cobrar con creces si llegaban al poder. Este es un Dipucaco",@quorumgt/videos,channel,quorum_complete_comments.csv | youtube_guatemala_plus_comments.csv,/@CARLOSSTREMS51,hace 2 años,,0,False,,"Quien no lo conoce que lo compre, este fue mano derecha y achichincle de Baldizón en LIDER. Andaban en helicoptero pagado por los financistas que iban a cobrar con creces si llegaban al poder. Este es un Dipucaco                                                                                                                                                                                                                                                                                                                                                                                                                                                                                                                                                                                                                                                                                                                                                                                                                                          ",False,0,quien no lo conoce que lo compre este fue mano derecha y achichincle de baldizón en lider andaban en helicoptero pagado por los financistas que iban a cobrar con creces si llegaban al poder este es un dipucaco,False,[],[],[],0,conocer comprir mano derecho achichincle baldizón lider andar helicoptero pagado financista ir cobrar creces llegar dipucaco,"['conocer', 'comprir', 'mano', 'derecho', 'achichincle', 'baldizón', 'lider', 'andar', 'helicoptero', 'pagado', 'financista', 'ir', 'cobrar', 'creces', 'llegar', 'dipucaco']",1022,124,"Quien no lo conoce que lo compre, este fue mano derecha y achichincle de Baldizón en LIDER. Andaban en helicoptero pagado por los financistas que iban a cobrar con creces si llegaban al poder. Este es un Dipucaco",classified,NEG,0.8528891205787659,0.11906146258115768,0.028049439191818237,55,False,0.8528891205787659,False,-0.8248396813869476,pysentimiento/robertuito-sentiment-analysis,a2cc0f67ebd705c55191e25a05ba23d885fcc09b,0,0,True
lj983NWyAQY,UgymHCpILRINq5oT_7B4AaABAg,Plan 2032 Ciudad de Guatemala,Municipalidad de Guatemala,UCXa6LVjBzUtmcM3cwbd9e2w,@JoseReyes-rn6sh,UCIp19h9igblA2YKfSLPDAug,"FORTALEZCAMOS A NUESTRA BELLÍSIMA GUATEMALA
                                                                                                                                                                                                                                                                                               
                                                                                                                                                                                                                                                                                               
                                                                                                                                                                                                                                                                                               GUATEMALTECOS Y GUATEMALTECAS UNIDOS
                                                                                                                                                                                                                                                                                               
                                                                                                                                                                                                                                                                                               
                                                                                                                                                                                                                                                                                               ESTAN CONMIGO?",Municipalidad de Guatemala,topic,lj983NWyAQY_out_comments.csv | youtube_guatemala_plus_comments.csv,/@JoseReyes-rn6sh,hace 6 años,14.0,1,False,,"FORTALEZCAMOS A NUESTRA BELLÍSIMA GUATEMALA
                                                                                                                                                                                                                                                                                               
                                                                                                                                                                                                                                                                                               
                                                                                                                                                                                                                                                                                               GUATEMALTECOS Y GUATEMALTECAS UNIDOS
                                                                                                                                                                                                                                                                                               
                                                                                                                                                                                                                                                                                               
                                                                                                                                                                                                                                                                                               ESTAN CONMIGO?                                                                                                                                                                                                                                                                                                                                                                                                                                                                                                                                                                                                                                                                                                                                                                                                                                                                                                                                                                                                                                                 ",True,14,fortalezcamos a nuestra bellísima guatemala guatemaltecos y guatemaltecas unidos estan conmigo,False,[],[],[],0,fortalezcamos bellísima guatemala guatemalteco guatemalteco unido,"['fortalezcamos', 'bellísima', 'guatemala', 'guatemalteco', 'guatemalteco', 'unido']",2836,65,"FORTALEZCAMOS A NUESTRA BELLÍSIMA GUATEMALA
   
   
   GUATEMALTECOS Y GUATEMALTECAS UNIDOS
   
   
   ESTAN CONMIGO?",classified,POS,0.05045539140701294,0.4659251868724823,0.48361936211586,48,False,0.48361936211586,True,0.43316397070884705,pysentimiento/robertuito-sentiment-analysis,a2cc0f67ebd705c55191e25a05ba23d885fcc09b,3,3,True
n8iP75gIpmw,UgymHZwhYtsW9EYkxdl4AaABAg,Qué rico come tu diputado,Quorum,UCE4rsXcgDb6e1-a9iTbWzfg,@nestormendez6216,UCQtICyzWmhC5woCtbNgaSmg,"Nery Rodas entienda. los fondos públicos no son para pagar comida de nadie. En lo privado ok. Es para generar negocios.
                                                                                                                                                                                                                                                                                               En lo público paguen de su sueldo. Punto.",@quorumgt/videos,channel,quorum_complete_comments.csv | youtube_guatemala_plus_comments.csv,/@nestormendez6216,hace 2 años,5.0,0,False,,"Nery Rodas entienda. los fondos públicos no son para pagar comida de nadie. En lo privado ok. Es para generar negocios.
                                                                                                                                                                                                                                                                                               En lo público paguen de su sueldo. Punto.                                                                                                                                                                                                                                                                                                                                                                                                                                                                                                                                                                                                                                                                                                                                                                                                                                                                                                                                                                                                                      ",True,5,nery rodas entienda los fondos públicos no son para pagar comida de nadie en lo privado ok es para generar negocios en lo público paguen de su sueldo punto,False,[],[],[],0,nery roda entender fondo público pagar comida privado ok generar negocio público pagar sueldo punto,"['nery', 'roda', 'entender', 'fondo', 'público', 'pagar', 'comida', 'privado', 'ok', 'generar', 'negocio', 'público', 'pagar', 'sueldo', 'punto']",1431,99,"Nery Rodas entienda. los fondos públicos no son para pagar comida de nadie. En lo privado ok. Es para generar negocios.
   En lo público paguen de su sueldo. Punto.",classified,NEU,0.41274771094322205,0.5414999127388,0.04575242102146149,40,False,0.5414999127388,True,-0.36699528992176056,pysentimiento/robertuito-sentiment-analysis,a2cc0f67ebd705c55191e25a05ba23d885fcc09b,0,0,True
n8iP75gIpmw,Ugynh0Cq17X889qHS0J4AaABAg,Qué rico come tu diputado,Quorum,UCE4rsXcgDb6e1-a9iTbWzfg,@mariasamo8637,UCwha8rxULYMVtNwZWeSkE1A,No sé si todos los del Cabal son corruptos; pero Nery Rodas es un descarado corrupto.,@quorumgt/videos,channel,quorum_complete_comments.csv | youtube_guatemala_plus_comments.csv,/@mariasamo8637,hace 1 año,,0,False,,No sé si todos los del Cabal son corruptos; pero Nery Rodas es un descarado corrupto.                                                                                                                                                                                                                                                                                                                                                                                                                                                                                                                                                                                                                                                                                                                                                                                                                                                                                                                                                                           ,False,0,no sé si todos los del cabal son corruptos pero nery rodas es un descarado corrupto,False,[],[],[],0,cabal corrupto nery roda descarado corrupto,"['cabal', 'corrupto', 'nery', 'roda', 'descarado', 'corrupto']",1024,43,No sé si todos los del Cabal son corruptos; pero Nery Rodas es un descarado corrupto.,classified,NEG,0.8701311349868774,0.11069530993700027,0.01917353831231594,23,False,0.8701311349868774,False,-0.8509575966745615,pysentimiento/robertuito-sentiment-analysis,a2cc0f67ebd705c55191e25a05ba23d885fcc09b,0,0,True
j43HgwYFKfk,UgyoRKhs1yP8oKoD3uh4AaABAg,La cooptación de Walter Mazariegos en la USAC,Quorum,UCE4rsXcgDb6e1-a9iTbWzfg,@Jel.Awesh.M,UCylqlpsh8ENNM1LqgQ1KbxA,Fuera Mazarriegos,@quorumgt,topic,j43HgwYFKfk_out_comments.csv | quorum_complete_comments.csv | youtube_guatemala_plus_comments.csv,/@Jel.Awesh.M,hace 4 meses,,0,False,,Fuera Mazarriegos                                                                                                                                                                                                                                                                                                                                                                                                                                                                                                                                                                                                                                                                                                                                                                                                                                                                                                                                                                                                                                               ,False,0,fuera mazarriegos,False,[],[],[],0,mazarriego,['mazarriego'],1024,10,Fuera Mazarriegos,classified,NEG,0.626069188117981,0.3158220648765564,0.058108795434236526,7,False,0.626069188117981,False,-0.5679603926837444,pysentimiento/robertuito-sentiment-analysis,a2cc0f67ebd705c55191e25a05ba23d885fcc09b,1,1,True
j43HgwYFKfk,UgyoglGwyV2PhIAvHdt4AaABAg,La cooptación de Walter Mazariegos en la USAC,Quorum,UCE4rsXcgDb6e1-a9iTbWzfg,@caminoseternos752,UCHbwIx9pmQuf7i-4_xO2EpA,"Excelente información, necesitaba saber y esta bastante claro... Ahora entiendo mejor 😢",@quorumgt,topic,j43HgwYFKfk_out_comments.csv | quorum_complete_comments.csv | youtube_guatemala_plus_comments.csv,/@caminoseternos752,hace 6 meses (editado),,0,False,,"Excelente información, necesitaba saber y esta bastante claro... Ahora entiendo mejor 😢                                                                                                                                                                                                                                                                                                                                                                                                                                                                                                                                                                                                                                                                                                                                                                                                                                                                                                                                                                      ",False,0,excelente información necesitaba saber y esta bastante claro ahora entiendo mejor,False,[],[],['😢'],1,excelente información necesitar entender,"['excelente', 'información', 'necesitar', 'entender']",1021,40,"Excelente información, necesitaba saber y esta bastante claro... Ahora entiendo mejor  emoji cara llorando emoji",classified,NEU,0.11425738036632538,0.4531780183315277,0.4325645864009857,20,False,0.4531780183315277,True,0.31830720603466034,pysentimiento/robertuito-sentiment-analysis,a2cc0f67ebd705c55191e25a05ba23d885fcc09b,1,1,True
j43HgwYFKfk,UgyqA5EpXnBPn_uH-KB4AaABAg,La cooptación de Walter Mazariegos en la USAC,Quorum,UCE4rsXcgDb6e1-a9iTbWzfg,@RolandoCastroPérez-d7y,UCu8_3-Wg-YzNyvHYQDEscfw,Y por que no manifiestan contra toda esa mafia ante los tribunales?. Se que hay mucha suciedad en la justicia pero se debe hacer algo.,@quorumgt,topic,j43HgwYFKfk_out_comments.csv | quorum_complete_comments.csv | youtube_guatemala_plus_comments.csv,/@RolandoCastroP%C3%A9rez-d7y,hace 1 año,2.0,0,False,,Y por que no manifiestan contra toda esa mafia ante los tribunales?. Se que hay mucha suciedad en la justicia pero se debe hacer algo.                                                                                                                                                                                                                                                                                                                                                                                                                                                                                                                                                                                                                                                                                                                                                                                                                                                                                                                          ,True,2,y por que no manifiestan contra toda esa mafia ante los tribunales se que hay mucha suciedad en la justicia pero se debe hacer algo,False,[],[],[],0,manifestar mafia tribunal suciedad justicia,"['manifestar', 'mafia', 'tribunal', 'suciedad', 'justicia']",1024,43,Y por que no manifiestan contra toda esa mafia ante los tribunales?. Se que hay mucha suciedad en la justicia pero se debe hacer algo.,classified,NEG,0.9263225793838501,0.06603564321994781,0.007641727104783058,30,False,0.9263225793838501,False,-0.918680852279067,pysentimiento/robertuito-sentiment-analysis,a2cc0f67ebd705c55191e25a05ba23d885fcc09b,1,1,True
OkXlHx0hx-8,Ugyr_-OfFbHlc9uWhg94AaABAg,EE.UU. envía a mexicanos deportados a Guatemala antes de su regreso a México | Noticias Telemundo,Noticias Telemundo,UCRwA1NUcUnwsly35ikGhp0A,@susievidal4134,UCIgoiXdIKJyUGmUoH2Lxdzg,Bueno los otros países tampoco queremos criminal es de México que los mandé a su país donde nacieron. Costa Rica lleva años aguantando gente de otros países ya no necesitamos más crimen en nuestro país.,guatemala noticias,topic,youtube_guatemala_comments.csv | youtube_guatemala_plus_comments.csv,/@susievidal4134,hace 1 día,3.0,0,False,,Bueno los otros países tampoco queremos criminal es de México que los mandé a su país donde nacieron. Costa Rica lleva años aguantando gente de otros países ya no necesitamos más crimen en nuestro país.                                                                                                                                                                                                                                                                                                                                                                                                                                                                                                                                                                                                                                                                                                                                                                                                                                                      ,True,3,bueno los otros países tampoco queremos criminal es de méxico que los mandé a su país donde nacieron costa rica lleva años aguantando gente de otros países ya no necesitamos más crimen en nuestro país,False,[],[],[],0,país criminal méxico mandé país nacer costa rico año aguantar gente país necesitar crimen país,"['país', 'criminal', 'méxico', 'mandé', 'país', 'nacer', 'costa', 'rico', 'año', 'aguantar', 'gente', 'país', 'necesitar', 'crimen', 'país']",1024,94,Bueno los otros países tampoco queremos criminal es de México que los mandé a su país donde nacieron. Costa Rica lleva años aguantando gente de otros países ya no necesitamos más crimen en nuestro país.,classified,NEG,0.8843995928764343,0.09828227013349533,0.017318153753876686,38,False,0.8843995928764343,False,-0.8670814391225576,pysentimiento/robertuito-sentiment-analysis,a2cc0f67ebd705c55191e25a05ba23d885fcc09b,5,5,True
06mFNPU0aB8,UgysnIFZt6-_f2iGbid4AaABAg,Capturan a presuntos delincuentes disfrazados de mujer señalados de cometer asalto,Noti7,UCVpSRoZgngfSL03Nlbjtq9A,@edithsan7688,UCXN2s7DwTJm33xO-pNkAdaA,Buen trabajo,guatemala noticias,topic,youtube_guatemala_comments.csv | youtube_guatemala_plus_comments.csv,/@edithsan7688,hace 2 semanas,,0,False,,Buen trabajo                                                                                                                                                                                                                                                                                                                                                                                                                                                                                                                                                                                                                                                                                                                                                                                                                                                                                                                                                                                                                                                    ,False,0,buen trabajo,False,[],[],[],0,trabajo,['trabajo'],1024,7,Buen trabajo,classified,POS,0.08902060240507126,0.4117964208126068,0.49918296933174133,4,False,0.49918296933174133,True,0.4101623669266701,pysentimiento/robertuito-sentiment-analysis,a2cc0f67ebd705c55191e25a05ba23d885fcc09b,6,6,True
lj983NWyAQY,UgysqnYM0p-_jyWisMJ4AaABAg,Plan 2032 Ciudad de Guatemala,Municipalidad de Guatemala,UCXa6LVjBzUtmcM3cwbd9e2w,@zetag,UCgLrWFdYitoP-b7-PxtUr-w,Quiero vivir en esa Guatemala :v,Municipalidad de Guatemala,topic,lj983NWyAQY_out_comments.csv | youtube_guatemala_plus_comments.csv,/@zetag,hace 7 años,405.0,3,False,,Quiero vivir en esa Guatemala :v                                                                                                                                                                                                                                                                                                                                                                                                                                                                                                                                                                                                                                                                                                                                                                                                                                                                                                                                                                                                                                ,True,405,quiero vivir en esa guatemala v,False,[],[],[],0,querer vivir guatemala v,"['querer', 'vivir', 'guatemala', 'v']",1024,24,Quiero vivir en esa Guatemala :v,classified,NEU,0.08986470848321915,0.7469236254692078,0.1632116585969925,8,False,0.7469236254692078,False,0.07334695011377335,pysentimiento/robertuito-sentiment-analysis,a2cc0f67ebd705c55191e25a05ba23d885fcc09b,3,3,True
j43HgwYFKfk,UgysslM7dkNnQ1JT7Mh4AaABAg,La cooptación de Walter Mazariegos en la USAC,Quorum,UCE4rsXcgDb6e1-a9iTbWzfg,@melvinlopez7096,UCAKuKvcbfnBD3kF5njNu-IA,Excelente información!,@quorumgt,topic,j43HgwYFKfk_out_comments.csv | quorum_complete_comments.csv | youtube_guatemala_plus_comments.csv,/@melvinlopez7096,hace 1 año,,0,False,,Excelente información!                                                                                                                                                                                                                                                                                                                                                                                                                                                                                                                                                                                                                                                                                                                                                                                                                                                                                                                                                                                                                                          ,False,0,excelente información,False,[],[],[],0,excelente información,"['excelente', 'información']",1024,21,Excelente información!,classified,POS,0.009273557923734188,0.08290079981088638,0.9078255891799927,5,False,0.9078255891799927,False,0.8985520312562585,pysentimiento/robertuito-sentiment-analysis,a2cc0f67ebd705c55191e25a05ba23d885fcc09b,1,1,True
n8iP75gIpmw,UgyuZ00FMdgmao7sNMx4AaABAg,Qué rico come tu diputado,Quorum,UCE4rsXcgDb6e1-a9iTbWzfg,@JuanDavila-qd7qj,UCFxE8GbokBrBsPEKM1xrOjQ,"Todo muy caro,canasta básica,transporte,y que barbaridad ,no tienen conciencia,cuántos pacientes muriendo por medicinas caras,estos diputados no tendrían que ejercer este cargo,pueblo dormido,este es un gran corrupto,vamos,une,vos, valor , todos corruptos",@quorumgt/videos,channel,quorum_complete_comments.csv | youtube_guatemala_plus_comments.csv,/@JuanDavila-qd7qj,hace 2 años (editado),10.0,0,False,,"Todo muy caro,canasta básica,transporte,y que barbaridad ,no tienen conciencia,cuántos pacientes muriendo por medicinas caras,estos diputados no tendrían que ejercer este cargo,pueblo dormido,este es un gran corrupto,vamos,une,vos, valor , todos corruptos                                                                                                                                                                                                                                                                                                                                                                                                                                                                                                                                                                                                                                                                                                                                                                                               ",True,10,todo muy caro canasta básica transporte y que barbaridad no tienen conciencia cuántos pacientes muriendo por medicinas caras estos diputados no tendrían que ejercer este cargo pueblo dormido este es un gran corrupto vamos une vos valor todos corruptos,False,[],[],[],0,caro canasta básico transporte barbaridad conciencia paciente morir medicina caro diputado tener ejercer cargo pueblo dormido corrupto unir vo valor corrupto,"['caro', 'canasta', 'básico', 'transporte', 'barbaridad', 'conciencia', 'paciente', 'morir', 'medicina', 'caro', 'diputado', 'tener', 'ejercer', 'cargo', 'pueblo', 'dormido', 'corrupto', 'unir', 'vo', 'valor', 'corrupto']",1022,157,"Todo muy caro,canasta básica,transporte,y que barbaridad ,no tienen conciencia,cuántos pacientes muriendo por medicinas caras,estos diputados no tendrían que ejercer este cargo,pueblo dormido,este es un gran corrupto,vamos,une,vos, valor , todos corruptos",classified,NEG,0.9742350578308105,0.021801359951496124,0.00396353006362915,56,False,0.9742350578308105,False,-0.9702715277671814,pysentimiento/robertuito-sentiment-analysis,a2cc0f67ebd705c55191e25a05ba23d885fcc09b,0,0,True
n8iP75gIpmw,Ugyuk_4Gq9tbJjGZVRl4AaABAg,Qué rico come tu diputado,Quorum,UCE4rsXcgDb6e1-a9iTbWzfg,@andyB5280,UCh5ESQvtzyHDhCA7XyekCFA,"Y las cosas no cambian, ellos siguen haciendo pobrecitos cómo sufren, mientras jenye de muere por la compra de medicamentos y no tienen para comprarla .",@quorumgt/videos,channel,quorum_complete_comments.csv | youtube_guatemala_plus_comments.csv,/@andyB5280,hace 2 años,3.0,0,False,,"Y las cosas no cambian, ellos siguen haciendo pobrecitos cómo sufren, mientras jenye de muere por la compra de medicamentos y no tienen para comprarla .                                                                                                                                                                                                                                                                                                                                                                                                                                                                                                                                                                                                                                                                                                                                                                                                                                                                                                      ",True,3,y las cosas no cambian ellos siguen haciendo pobrecitos cómo sufren mientras jenye de muere por la compra de medicamentos y no tienen para comprarla,False,[],[],[],0,cosa cambiar seguir pobrecito sufrir jenye muere compra medicamento comprar él,"['cosa', 'cambiar', 'seguir', 'pobrecito', 'sufrir', 'jenye', 'muere', 'compra', 'medicamento', 'comprar él']",1022,78,"Y las cosas no cambian, ellos siguen haciendo pobrecitos cómo sufren, mientras jenye de muere por la compra de medicamentos y no tienen para comprarla .",classified,NEG,0.9722921252250671,0.024102982133626938,0.0036049180198460817,33,False,0.9722921252250671,False,-0.9686872072052211,pysentimiento/robertuito-sentiment-analysis,a2cc0f67ebd705c55191e25a05ba23d885fcc09b,0,0,True
is3Mk5oC19g,UgyvMO5z1LjtvyRIIxd4AaABAg,Capturan a ladrón que había quedado grabado mientras robaba en una parroquia de Retalhuleu,TN23 Guatemala,UCt5Dw7ePnn0AqPqRF8Xpjkw,@lazarobarillas3575,UCk4O-J1BhoqPmig1KLGJePA,Claro....hechor y consentidor pena por igual😮😮😮😮😮😮😮,guatemala noticias,topic,youtube_guatemala_comments.csv | youtube_guatemala_plus_comments.csv,/@lazarobarillas3575,hace 1 día,,0,False,,Claro....hechor y consentidor pena por igual😮😮😮😮😮😮😮                                                                                                                                                                                                                                                                                                                                                                                                                                                                                                                                                                                                                                                                                                                                                                                                                                                                                                                                                                                                      ,False,0,claro hechor y consentidor pena por igual,False,[],[],"['😮', '😮', '😮', '😮', '😮', '😮', '😮']",7,hechor consentidor pena,"['hechor', 'consentidor', 'pena']",1017,23,Claro...hechor y consentidor pena por igual emoji cara con la boca abierta emoji  emoji cara con la boca abierta emoji  emoji cara con la boca abierta emoji,classified,NEG,0.5704156756401062,0.40391477942466736,0.02566950023174286,40,False,0.5704156756401062,True,-0.5447461754083633,pysentimiento/robertuito-sentiment-analysis,a2cc0f67ebd705c55191e25a05ba23d885fcc09b,15,15,True
j43HgwYFKfk,UgyvSxtnuw9xRiNU5tl4AaABAg,La cooptación de Walter Mazariegos en la USAC,Quorum,UCE4rsXcgDb6e1-a9iTbWzfg,@AnaDiaz-re9sq,UCUoYsrx1oZnCZ0usbBJn4fA,"Ese Luis Cordón, si que es valiente el resto de consejeros son lame botas",@quorumgt/videos,channel,quorum_complete_comments.csv | youtube_guatemala_plus_comments.csv,/@AnaDiaz-re9sq,hace 1 año,1.0,0,False,,"Ese Luis Cordón, si que es valiente el resto de consejeros son lame botas                                                                                                                                                                                                                                                                                                                                                                                                                                                                                                                                                                                                                                                                                                                                                                                                                                                                                                                                                                                     ",True,1,ese luis cordón si que es valiente el resto de consejeros son lame botas,False,[],[],[],0,luis cordón valiente resto consejero lamer bota,"['luis', 'cordón', 'valiente', 'resto', 'consejero', 'lamer', 'bota']",1022,47,"Ese Luis Cordón, si que es valiente el resto de consejeros son lame botas",classified,NEG,0.9324464201927185,0.04015924781560898,0.027394356206059456,19,False,0.9324464201927185,False,-0.905052063986659,pysentimiento/robertuito-sentiment-analysis,a2cc0f67ebd705c55191e25a05ba23d885fcc09b,1,1,True
b_Hkrkl3adA,UgyxvyPVCur3jgc_1mx4AaABAg,Bloqueos en Guatemala este 31 de agosto por alza en combustibles afectan rutas principales,PrensaLibreOficial,UCEepOY2svuxbsJ-zsAPT9Fg,@Hernandez-i1o,UCHu8x4MVkayU6VgwVKd--MQ,Asquerosos dilicuentes empresas del belzebu y Buda asqueroso gobierno chueco del Don Arévalo nada hace por la población Guatemalteca y los asquerosas y asquerosos diputados del congreso de la república,guatemala noticias,topic,debug_comments_fixed2_comments.csv | youtube_guatemala_comments.csv | youtube_guatemala_plus_comments.csv,/@Hernandez-i1o,hace 7 horas,1.0,0,False,,Asquerosos dilicuentes empresas del belzebu y Buda asqueroso gobierno chueco del Don Arévalo nada hace por la población Guatemalteca y los asquerosas y asquerosos diputados del congreso de la república                                                                                                                                                                                                                                                                                                                                                                                                                                                                                                                                                                                                                                                                                                                                                                                                                                                       ,True,1,asquerosos dilicuentes empresas del belzebu y buda asqueroso gobierno chueco del don arévalo nada hace por la población guatemalteca y los asquerosas y asquerosos diputados del congreso de la república,False,[],[],[],0,asqueroso dilicuent empresa belzebu budo asqueroso gobierno chueco don arévalo población guatemalteco asquerosa asqueroso diputado congreso república,"['asqueroso', 'dilicuent', 'empresa', 'belzebu', 'budo', 'asqueroso', 'gobierno', 'chueco', 'don', 'arévalo', 'población', 'guatemalteco', 'asquerosa', 'asqueroso', 'diputado', 'congreso', 'república']",1024,149,Asquerosos dilicuentes empresas del belzebu y Buda asqueroso gobierno chueco del Don Arévalo nada hace por la población Guatemalteca y los asquerosas y asquerosos diputados del congreso de la república,classified,NEG,0.9741942882537842,0.0198625810444355,0.005943158641457558,47,False,0.9741942882537842,False,-0.9682511296123266,pysentimiento/robertuito-sentiment-analysis,a2cc0f67ebd705c55191e25a05ba23d885fcc09b,8,8,True
n8iP75gIpmw,UgyypM6Ts6Ut_EuFcdN4AaABAg,Qué rico come tu diputado,Quorum,UCE4rsXcgDb6e1-a9iTbWzfg,@simoncreyesc7579,UC-jS_kA9w-OmpupXDx156Rg,Y pueblo muriéndose del ambre ve hijos de su mera madre,@quorumgt/videos,channel,quorum_complete_comments.csv | youtube_guatemala_plus_comments.csv,/@simoncreyesc7579,hace 2 años,2.0,0,False,,Y pueblo muriéndose del ambre ve hijos de su mera madre                                                                                                                                                                                                                                                                                                                                                                                                                                                                                                                                                                                                                                                                                                                                                                                                                                                                                                                                                                                                         ,True,2,y pueblo muriéndose del ambre ve hijos de su mera madre,False,[],[],[],0,pueblo morir él ambre ver hijo mero madre,"['pueblo', 'morir él', 'ambre', 'ver', 'hijo', 'mero', 'madre']",1024,41,Y pueblo muriéndose del ambre ve hijos de su mera madre,classified,NEG,0.9705045819282532,0.022474264726042747,0.007021111901849508,15,False,0.9705045819282532,False,-0.9634834700264037,pysentimiento/robertuito-sentiment-analysis,a2cc0f67ebd705c55191e25a05ba23d885fcc09b,0,0,True
n8iP75gIpmw,Ugyyx5lXrgFXsraCIMh4AaABAg,Qué rico come tu diputado,Quorum,UCE4rsXcgDb6e1-a9iTbWzfg,@ErvinLeonardoCarreraLatín,UC9vMq1YF-e7C-VO0SHkbUTA,P..   si tengo hambre que le quitó un pedazo de ferrocarril mi...,@quorumgt/videos,channel,quorum_complete_comments.csv | youtube_guatemala_plus_comments.csv,/@ErvinLeonardoCarreraLat%C3%ADn,hace 2 años,,0,False,,P..   si tengo hambre que le quitó un pedazo de ferrocarril mi...                                                                                                                                                                                                                                                                                                                                                                                                                                                                                                                                                                                                                                                                                                                                                                                                                                                                                                                                                                                               ,False,0,p si tengo hambre que le quitó un pedazo de ferrocarril mi,False,[],[],[],0,p hambre quitar pedazo ferrocarril,"['p', 'hambre', 'quitar', 'pedazo', 'ferrocarril']",1024,34,P..   si tengo hambre que le quitó un pedazo de ferrocarril mi...,classified,NEG,0.6754618883132935,0.3127693831920624,0.01176878809928894,19,False,0.6754618883132935,False,-0.6636931002140045,pysentimiento/robertuito-sentiment-analysis,a2cc0f67ebd705c55191e25a05ba23d885fcc09b,0,0,True
yLZS3JiEBg8,UgyzKNq94Z4Y2GSth514AaABAg,Arroz con pollo a la MONOPOLIO,Quorum,UCE4rsXcgDb6e1-a9iTbWzfg,@sparkvalkov,UChT7pzGytNd92Nmvi-zuWog,vine del instagram!,@quorumgt/videos,channel,quorum_complete_comments.csv | youtube_guatemala_plus_comments.csv,/@sparkvalkov,hace 2 años,1.0,0,False,,vine del instagram!                                                                                                                                                                                                                                                                                                                                                                                                                                                                                                                                                                                                                                                                                                                                                                                                                                                                                                                                                                                                                                             ,True,1,vine del instagram,False,[],[],[],0,venir instagram,"['venir', 'instagram']",1024,15,vine del instagram!,classified,NEU,0.07674257457256317,0.607589840888977,0.31566759943962097,6,False,0.607589840888977,False,0.2389250248670578,pysentimiento/robertuito-sentiment-analysis,a2cc0f67ebd705c55191e25a05ba23d885fcc09b,7,7,True
n8iP75gIpmw,Ugyzgy-Lqlq6CTb4GPB4AaABAg,Qué rico come tu diputado,Quorum,UCE4rsXcgDb6e1-a9iTbWzfg,@OdilioRodríguez-c5w,UChZknRmJkeGeQk0-mQuhDOg,Y porqué no lo hacen  en lugares más sencillos pero como todos estos son iguales solo piensan en hartarse bien por eso salen como Rodriguez arzu  a costillas del pueblo,@quorumgt/videos,channel,quorum_complete_comments.csv | youtube_guatemala_plus_comments.csv,/@OdilioRodr%C3%ADguez-c5w,hace 2 años,1.0,0,False,,Y porqué no lo hacen  en lugares más sencillos pero como todos estos son iguales solo piensan en hartarse bien por eso salen como Rodriguez arzu  a costillas del pueblo                                                                                                                                                                                                                                                                                                                                                                                                                                                                                                                                                                                                                                                                                                                                                                                                                                                                                        ,True,1,y porqué no lo hacen en lugares más sencillos pero como todos estos son iguales solo piensan en hartarse bien por eso salen como rodriguez arzu a costillas del pueblo,False,[],[],[],0,porqué lugar sencillo igual pensar hartar él salir rodriguez arzu costilla pueblo,"['porqué', 'lugar', 'sencillo', 'igual', 'pensar', 'hartar él', 'salir', 'rodriguez', 'arzu', 'costilla', 'pueblo']",1024,81,Y porqué no lo hacen  en lugares más sencillos pero como todos estos son iguales solo piensan en hartarse bien por eso salen como Rodriguez arzu  a costillas del pueblo,classified,NEG,0.9356860518455505,0.05639253184199333,0.007921443320810795,38,False,0.9356860518455505,False,-0.9277646085247397,pysentimiento/robertuito-sentiment-analysis,a2cc0f67ebd705c55191e25a05ba23d885fcc09b,0,0,True
WIUZtitfLRw,UgyzzIxBoO0_7kX1EWJ4AaABAg,Caminar en una ciudad hecha para carros,Quorum,UCE4rsXcgDb6e1-a9iTbWzfg,@nicelol5241,UCOARn3hnfkB7-_Rwa8Hoqcw,"Muy cierto, mi mamá en este momento esta incapacitada de una pierna y hemos vivido lo que es caminar en aceras altas, ineptas, absurdamente pequeñas y además dañadas.",@quorumgt/videos,channel,quorum_complete_comments.csv | youtube_guatemala_plus_comments.csv,/@nicelol5241,hace 1 año,,0,False,,"Muy cierto, mi mamá en este momento esta incapacitada de una pierna y hemos vivido lo que es caminar en aceras altas, ineptas, absurdamente pequeñas y además dañadas.                                                                                                                                                                                                                                                                                                                                                                                                                                                                                                                                                                                                                                                                                                                                                                                                                                                                                        ",False,0,muy cierto mi mamá en este momento esta incapacitada de una pierna y hemos vivido lo que es caminar en aceras altas ineptas absurdamente pequeñas y además dañadas,False,[],[],[],0,mamá momento incapacitado pierna vivir caminar acera alto inepta absurdamente pequeño dañado,"['mamá', 'momento', 'incapacitado', 'pierna', 'vivir', 'caminar', 'acera', 'alto', 'inepta', 'absurdamente', 'pequeño', 'dañado']",1022,92,"Muy cierto, mi mamá en este momento esta incapacitada de una pierna y hemos vivido lo que es caminar en aceras altas, ineptas, absurdamente pequeñas y además dañadas.",classified,NEG,0.9826697111129761,0.014484318904578686,0.002845993498340249,37,False,0.9826697111129761,False,-0.9798237176146358,pysentimiento/robertuito-sentiment-analysis,a2cc0f67ebd705c55191e25a05ba23d885fcc09b,7,7,True
b_Hkrkl3adA,Ugz-XNtfLx0lzcoHUXN4AaABAg,Bloqueos en Guatemala este 31 de agosto por alza en combustibles afectan rutas principales,PrensaLibreOficial,UCEepOY2svuxbsJ-zsAPT9Fg,@ManuelSanchez-b8q2z,UC9Wp6vL5oCU37qC3Aj94WZA,"Que comando mierd@ mejor de todas maneras tenemos que seguir trabajando, más gasto cuando ellos tapan.",guatemala noticias,topic,debug_comments_fixed2_comments.csv | youtube_guatemala_comments.csv | youtube_guatemala_plus_comments.csv,/@ManuelSanchez-b8q2z,hace 3 horas,,0,False,,"Que comando mierd@ mejor de todas maneras tenemos que seguir trabajando, más gasto cuando ellos tapan.                                                                                                                                                                                                                                                                                                                                                                                                                                                                                                                                                                                                                                                                                                                                                                                                                                                                                                                                                        ",False,0,que comando mierd mejor de todas maneras tenemos que seguir trabajando más gasto cuando ellos tapan,False,[],[],[],0,comando mierd manera seguir trabajar gasto tapar,"['comando', 'mierd', 'manera', 'seguir', 'trabajar', 'gasto', 'tapar']",1022,48,"Que comando mierd@usuario mejor de todas maneras tenemos que seguir trabajando, más gasto cuando ellos tapan.",classified,NEG,0.960017204284668,0.02918759360909462,0.01079520396888256,24,False,0.960017204284668,False,-0.9492220003157854,pysentimiento/robertuito-sentiment-analysis,a2cc0f67ebd705c55191e25a05ba23d885fcc09b,8,8,True
06mFNPU0aB8,Ugz158DoUO_zyZlglG14AaABAg,Capturan a presuntos delincuentes disfrazados de mujer señalados de cometer asalto,Noti7,UCVpSRoZgngfSL03Nlbjtq9A,@carlitosramirez4739,UCIXLDYqR_syskKRJy_x9W9Q,Inglés,guatemala noticias,topic,youtube_guatemala_comments.csv | youtube_guatemala_plus_comments.csv,/@carlitosramirez4739,hace 2 semanas,,0,False,,Inglés                                                                                                                                                                                                                                                                                                                                                                                                                                                                                                                                                                                                                                                                                                                                                                                                                                                                                                                                                                                                                                                          ,False,0,inglés,False,[],[],[],0,inglés,['inglés'],1024,6,Inglés,classified,NEU,0.3435361385345459,0.5069616436958313,0.1495022028684616,3,False,0.5069616436958313,True,-0.1940339356660843,pysentimiento/robertuito-sentiment-analysis,a2cc0f67ebd705c55191e25a05ba23d885fcc09b,6,6,True
n8iP75gIpmw,Ugz1TFgP101cP3SQAW94AaABAg,Qué rico come tu diputado,Quorum,UCE4rsXcgDb6e1-a9iTbWzfg,@belarminavillatoro6474,UCYN4wSQ1Sx4_LurxLlW7MPg,"Esas no son cosas minuciosas como dice el diputado Nery Rodas ya todos los diputados saben que les dieron orden de no gastar el dinero del pueblo para almuerzos de diputados y el w que quiere que  no nos digan nada porque son cosas como que no vale nada contarlo,si gastaron ese dinero que se los cobren a los diputados,están viendo qué hay personas muriendo de hambre y ellos bien Gracias dándose la gran vida que lo paguen con su sueldo que para eso ganan bien sin vergüenzas vividores,pues que lo paguen para ustedes es poco dos mil quetzales pero para nosotros los pobres es mucho dinero no importa que sea menor gasto pero entiendan que ya no,y si ustedes trabajan que sea en horas adecuadas y no en horas de comidas,y si usted dice que es muy poco el dinero entonces renuncien y busquen otro trabajo porque hay sueldos que ganan el mínimo y de ahí tienen que pagar todo imagínese señor por favor?",@quorumgt/videos,channel,quorum_complete_comments.csv | youtube_guatemala_plus_comments.csv,/@belarminavillatoro6474,hace 2 años,,0,False,,"Esas no son cosas minuciosas como dice el diputado Nery Rodas ya todos los diputados saben que les dieron orden de no gastar el dinero del pueblo para almuerzos de diputados y el w que quiere que  no nos digan nada porque son cosas como que no vale nada contarlo,si gastaron ese dinero que se los cobren a los diputados,están viendo qué hay personas muriendo de hambre y ellos bien Gracias dándose la gran vida que lo paguen con su sueldo que para eso ganan bien sin vergüenzas vividores,pues que lo paguen para ustedes es poco dos mil quetzales pero para nosotros los pobres es mucho dinero no importa que sea menor gasto pero entiendan que ya no,y si ustedes trabajan que sea en horas adecuadas y no en horas de comidas,y si usted dice que es muy poco el dinero entonces renuncien y busquen otro trabajo porque hay sueldos que ganan el mínimo y de ahí tienen que pagar todo imagínese señor por favor?                                                                                                                        ",False,0,esas no son cosas minuciosas como dice el diputado nery rodas ya todos los diputados saben que les dieron orden de no gastar el dinero del pueblo para almuerzos de diputados y el w que quiere que no nos digan nada porque son cosas como que no vale nada contarlo si gastaron ese dinero que se los cobren a los diputados están viendo qué hay personas muriendo de hambre y ellos bien gracias dándose la gran vida que lo paguen con su sueldo que para eso ganan bien sin vergüenzas vividores pues que lo paguen para ustedes es poco dos mil quetzales pero para nosotros los pobres es mucho dinero no importa que sea menor gasto pero entiendan que ya no y si ustedes trabajan que sea en horas adecuadas y no en horas de comidas y si usted dice que es muy poco el dinero entonces renuncien y busquen otro trabajo porque hay sueldos que ganan el mínimo y de ahí tienen que pagar todo imagínese señor por favor,False,[],[],[],0,cosa minucioso diputado nery roda diputado orden gastar dinero pueblo almuerzo diputado w decir cosa valer contar él gastar dinero cobrir diputado ver persona morir hambre gracias dar él vida pagar sueldo ganar vergüenza vividor pagar mil quetzal pobre dinero importar menor gasto entiendan trabajar hora adecuado hora comida dinero renuncien busquen trabajo sueldo ganar mínimo pagar imagínese señor favor,"['cosa', 'minucioso', 'diputado', 'nery', 'roda', 'diputado', 'orden', 'gastar', 'dinero', 'pueblo', 'almuerzo', 'diputado', 'w', 'decir', 'cosa', 'valer', 'contar él', 'gastar', 'dinero', 'cobrir', 'diputado', 'ver', 'persona', 'morir', 'hambre', 'gracias', 'dar él', 'vida', 'pagar', 'sueldo', 'ganar', 'vergüenza', 'vividor', 'pagar', 'mil', 'quetzal', 'pobre', 'dinero', 'importar', 'menor', 'gasto', 'entiendan', 'trabajar', 'hora', 'adecuado', 'hora', 'comida', 'dinero', 'renuncien', 'busquen', 'trabajo', 'sueldo', 'ganar', 'mínimo', 'pagar', 'imagínese', 'señor', 'favor']",1022,406,"Esas no son cosas minuciosas como dice el diputado Nery Rodas ya todos los diputados saben que les dieron orden de no gastar el dinero del pueblo para almuerzos de diputados y el w que quiere que  no nos digan nada porque son cosas como que no vale nada contarlo,si gastaron ese dinero que se los cobren a los diputados,están viendo qué hay personas muriendo de hambre y ellos bien Gracias dándose la gran vida que lo paguen con su sueldo que para eso ganan bien sin vergüenzas vividores,pues que lo paguen para ustedes es poco dos mil quetzales pero para nosotros los pobres es mucho dinero no importa que sea menor gasto pero entiendan que ya no,y si ustedes trabajan que sea en horas adecuadas y no en horas de comidas,y si usted dice que es muy poco el dinero entonces renuncien y busquen otro trabajo porque hay sueldos que ganan el mínimo y de ahí tienen que pagar todo imagínese señor por favor?",classified,NEG,0.9564725756645203,0.03817901760339737,0.005348351318389177,192,True,0.9564725756645203,False,-0.9511242243461311,pysentimiento/robertuito-sentiment-analysis,a2cc0f67ebd705c55191e25a05ba23d885fcc09b,0,0,True
yLZS3JiEBg8,Ugz1VUKAy1iuwk_x2jN4AaABAg,Arroz con pollo a la MONOPOLIO,Quorum,UCE4rsXcgDb6e1-a9iTbWzfg,@3762Jorge,UCTTILH6QCIxbTnEWxwRqs1g,La próxima habla de la harina de trigo.,@quorumgt/videos,channel,quorum_complete_comments.csv | youtube_guatemala_plus_comments.csv,/@3762Jorge,hace 2 años,,0,False,,La próxima habla de la harina de trigo.                                                                                                                                                                                                                                                                                                                                                                                                                                                                                                                                                                                                                                                                                                                                                                                                                                                                                                                                                                                                                         ,False,0,la próxima habla de la harina de trigo,False,[],[],[],0,próximo harina trigo,"['próximo', 'harina', 'trigo']",1024,20,La próxima habla de la harina de trigo.,classified,NEU,0.07585082203149796,0.8709692358970642,0.05317992717027664,11,False,0.8709692358970642,False,-0.022670894861221313,pysentimiento/robertuito-sentiment-analysis,a2cc0f67ebd705c55191e25a05ba23d885fcc09b,7,7,True
n8iP75gIpmw,Ugz1kbHjtN-jQUk3sWd4AaABAg,Qué rico come tu diputado,Quorum,UCE4rsXcgDb6e1-a9iTbWzfg,@giovannirodas4836,UC5bG9nc_JV3FsNP2KseQiYw,Nombre.... Tenía razon el loco Taracena!!!!! Los diputados siempre iban a decir q no les alcanza el salario de 25 mil. Y uno von salario mínimo tiene q ver cómo le hace para q le alcance!!! Entonces q busquen otro trabajo!!! Es el colmo plata hay lo q pasa q los políticos como el se lo gastan en hartazon!!!!😡😡😡😡,@quorumgt/videos,channel,quorum_complete_comments.csv | youtube_guatemala_plus_comments.csv,/@giovannirodas4836,hace 2 años,2.0,0,False,,Nombre.... Tenía razon el loco Taracena!!!!! Los diputados siempre iban a decir q no les alcanza el salario de 25 mil. Y uno von salario mínimo tiene q ver cómo le hace para q le alcance!!! Entonces q busquen otro trabajo!!! Es el colmo plata hay lo q pasa q los políticos como el se lo gastan en hartazon!!!!😡😡😡😡                                                                                                                                                                                                                                                                                                                                                                                                                                                                                                                                                                                                                                                                                                                                   ,True,2,nombre tenía razon el loco taracena los diputados siempre iban a decir q no les alcanza el salario de mil y uno von salario mínimo tiene q ver cómo le hace para q le alcance entonces q busquen otro trabajo es el colmo plata hay lo q pasa q los políticos como el se lo gastan en hartazon,False,[],[],"['😡', '😡', '😡', '😡']",4,nombre razon loco taracena diputado ir q alcanzar salario mil von salario mínimo q q alcanzar q buscar trabajo colmo plata q pasar q político gastar hartazon,"['nombre', 'razon', 'loco', 'taracena', 'diputado', 'ir', 'q', 'alcanzar', 'salario', 'mil', 'von', 'salario', 'mínimo', 'q', 'q', 'alcanzar', 'q', 'buscar', 'trabajo', 'colmo', 'plata', 'q', 'pasar', 'q', 'político', 'gastar', 'hartazon']",1020,157,Nombre... Tenía razon el loco Taracena!!! Los diputados siempre iban a decir q no les alcanza el salario de 25 mil. Y uno von salario mínimo tiene q ver cómo le hace para q le alcance!!! Entonces q busquen otro trabajo!!! Es el colmo plata hay lo q pasa q los políticos como el se lo gastan en hartazon!!! emoji cara cabreada emoji  emoji cara cabreada emoji  emoji cara cabreada emoji,classified,NEG,0.9665881991386414,0.03042856603860855,0.0029832199215888977,88,False,0.9665881991386414,False,-0.9636049792170525,pysentimiento/robertuito-sentiment-analysis,a2cc0f67ebd705c55191e25a05ba23d885fcc09b,0,0,True
n8iP75gIpmw,Ugz200h27x5RIAnswQd4AaABAg,Qué rico come tu diputado,Quorum,UCE4rsXcgDb6e1-a9iTbWzfg,@mireyamorales6595,UCKDR0f2fu2UzWL8mBv5-BHw,"PERO ESTOS QUE ESTAN ENTREVISTANDO AL DIPUTADO NERY RODAS PORQUE
                                                                                                                                                                                                                                                                                               NO LE PREGUNTARON A LA LEGISLATURA ANTERIOR TODOS LOS GASTOS  QUE HHACIAN.
                                                                                                                                                                                                                                                                                               :face-blue-smiling: ASI ES LA ANTERIOR LEGISLATURA PAGABAN HASTA PORQUE IBAN AL BAÑO.
                                                                                                                                                                                                                                                                                               SR. RODAS..DEJE A ESTOS QUE LO ESTAN ENTREVISTANDO QUE LE PREGUNTEN
                                                                                                                                                                                                                                                                                               A SU MADRE.
                                                                                                                                                                                                                                                                                               LO QUE AFECTO EN GRANDE EL PAIS,ESOS ROBOS DE  jimmy morales / giammattei.
                                                                                                                                                                                                                                                                                               ALEGANDO POR UNA FACTURA DE Q.2,OOO. O,  MENOS.
                                                                                                                                                                                                                                                                                               👁giammattei  ROBO MILLONES DE MILLONES Y ESTOS CORRUPTOS ENTREVISTADORES hablando de desnutricion ???  pregunten a giammattei,vive en
                                                                                                                                                                                                                                                                                               el pais todavia...vayan a buscarlo.
                                                                                                                                                                                                                                                                                               JAMAS LE HIZIERON NUNCA UNA PREGUNTA ACERCA DE LOS GASTOS QUE HACIA.
                                                                                                                                                                                                                                                                                               👁 toda empresa privada o gubernamental,PAGAN SUS GASTOS PARA LAS REUNIONESS
                                                                                                                                                                                                                                                                                               QUE LES TOCA HACER.
                                                                                                                                                                                                                                                                                               VAYAN A BUSCAR A allan rodriguez por ej...alvaro arzu...esos si son CORRUPTOS.",@quorumgt/videos,channel,quorum_complete_comments.csv | youtube_guatemala_plus_comments.csv,/@mireyamorales6595,hace 2 años,,0,False,,"PERO ESTOS QUE ESTAN ENTREVISTANDO AL DIPUTADO NERY RODAS PORQUE
                                                                                                                                                                                                                                                                                               NO LE PREGUNTARON A LA LEGISLATURA ANTERIOR TODOS LOS GASTOS  QUE HHACIAN.
                                                                                                                                                                                                                                                                                               :face-blue-smiling: ASI ES LA ANTERIOR LEGISLATURA PAGABAN HASTA PORQUE IBAN AL BAÑO.
                                                                                                                                                                                                                                                                                               SR. RODAS..DEJE A ESTOS QUE LO ESTAN ENTREVISTANDO QUE LE PREGUNTEN
                                                                                                                                                                                                                                                                                               A SU MADRE.
                                                                                                                                                                                                                                                                                               LO QUE AFECTO EN GRANDE EL PAIS,ESOS ROBOS DE  jimmy morales / giammattei.
                                                                                                                                                                                                                                                                                               ALEGANDO POR UNA FACTURA DE Q.2,OOO. O,  MENOS.
                                                                                                                                                                                                                                                                                               👁giammattei  ROBO MILLONES DE MILLONES Y ESTOS CORRUPTOS ENTREVISTADORES hablando de desnutricion ???  pregunten a giammattei,vive en
                                                                                                                                                                                                                                                                                               el pais todavia...vayan a buscarlo.
                                                                                                                                                                                                                                                                                               JAMAS LE HIZIERON NUNCA UNA PREGUNTA ACERCA DE LOS GASTOS QUE HACIA.
                                                                                                                                                                                                                                                                                               👁 toda empresa privada o gubernamental,PAGAN SUS GASTOS PARA LAS REUNIONESS
                                                                                                                                                                                                                                                                                               QUE LES TOCA HACER.
                                                                                                                                                                                                                                                                                               VAYAN A BUSCAR A allan rodriguez por ej...alvaro arzu...esos si son CORRUPTOS.                                                                                                                                                                                                                                                                                                                                                                                                                                                                                                                                                                                                                                                                                                                                                                                                                                                                                                                                                                                 ",False,0,pero estos que estan entrevistando al diputado nery rodas porque no le preguntaron a la legislatura anterior todos los gastos que hhacian face blue smiling asi es la anterior legislatura pagaban hasta porque iban al baño sr rodas deje a estos que lo estan entrevistando que le pregunten a su madre lo que afecto en grande el pais esos robos de jimmy morales giammattei alegando por una factura de q ooo o menos giammattei robo millones de millones y estos corruptos entrevistadores hablando de desnutricion pregunten a giammattei vive en el pais todavia vayan a buscarlo jamas le hizieron nunca una pregunta acerca de los gastos que hacia toda empresa privada o gubernamental pagan sus gastos para las reunioness que les toca hacer vayan a buscar a allan rodriguez por ej alvaro arzu esos si son corruptos,False,[],[],"['👁', '👁']",2,entrevistar diputado nery roda preguntar legislatura gasto hhaciar face blue smiling legislatura pagar ir baño sr roda deje entrevistar preguntir madre afectar pais robo jimmy moral giammattei alegar factura q ooo giammattei robo millón millón corrupto entrevistador hablar desnutricion preguntar giammattei vivir pais ir buscar él jama hizeír pregunta acerca gasto empresa privado gubernamental pagar gasto reunioness tocar ir buscar allan rodriguez ej alvaro arzu corrupto,"['entrevistar', 'diputado', 'nery', 'roda', 'preguntar', 'legislatura', 'gasto', 'hhaciar', 'face', 'blue', 'smiling', 'legislatura', 'pagar', 'ir', 'baño', 'sr', 'roda', 'deje', 'entrevistar', 'preguntir', 'madre', 'afectar', 'pais', 'robo', 'jimmy', 'moral', 'giammattei', 'alegar', 'factura', 'q', 'ooo', 'giammattei', 'robo', 'millón', 'millón', 'corrupto', 'entrevistador', 'hablar', 'desnutricion', 'preguntar', 'giammattei', 'vivir', 'pais', 'ir', 'buscar él', 'jama', 'hizeír', 'pregunta', 'acerca', 'gasto', 'empresa', 'privado', 'gubernamental', 'pagar', 'gasto', 'reunioness', 'tocar', 'ir', 'buscar', 'allan', 'rodriguez', 'ej', 'alvaro', 'arzu', 'corrupto']",5243,474,"PERO ESTOS QUE ESTAN ENTREVISTANDO AL DIPUTADO NERY RODAS PORQUE
   NO LE PREGUNTARON A LA LEGISLATURA ANTERIOR TODOS LOS GASTOS  QUE HHACIAN.
   :face-blue-smiling: ASI ES LA ANTERIOR LEGISLATURA PAGABAN HASTA PORQUE IBAN AL BAÑO.
   SR. RODAS..DEJE A ESTOS QUE LO ESTAN ENTREVISTANDO QUE LE PREGUNTEN
   A SU MADRE.
   LO QUE AFECTO EN GRANDE EL PAIS,ESOS ROBOS DE  jimmy morales / giammattei.
   ALEGANDO POR UNA FACTURA DE Q.2,OOO. O,  MENOS.
    emoji ojo emoji giammattei  ROBO MILLONES DE MILLONES Y ESTOS CORRUPTOS ENTREVISTADORES hablando de desnutricion ???  pregunten a giammattei,vive en
   el pais todavia...vayan a buscarlo.
   JAMAS LE HIZIERON NUNCA UNA PREGUNTA ACERCA DE LOS GASTOS QUE HACIA.
    emoji ojo emoji  toda empresa privada o gubernamental,PAGAN SUS GASTOS PARA LAS REUNIONESS
   QUE LES TOCA HACER.
   VAYAN A BUSCAR A allan rodriguez por ej...alvaro arzu...esos si son CORRUPTOS.",classified,NEG,0.9240577220916748,0.0714271292090416,0.0045152162201702595,258,True,0.9240577220916748,False,-0.9195425058715045,pysentimiento/robertuito-sentiment-analysis,a2cc0f67ebd705c55191e25a05ba23d885fcc09b,0,0,True
PjmxCj-a9Hg,Ugz26waEPWK6VtsenFZ4AaABAg,Conferencia de Prensa del Gobierno de Guatemala. #LaRondaGt,Gobierno de la República de Guatemala,UC-ZtFBHzgkYFh7whZkuR_Ag,@juandeleon9060,UCNIeXbV_mEwpa412h1aqUWw,Dios. Los cria. Y El.....los coruptos. Siempre. Van de la Mano....,@GobiernodeGuatemala,topic,PjmxCj-a9Hg_out_comments.csv | youtube_guatemala_plus_comments.csv,/@juandeleon9060,hace 1 año,1.0,1,False,,Dios. Los cria. Y El.....los coruptos. Siempre. Van de la Mano....                                                                                                                                                                                                                                                                                                                                                                                                                                                                                                                                                                                                                                                                                                                                                                                                                                                                                                                                                                                              ,True,1,dios los cria y el los coruptos siempre van de la mano,False,[],[],[],0,dio crio corupto mano,"['dio', 'crio', 'corupto', 'mano']",1024,21,Dios. Los cria. Y El...los coruptos. Siempre. Van de la Mano...,classified,POS,0.0675608366727829,0.3993939757347107,0.5330451726913452,18,False,0.5330451726913452,True,0.4654843360185623,pysentimiento/robertuito-sentiment-analysis,a2cc0f67ebd705c55191e25a05ba23d885fcc09b,4,4,True
PjmxCj-a9Hg,Ugz26waEPWK6VtsenFZ4AaABAg.ALglV0O_2mtALgq1_mUSB_,Conferencia de Prensa del Gobierno de Guatemala. #LaRondaGt,Gobierno de la República de Guatemala,UC-ZtFBHzgkYFh7whZkuR_Ag,@Luis-gn3fj,UCbYoNG5J3Au5BqtbXogfEFw,Ud y quienes mas😂😂😂😂😂😂😂😂😂😂😂😂😂😂😂😂😂😂,@GobiernodeGuatemala,topic,PjmxCj-a9Hg_out_comments.csv | youtube_guatemala_plus_comments.csv,/@Luis-gn3fj,hace 1 año,1.0,0,False,,Ud y quienes mas😂😂😂😂😂😂😂😂😂😂😂😂😂😂😂😂😂😂                                                                                                                                                                                                                                                                                                                                                                                                                                                                                                                                                                                                                                                                                                                                                                                                                                                                                                                                                                                                            ,True,1,ud y quienes mas,False,[],[],"['😂', '😂', '😂', '😂', '😂', '😂', '😂', '😂', '😂', '😂', '😂', '😂', '😂', '😂', '😂', '😂', '😂', '😂']",18,ud,['ud'],1006,2,Ud y quienes mas emoji cara llorando de risa emoji  emoji cara llorando de risa emoji  emoji cara llorando de risa emoji,classified,NEU,0.21251945197582245,0.7503017783164978,0.03717875853180885,32,False,0.7503017783164978,False,-0.1753406934440136,pysentimiento/robertuito-sentiment-analysis,a2cc0f67ebd705c55191e25a05ba23d885fcc09b,4,4,True
n8iP75gIpmw,Ugz2Y0LOPaJfoV8R01d4AaABAg,Qué rico come tu diputado,Quorum,UCE4rsXcgDb6e1-a9iTbWzfg,@monkchapin,UCl0ekS9Tt0jJGtOEM18S63w,paaajaaaasss,@quorumgt/videos,channel,quorum_complete_comments.csv | youtube_guatemala_plus_comments.csv,/@monkchapin,hace 2 años,,0,False,,paaajaaaasss                                                                                                                                                                                                                                                                                                                                                                                                                                                                                                                                                                                                                                                                                                                                                                                                                                                                                                                                                                                                                                                    ,False,0,paaajaaaasss,False,[],[],[],0,paaajaaaasss,['paaajaaaasss'],1024,12,pjajasss,classified,NEU,0.18465150892734528,0.6434851288795471,0.1718633770942688,5,False,0.6434851288795471,False,-0.012788131833076477,pysentimiento/robertuito-sentiment-analysis,a2cc0f67ebd705c55191e25a05ba23d885fcc09b,0,0,True
PjmxCj-a9Hg,Ugz5OziU6YjREVjZJUZ4AaABAg,Conferencia de Prensa del Gobierno de Guatemala. #LaRondaGt,Gobierno de la República de Guatemala,UC-ZtFBHzgkYFh7whZkuR_Ag,@DennisseLopetegi,UCVQf0tzL7xRzFJsABVVULpg,El estado de Colombia fue el verdugo de Uribe.. cuando sienten q alguien les enfrenta con la verdad se acobardan.. igual pasa con el ejecutivo de Guatemala.. bueno en fin arevalo es compadre de petro.  0igo a este presidente y solo mentiras salen de du bocata..  HDP,@GobiernodeGuatemala,topic,PjmxCj-a9Hg_out_comments.csv | youtube_guatemala_plus_comments.csv,/@DennisseLopetegi,hace 1 año,,0,False,,El estado de Colombia fue el verdugo de Uribe.. cuando sienten q alguien les enfrenta con la verdad se acobardan.. igual pasa con el ejecutivo de Guatemala.. bueno en fin arevalo es compadre de petro.  0igo a este presidente y solo mentiras salen de du bocata..  HDP                                                                                                                                                                                                                                                                                                                                                                                                                                                                                                                                                                                                                                                                                                                                                                                      ,False,0,el estado de colombia fue el verdugo de uribe cuando sienten q alguien les enfrenta con la verdad se acobardan igual pasa con el ejecutivo de guatemala bueno en fin arevalo es compadre de petro igo a este presidente y solo mentiras salen de du bocata hdp,False,[],[],[],0,colombia verdugo uribir sentir q alguien enfrentar acobardir pasar ejecutivo guatemala arevalo compadre petro igo presidente mentira salir du bocata hdp,"['colombia', 'verdugo', 'uribir', 'sentir', 'q', 'alguien', 'enfrentar', 'acobardir', 'pasar', 'ejecutivo', 'guatemala', 'arevalo', 'compadre', 'petro', 'igo', 'presidente', 'mentira', 'salir', 'du', 'bocata', 'hdp']",1024,152,El estado de Colombia fue el verdugo de Uribe.. cuando sienten q alguien les enfrenta con la verdad se acobardan.. igual pasa con el ejecutivo de Guatemala.. bueno en fin arevalo es compadre de petro.  0igo a este presidente y solo mentiras salen de du bocata..  HDP,classified,NEG,0.9652060866355896,0.027914317324757576,0.006879686843603849,61,False,0.9652060866355896,False,-0.9583263997919858,pysentimiento/robertuito-sentiment-analysis,a2cc0f67ebd705c55191e25a05ba23d885fcc09b,4,4,True
b_Hkrkl3adA,Ugz6naDsqtHsbONkRBl4AaABAg,Bloqueos en Guatemala este 31 de agosto por alza en combustibles afectan rutas principales,PrensaLibreOficial,UCEepOY2svuxbsJ-zsAPT9Fg,@moisesvaldez4043,UCsUCN0Yq_UyTvKjOJLmNrnQ,Vamos a paralizar todo el pais talvez asi entiende este gibierno medrioque,guatemala noticias,topic,debug_comments_fixed2_comments.csv,/@moisesvaldez4043,hace 49 minutos,,0,False,,Vamos a paralizar todo el pais talvez asi entiende este gibierno medrioque                                                                                                                                                                                                                                                                                                                                                                                                                                                                                                                                                                                                                                                                                                                                                                                                                                                                                                                                                                                      ,False,0,vamos a paralizar todo el pais talvez asi entiende este gibierno medrioque,False,[],[],[],0,paralizar pais talvez entender gibierno medrioque,"['paralizar', 'pais', 'talvez', 'entender', 'gibierno', 'medrioque']",1024,49,Vamos a paralizar todo el pais talvez asi entiende este gibierno medrioque,classified,NEG,0.7750396132469177,0.20282116532325745,0.022139251232147217,20,False,0.7750396132469177,False,-0.7529003620147705,pysentimiento/robertuito-sentiment-analysis,a2cc0f67ebd705c55191e25a05ba23d885fcc09b,8,8,True
n8iP75gIpmw,Ugz76M4X7jXyiAqAC_d4AaABAg,Qué rico come tu diputado,Quorum,UCE4rsXcgDb6e1-a9iTbWzfg,@IvánPérez-j4j,UCsSXdJct-nsS8DsABoEsaYA,"Pues deberían establecer viáticos cuando los trabajos sean institucionales, eso seria más legal. Ponga una tabla de viáticos, ejemplo: desayuno 60, almuerzo 100, cena 60; hospedaje 150.",@quorumgt/videos,channel,quorum_complete_comments.csv | youtube_guatemala_plus_comments.csv,/@Iv%C3%A1nP%C3%A9rez-j4j,hace 2 años,2.0,1,False,,"Pues deberían establecer viáticos cuando los trabajos sean institucionales, eso seria más legal. Ponga una tabla de viáticos, ejemplo: desayuno 60, almuerzo 100, cena 60; hospedaje 150.                                                                                                                                                                                                                                                                                                                                                                                                                                                                                                                                                                                                                                                                                                                                                                                                                                                                     ",True,2,pues deberían establecer viáticos cuando los trabajos sean institucionales eso seria más legal ponga una tabla de viáticos ejemplo desayuno almuerzo cena hospedaje,False,[],[],[],0,deber establecer viático trabajo institucional seriar legal poner tabla viático ejemplo desayuno almuerzo cena hospedaje,"['deber', 'establecer', 'viático', 'trabajo', 'institucional', 'seriar', 'legal', 'poner', 'tabla', 'viático', 'ejemplo', 'desayuno', 'almuerzo', 'cena', 'hospedaje']",1022,120,"Pues deberían establecer viáticos cuando los trabajos sean institucionales, eso seria más legal. Ponga una tabla de viáticos, ejemplo: desayuno 60, almuerzo 100, cena 60; hospedaje 150.",classified,NEU,0.046395622193813324,0.8850530385971069,0.06855133175849915,41,False,0.8850530385971069,False,0.02215570956468582,pysentimiento/robertuito-sentiment-analysis,a2cc0f67ebd705c55191e25a05ba23d885fcc09b,0,0,True
n8iP75gIpmw,Ugz76M4X7jXyiAqAC_d4AaABAg.A7j4tx1RMDbA7oQQlZnZR4,Qué rico come tu diputado,Quorum,UCE4rsXcgDb6e1-a9iTbWzfg,@MariaaliciaColonmorales,UC9xr9QvIcDvoZNUX5f-jaZw,"Es que ellos tienen un rubro para comidas hasta por 10,000quetzales pero ellos principalmente los de junta directiva dijeron que  no tocarían ese dinero que ellos comerían de su bolsillo",@quorumgt/videos,channel,quorum_complete_comments.csv | youtube_guatemala_plus_comments.csv,/@MariaaliciaColonmorales,hace 2 años,,0,False,,"Es que ellos tienen un rubro para comidas hasta por 10,000quetzales pero ellos principalmente los de junta directiva dijeron que  no tocarían ese dinero que ellos comerían de su bolsillo                                                                                                                                                                                                                                                                                                                                                                                                                                                                                                                                                                                                                                                                                                                                                                                                                                                                    ",False,0,es que ellos tienen un rubro para comidas hasta por quetzales pero ellos principalmente los de junta directiva dijeron que no tocarían ese dinero que ellos comerían de su bolsillo,False,[],[],[],0,rubro comida quetzale principalmente junta directivo tocarir dinero comerir bolsillo,"['rubro', 'comida', 'quetzale', 'principalmente', 'junta', 'directivo', 'tocarir', 'dinero', 'comerir', 'bolsillo']",1022,84,"Es que ellos tienen un rubro para comidas hasta por 10,000quetzales pero ellos principalmente los de junta directiva dijeron que  no tocarían ese dinero que ellos comerían de su bolsillo",classified,NEG,0.5918240547180176,0.3725626468658447,0.03561324253678322,40,False,0.5918240547180176,True,-0.5562108121812344,pysentimiento/robertuito-sentiment-analysis,a2cc0f67ebd705c55191e25a05ba23d885fcc09b,0,0,True
n8iP75gIpmw,Ugz7WPxTOQEwmZpnx_V4AaABAg,Qué rico come tu diputado,Quorum,UCE4rsXcgDb6e1-a9iTbWzfg,@davidisraelesquitsaquil,UCi1b_TRQfgO1Z9O2gNGGWNA,"Ahora se destapo la CORRUPCION Q EXISTIA Y AHORA SE CONTAMINO despues de ampliacion ahora DEUDAS a la Comunidad Internacional por PRESTAMOS para carreteras, ademas CONCESIONES A AEROPUERTOS, PUERTOS, LAS MISMAS CARRETERAS, todos millonario, EUROBONOS, vender al pais y CANASTA BASICA A Q10,000 todo lo van hacer PERO ESE DINERO QUE OBTENGAN SERA REGALO DEL 👹👹👹 Xq DIOS dara justicia en su momento la JUSTICIA DE DIOS con sus hijitos sera IMPLACABLE y omnipotente🇬🇹🇬🇹🇬🇹🇬🇹",@quorumgt/videos,channel,quorum_complete_comments.csv | youtube_guatemala_plus_comments.csv,/@davidisraelesquitsaquil,hace 2 años,,0,False,,"Ahora se destapo la CORRUPCION Q EXISTIA Y AHORA SE CONTAMINO despues de ampliacion ahora DEUDAS a la Comunidad Internacional por PRESTAMOS para carreteras, ademas CONCESIONES A AEROPUERTOS, PUERTOS, LAS MISMAS CARRETERAS, todos millonario, EUROBONOS, vender al pais y CANASTA BASICA A Q10,000 todo lo van hacer PERO ESE DINERO QUE OBTENGAN SERA REGALO DEL 👹👹👹 Xq DIOS dara justicia en su momento la JUSTICIA DE DIOS con sus hijitos sera IMPLACABLE y omnipotente🇬🇹🇬🇹🇬🇹🇬🇹                                                                                                                                                                                                                                                                                                                                                                                                                                                                                                                                                             ",False,0,ahora se destapo la corrupcion q existia y ahora se contamino despues de ampliacion ahora deudas a la comunidad internacional por prestamos para carreteras ademas concesiones a aeropuertos puertos las mismas carreteras todos millonario eurobonos vender al pais y canasta basica a q todo lo van hacer pero ese dinero que obtengan sera regalo del xq dios dara justicia en su momento la justicia de dios con sus hijitos sera implacable y omnipotente,False,[],[],"['👹', '👹', '👹', '🇬🇹', '🇬🇹', '🇬🇹', '🇬🇹']",7,destapo corrupcion q existia contaminar ampliacion deuda comunidad internacional prestamo carretera concesión aeropuertos puerto carretera millonario eurobono vender pais canasta basico q dinero obtengar regalo xq dios dar justicia momento justicia dios hijito implacable omnipotente,"['destapo', 'corrupcion', 'q', 'existia', 'contaminar', 'ampliacion', 'deuda', 'comunidad', 'internacional', 'prestamo', 'carretera', 'concesión', 'aeropuertos', 'puerto', 'carretera', 'millonario', 'eurobono', 'vender', 'pais', 'canasta', 'basico', 'q', 'dinero', 'obtengar', 'regalo', 'xq', 'dios', 'dar', 'justicia', 'momento', 'justicia', 'dios', 'hijito', 'implacable', 'omnipotente']",1011,283,"Ahora se destapo la CORRUPCION Q EXISTIA Y AHORA SE CONTAMINO despues de ampliacion ahora DEUDAS a la Comunidad Internacional por PRESTAMOS para carreteras, ademas CONCESIONES A AEROPUERTOS, PUERTOS, LAS MISMAS CARRETERAS, todos millonario, EUROBONOS, vender al pais y CANASTA BASICA A Q10,000 todo lo van hacer PERO ESE DINERO QUE OBTENGAN SERA REGALO DEL  emoji demonio japonés oni emoji  emoji demonio japonés oni emoji  emoji demonio japonés oni emoji  Xq DIOS dara justicia en su momento la JUSTICIA DE DIOS con sus hijitos sera IMPLACABLE y omnipotente emoji bandera guatemala emoji  emoji bandera guatemala emoji  emoji bandera guatemala emoji  emoji bandera guatemala emoji",classified,NEG,0.8053436279296875,0.18066318333148956,0.01399320550262928,153,True,0.8053436279296875,False,-0.7913504224270582,pysentimiento/robertuito-sentiment-analysis,a2cc0f67ebd705c55191e25a05ba23d885fcc09b,0,0,True
n8iP75gIpmw,Ugz8BbgcucTeHAjfvqJ4AaABAg,Qué rico come tu diputado,Quorum,UCE4rsXcgDb6e1-a9iTbWzfg,@SergioGarcia-z9c,UCpl8rF8uv_8uui-QRvuJaRA,Señores con el salario de este señor almuerzo asta las ocho dela noche y me como un tortrix que vale la pena,@quorumgt/videos,channel,quorum_complete_comments.csv | youtube_guatemala_plus_comments.csv,/@SergioGarcia-z9c,hace 1 año,,0,False,,Señores con el salario de este señor almuerzo asta las ocho dela noche y me como un tortrix que vale la pena                                                                                                                                                                                                                                                                                                                                                                                                                                                                                                                                                                                                                                                                                                                                                                                                                                                                                                                                                    ,False,0,señores con el salario de este señor almuerzo asta las ocho dela noche y me como un tortrix que vale la pena,False,[],[],[],0,señor salario señor almuerzo asta dela noche tortrix valer pena,"['señor', 'salario', 'señor', 'almuerzo', 'asta', 'dela', 'noche', 'tortrix', 'valer', 'pena']",1024,63,Señores con el salario de este señor almuerzo asta las ocho dela noche y me como un tortrix que vale la pena,classified,POS,0.005070049781352282,0.0785193145275116,0.9164106845855713,26,False,0.9164106845855713,False,0.911340634804219,pysentimiento/robertuito-sentiment-analysis,a2cc0f67ebd705c55191e25a05ba23d885fcc09b,0,0,True
j43HgwYFKfk,Ugz8fJcHTKHoEWJPwWt4AaABAg,La cooptación de Walter Mazariegos en la USAC,Quorum,UCE4rsXcgDb6e1-a9iTbWzfg,@EcPerez-zz9oh,UClhMWQ7XKWywYvbRnuf8QsA,"Como sabes que son pajas, si las tienes dwvuelvelas.",@quorumgt/videos,channel,quorum_complete_comments.csv | youtube_guatemala_plus_comments.csv,/@EcPerez-zz9oh,hace 1 año,,0,False,,"Como sabes que son pajas, si las tienes dwvuelvelas.                                                                                                                                                                                                                                                                                                                                                                                                                                                                                                                                                                                                                                                                                                                                                                                                                                                                                                                                                                                                          ",False,0,como sabes que son pajas si las tienes dwvuelvelas,False,[],[],[],0,paja tién dwvuelvela,"['paja', 'tién', 'dwvuelvela']",1022,20,"Como sabes que son pajas, si las tienes dwvuelvelas.",classified,NEU,0.22096581757068634,0.7303739786148071,0.04866018146276474,15,False,0.7303739786148071,False,-0.1723056361079216,pysentimiento/robertuito-sentiment-analysis,a2cc0f67ebd705c55191e25a05ba23d885fcc09b,1,1,True
is3Mk5oC19g,Ugz8hBV9j2KQGtMhPUR4AaABAg,Capturan a ladrón que había quedado grabado mientras robaba en una parroquia de Retalhuleu,TN23 Guatemala,UCt5Dw7ePnn0AqPqRF8Xpjkw,@zoilagarcia9019,UC4kg7zuTfqQKLd2bkZrSYBA,Sinverguenza la ley maya y luego preso.,guatemala noticias,topic,youtube_guatemala_comments.csv | youtube_guatemala_plus_comments.csv,/@zoilagarcia9019,hace 20 horas,,0,False,,Sinverguenza la ley maya y luego preso.                                                                                                                                                                                                                                                                                                                                                                                                                                                                                                                                                                                                                                                                                                                                                                                                                                                                                                                                                                                                                         ,False,0,sinverguenza la ley maya y luego preso,False,[],[],[],0,sinverguenza ley maya preso,"['sinverguenza', 'ley', 'maya', 'preso']",1024,27,Sinverguenza la ley maya y luego preso.,classified,NEG,0.8151355385780334,0.1439974308013916,0.04086704179644585,11,False,0.8151355385780334,False,-0.7742684967815876,pysentimiento/robertuito-sentiment-analysis,a2cc0f67ebd705c55191e25a05ba23d885fcc09b,15,15,True
n8iP75gIpmw,Ugz8pKFUmjVv-zF8lvJ4AaABAg,Qué rico come tu diputado,Quorum,UCE4rsXcgDb6e1-a9iTbWzfg,@welfrealdana5559,UCOLGv5Pf6BF2wFcwUzgcvHg,La única que se filtro el mismo lo dijo son unos muertos de amber todos lis diputados tienen que pagar con su dinero para eso tienen un sueldo  no sean sucios,@quorumgt/videos,channel,quorum_complete_comments.csv | youtube_guatemala_plus_comments.csv,/@welfrealdana5559,hace 2 años,,0,False,,La única que se filtro el mismo lo dijo son unos muertos de amber todos lis diputados tienen que pagar con su dinero para eso tienen un sueldo  no sean sucios                                                                                                                                                                                                                                                                                                                                                                                                                                                                                                                                                                                                                                                                                                                                                                                                                                                                                                  ,False,0,la única que se filtro el mismo lo dijo son unos muertos de amber todos lis diputados tienen que pagar con su dinero para eso tienen un sueldo no sean sucios,False,[],[],[],0,único filtro muerto amber li diputado pagar dinero sueldo sucio,"['único', 'filtro', 'muerto', 'amber', 'li', 'diputado', 'pagar', 'dinero', 'sueldo', 'sucio']",1024,63,La única que se filtro el mismo lo dijo son unos muertos de amber todos lis diputados tienen que pagar con su dinero para eso tienen un sueldo  no sean sucios,classified,NEG,0.9485925436019897,0.04397400841116905,0.007433392107486725,35,False,0.9485925436019897,False,-0.941159151494503,pysentimiento/robertuito-sentiment-analysis,a2cc0f67ebd705c55191e25a05ba23d885fcc09b,0,0,True
OkXlHx0hx-8,UgzBnKyfiTTp9djPTh54AaABAg,EE.UU. envía a mexicanos deportados a Guatemala antes de su regreso a México | Noticias Telemundo,Noticias Telemundo,UCRwA1NUcUnwsly35ikGhp0A,@RosaMontesdeOca777,UCbNanjFI51cwGqMAb2rOrBw,Fe esperanza oración perseverantes diariamente paz bien verdad amor claridad sabiduría justicia divina ❤😊,guatemala noticias,topic,youtube_guatemala_comments.csv | youtube_guatemala_plus_comments.csv,/@RosaMontesdeOca777,hace 1 día,,0,False,,Fe esperanza oración perseverantes diariamente paz bien verdad amor claridad sabiduría justicia divina ❤😊                                                                                                                                                                                                                                                                                                                                                                                                                                                                                                                                                                                                                                                                                                                                                                                                                                                                                                                                                      ,False,0,fe esperanza oración perseverantes diariamente paz bien verdad amor claridad sabiduría justicia divina,False,[],[],"['❤', '😊']",2,fe esperanza oración perseverant diariamente paz amor claridad sabiduer justicia divino,"['fe', 'esperanza', 'oración', 'perseverant', 'diariamente', 'paz', 'amor', 'claridad', 'sabiduer', 'justicia', 'divino']",1023,87,Fe esperanza oración perseverantes diariamente paz bien verdad amor claridad sabiduría justicia divina  emoji cara feliz con ojos sonrientes emoji,classified,POS,0.010287641547620296,0.2186492532491684,0.7710630893707275,26,False,0.7710630893707275,False,0.7607754478231072,pysentimiento/robertuito-sentiment-analysis,a2cc0f67ebd705c55191e25a05ba23d885fcc09b,5,5,True
n8iP75gIpmw,UgzBpiHQkRpqfeyCDwd4AaABAg,Qué rico come tu diputado,Quorum,UCE4rsXcgDb6e1-a9iTbWzfg,@katerynsantiago2907,UC2weSE8rpqkGMOp6StYtVfg,que verguenza de jente..esto esto lo que logran parir las universidades..y estos corruptos nunca han hecho nada bueno x el pais..lo unico que han hecho es artarse caro a costillas del pueblo...que de aposol...,@quorumgt/videos,channel,quorum_complete_comments.csv | youtube_guatemala_plus_comments.csv,/@katerynsantiago2907,hace 2 años,1.0,0,False,,que verguenza de jente..esto esto lo que logran parir las universidades..y estos corruptos nunca han hecho nada bueno x el pais..lo unico que han hecho es artarse caro a costillas del pueblo...que de aposol...                                                                                                                                                                                                                                                                                                                                                                                                                                                                                                                                                                                                                                                                                                                                                                                                                                               ,True,1,que verguenza de jente esto esto lo que logran parir las universidades y estos corruptos nunca han hecho nada bueno x el pais lo unico que han hecho es artarse caro a costillas del pueblo que de aposol,False,[],[],[],0,verguenzar jente lograr parir universidad corrupto x pais unico artar él caro costilla pueblo aposol,"['verguenzar', 'jente', 'lograr', 'parir', 'universidad', 'corrupto', 'x', 'pais', 'unico', 'artar él', 'caro', 'costilla', 'pueblo', 'aposol']",1024,100,que verguenza de jente..esto esto lo que logran parir las universidades..y estos corruptos nunca han hecho nada bueno x el pais..lo unico que han hecho es artarse caro a costillas del pueblo...que de aposol...,classified,NEG,0.9797906279563904,0.01602148823440075,0.0041878134943544865,48,False,0.9797906279563904,False,-0.9756028144620359,pysentimiento/robertuito-sentiment-analysis,a2cc0f67ebd705c55191e25a05ba23d885fcc09b,0,0,True
lj983NWyAQY,UgzDFSLs4n_6XtQjgjZ4AaABAg,Plan 2032 Ciudad de Guatemala,Municipalidad de Guatemala,UCXa6LVjBzUtmcM3cwbd9e2w,@carlosoliva9249,UCyzf29IYjNw67gGIfsjgtxA,"Impresionante 👏🏻👏🏻 la ciudad de Guatemala siempre ha tenido alcaldes de visión, Arzú siempre quizo ver una ciudad cosmopolita y de gran desarrollo, esperemos eso siga.",Municipalidad de Guatemala,topic,lj983NWyAQY_out_comments.csv | youtube_guatemala_plus_comments.csv,/@carlosoliva9249,hace 7 años,45.0,0,False,,"Impresionante 👏🏻👏🏻 la ciudad de Guatemala siempre ha tenido alcaldes de visión, Arzú siempre quizo ver una ciudad cosmopolita y de gran desarrollo, esperemos eso siga.                                                                                                                                                                                                                                                                                                                                                                                                                                                                                                                                                                                                                                                                                                                                                                                                                                                                                   ",True,45,impresionante la ciudad de guatemala siempre ha tenido alcaldes de visión arzú siempre quizo ver una ciudad cosmopolita y de gran desarrollo esperemos eso siga,False,[],[],"['👏🏻', '👏🏻']",2,impresionante ciudad guatemala alcalde visión arzú quizo ciudad cosmopolita desarrollo esperer seguir,"['impresionante', 'ciudad', 'guatemala', 'alcalde', 'visión', 'arzú', 'quizo', 'ciudad', 'cosmopolita', 'desarrollo', 'esperer', 'seguir']",1018,101,"Impresionante  emoji manos aplaudiendo tono de piel claro emoji  emoji manos aplaudiendo tono de piel claro emoji  la ciudad de Guatemala siempre ha tenido alcaldes de visión, Arzú siempre quizo ver una ciudad cosmopolita y de gran desarrollo, esperemos eso siga.",classified,POS,0.021901147440075874,0.16303040087223053,0.8150684833526611,59,False,0.8150684833526611,False,0.7931673359125853,pysentimiento/robertuito-sentiment-analysis,a2cc0f67ebd705c55191e25a05ba23d885fcc09b,3,3,True
PjmxCj-a9Hg,UgzDK8qo7Il1yafNllJ4AaABAg,Conferencia de Prensa del Gobierno de Guatemala. #LaRondaGt,Gobierno de la República de Guatemala,UC-ZtFBHzgkYFh7whZkuR_Ag,@josegil3813,UCzZ6dDCEsLMXbc5pCFXIprw,Adelante Excelentisimo Senor Presidente  Bernardo Arevalo de Leo'n   2028 - 2030.-,@GobiernodeGuatemala,topic,PjmxCj-a9Hg_out_comments.csv | youtube_guatemala_plus_comments.csv,/@josegil3813,hace 1 año,,0,False,,Adelante Excelentisimo Senor Presidente  Bernardo Arevalo de Leo'n   2028 - 2030.-                                                                                                                                                                                                                                                                                                                                                                                                                                                                                                                                                                                                                                                                                                                                                                                                                                                                                                                                                                              ,False,0,adelante excelentisimo senor presidente bernardo arevalo de leo n,False,[],[],[],0,excelentisimo senor presidente bernardo arevalo leo n,"['excelentisimo', 'senor', 'presidente', 'bernardo', 'arevalo', 'leo', 'n']",1024,53,Adelante Excelentisimo Senor Presidente  Bernardo Arevalo de Leo'n   2028 - 2030.-,classified,POS,0.021606115624308586,0.2457943856716156,0.7325994968414307,25,False,0.7325994968414307,False,0.7109933812171221,pysentimiento/robertuito-sentiment-analysis,a2cc0f67ebd705c55191e25a05ba23d885fcc09b,4,4,True
lj983NWyAQY,UgzESrzC3abcN60poBF4AaABAg,Plan 2032 Ciudad de Guatemala,Municipalidad de Guatemala,UCXa6LVjBzUtmcM3cwbd9e2w,@alexarcos8349,UCaT6M2zp7X6r6Whd8Vv3kHQ,Me encanta poner un negocio en Guatemala en un futuro no muy lejano.,Municipalidad de Guatemala,topic,lj983NWyAQY_out_comments.csv | youtube_guatemala_plus_comments.csv,/@alexarcos8349,hace 5 años,1.0,0,False,,Me encanta poner un negocio en Guatemala en un futuro no muy lejano.                                                                                                                                                                                                                                                                                                                                                                                                                                                                                                                                                                                                                                                                                                                                                                                                                                                                                                                                                                                            ,True,1,me encanta poner un negocio en guatemala en un futuro no muy lejano,False,[],[],[],0,encantar negocio guatemala futuro lejano,"['encantar', 'negocio', 'guatemala', 'futuro', 'lejano']",1024,40,Me encanta poner un negocio en Guatemala en un futuro no muy lejano.,classified,POS,0.005319618154317141,0.13839510083198547,0.8562852740287781,17,False,0.8562852740287781,False,0.8509656558744609,pysentimiento/robertuito-sentiment-analysis,a2cc0f67ebd705c55191e25a05ba23d885fcc09b,3,3,True
n8iP75gIpmw,UgzFOdujc0-cy9W1Uv14AaABAg,Qué rico come tu diputado,Quorum,UCE4rsXcgDb6e1-a9iTbWzfg,@marisosa7832,UC3NMzdMYryaw82kPTnsaljg,Mientras los Guatemaltecos  muriendo de hambre,@quorumgt/videos,channel,quorum_complete_comments.csv | youtube_guatemala_plus_comments.csv,/@marisosa7832,hace 2 años,,0,False,,Mientras los Guatemaltecos  muriendo de hambre                                                                                                                                                                                                                                                                                                                                                                                                                                                                                                                                                                                                                                                                                                                                                                                                                                                                                                                                                                                                                  ,False,0,mientras los guatemaltecos muriendo de hambre,False,[],[],[],0,guatemalteco morir hambre,"['guatemalteco', 'morir', 'hambre']",1024,25,Mientras los Guatemaltecos  muriendo de hambre,classified,NEG,0.8943498134613037,0.09233129769563675,0.01331889908760786,11,False,0.8943498134613037,False,-0.8810309143736959,pysentimiento/robertuito-sentiment-analysis,a2cc0f67ebd705c55191e25a05ba23d885fcc09b,0,0,True
n8iP75gIpmw,UgzGYzecKVZyDzajKPV4AaABAg,Qué rico come tu diputado,Quorum,UCE4rsXcgDb6e1-a9iTbWzfg,@guillermogonzalez5153,UCLggDc_a5HriXv7I1h02sOA,"Cuando comen  puyaso,,,,,,y un niño  del campo come tortilla con sal  ,,,que es lo relevante  ,,,??",@quorumgt/videos,channel,quorum_complete_comments.csv | youtube_guatemala_plus_comments.csv,/@guillermogonzalez5153,hace 2 años,4.0,0,False,,"Cuando comen  puyaso,,,,,,y un niño  del campo come tortilla con sal  ,,,que es lo relevante  ,,,??                                                                                                                                                                                                                                                                                                                                                                                                                                                                                                                                                                                                                                                                                                                                                                                                                                                                                                                                                           ",True,4,cuando comen puyaso y un niño del campo come tortilla con sal que es lo relevante,False,[],[],[],0,comar puyaso niño campo comar tortilla sal relevante,"['comar', 'puyaso', 'niño', 'campo', 'comar', 'tortilla', 'sal', 'relevante']",1022,52,"Cuando comen  puyaso,,,y un niño  del campo come tortilla con sal  ,,,que es lo relevante  ,,,??",classified,NEG,0.7855481505393982,0.2007087618112564,0.013743090443313122,28,False,0.7855481505393982,False,-0.7718050600960851,pysentimiento/robertuito-sentiment-analysis,a2cc0f67ebd705c55191e25a05ba23d885fcc09b,0,0,True
n8iP75gIpmw,UgzH_SOr2gGO_dDna5J4AaABAg,Qué rico come tu diputado,Quorum,UCE4rsXcgDb6e1-a9iTbWzfg,@FranciscoRivera-sf7ne,UCSou6a2OuYGSvPjm5psquyA,Qué descaro de ese vividor,@quorumgt/videos,channel,quorum_complete_comments.csv | youtube_guatemala_plus_comments.csv,/@FranciscoRivera-sf7ne,hace 2 años,,0,False,,Qué descaro de ese vividor                                                                                                                                                                                                                                                                                                                                                                                                                                                                                                                                                                                                                                                                                                                                                                                                                                                                                                                                                                                                                                      ,False,0,qué descaro de ese vividor,False,[],[],[],0,descaro vividor,"['descaro', 'vividor']",1024,15,Qué descaro de ese vividor,classified,NEG,0.9397652745246887,0.04033854976296425,0.019896214827895164,8,False,0.9397652745246887,False,-0.9198690596967936,pysentimiento/robertuito-sentiment-analysis,a2cc0f67ebd705c55191e25a05ba23d885fcc09b,0,0,True
PjmxCj-a9Hg,UgzJ85lM1ogkB4KOk2d4AaABAg,Conferencia de Prensa del Gobierno de Guatemala. #LaRondaGt,Gobierno de la República de Guatemala,UC-ZtFBHzgkYFh7whZkuR_Ag,@aureliomaldonado4793,UCtNyHmRZtvGF2hSvI2dUBWw,Este presidente pendejo no va aser nada si no van a tapar baches menos van a avanzar en otras cosas ya están igual a México con la mañanera y no asen nada solo son abla mierda,@GobiernodeGuatemala,topic,PjmxCj-a9Hg_out_comments.csv | youtube_guatemala_plus_comments.csv,/@aureliomaldonado4793,hace 1 año,,0,False,,Este presidente pendejo no va aser nada si no van a tapar baches menos van a avanzar en otras cosas ya están igual a México con la mañanera y no asen nada solo son abla mierda                                                                                                                                                                                                                                                                                                                                                                                                                                                                                                                                                                                                                                                                                                                                                                                                                                                                                 ,False,0,este presidente pendejo no va aser nada si no van a tapar baches menos van a avanzar en otras cosas ya están igual a méxico con la mañanera y no asen nada solo son abla mierda,False,[],[],[],0,presidente pendejo aser tapar bache avanzar cosa méxico mañanera ar abla mierdo,"['presidente', 'pendejo', 'aser', 'tapar', 'bache', 'avanzar', 'cosa', 'méxico', 'mañanera', 'ar', 'abla', 'mierdo']",1024,79,Este presidente pendejo no va aser nada si no van a tapar baches menos van a avanzar en otras cosas ya están igual a México con la mañanera y no asen nada solo son abla mierda,classified,NEG,0.9791271090507507,0.016223305836319923,0.004649609327316284,41,False,0.9791271090507507,False,-0.9744774997234344,pysentimiento/robertuito-sentiment-analysis,a2cc0f67ebd705c55191e25a05ba23d885fcc09b,4,4,True
lj983NWyAQY,UgzKcy6Zr6Ele2EAo6J4AaABAg,Plan 2032 Ciudad de Guatemala,Municipalidad de Guatemala,UCXa6LVjBzUtmcM3cwbd9e2w,@samuelaguilar529,UCGqKxQS-z3NZzZF-2w338AA,"Me encantaría vivir por un tiempo en Guatemala.
                                                                                                                                                                                                                                                                                               Saludos desde México. :)",Municipalidad de Guatemala,topic,lj983NWyAQY_out_comments.csv | youtube_guatemala_plus_comments.csv,/@samuelaguilar529,hace 7 años,211.0,3,False,,"Me encantaría vivir por un tiempo en Guatemala.
                                                                                                                                                                                                                                                                                               Saludos desde México. :)                                                                                                                                                                                                                                                                                                                                                                                                                                                                                                                                                                                                                                                                                                                                                                                                                                                                                                                                                                                                                                       ",True,211,me encantaría vivir por un tiempo en guatemala saludos desde méxico,False,[],[],[],0,encantar vivir tiempo guatemala saludo méxico,"['encantar', 'vivir', 'tiempo', 'guatemala', 'saludo', 'méxico']",1359,45,"Me encantaría vivir por un tiempo en Guatemala.
   Saludos desde México. :)",classified,POS,0.006138010881841183,0.08890100568532944,0.9049609303474426,19,False,0.9049609303474426,False,0.8988229194656014,pysentimiento/robertuito-sentiment-analysis,a2cc0f67ebd705c55191e25a05ba23d885fcc09b,3,3,True
yLZS3JiEBg8,UgzL_lyzP1gwPdnVQ3Z4AaABAg,Arroz con pollo a la MONOPOLIO,Quorum,UCE4rsXcgDb6e1-a9iTbWzfg,@JBFlute92,UCXO1BBohNWXkK9SBDAG2ySg,Excelente trabajo !!,@quorumgt/videos,channel,quorum_complete_comments.csv | youtube_guatemala_plus_comments.csv,/@JBFlute92,hace 2 años,,0,False,,Excelente trabajo !!                                                                                                                                                                                                                                                                                                                                                                                                                                                                                                                                                                                                                                                                                                                                                                                                                                                                                                                                                                                                                                            ,False,0,excelente trabajo,False,[],[],[],0,excelente trabajo,"['excelente', 'trabajo']",1024,17,Excelente trabajo !!,classified,POS,0.006141846999526024,0.04351871460676193,0.9503394365310669,5,False,0.9503394365310669,False,0.9441975895315409,pysentimiento/robertuito-sentiment-analysis,a2cc0f67ebd705c55191e25a05ba23d885fcc09b,7,7,True
6W4u8sGEnGM,UgzMXsCXt9Lh-tk3fZd4AaABAg,Inician los trabajos de recuperación del Puente Belice II.,Gobierno de la República de Guatemala,UC-ZtFBHzgkYFh7whZkuR_Ag,@maydamorales4395,UChyps3dqY-VY1_wLeq-2lhw,"Despues de tanta corrpcion y desfalco por los anteriores gobiernos ladrones que esperaba Rolando? ahora si se puede ver que los fondos de nuestros impuestos se estan usando en lo que deberian de haberse usado hace 40 anios, es muy bueno ver que al fin hay un presidente que esta trabajando no sentado atras de un escritorio llenandose las bolsas!",Gobierno de la República de Guatemala,topic,youtube_guatemala_plus_comments.csv | youtube_lab_targets_small_comments.csv,/@maydamorales4395,hace 6 días,14.0,1,False,,"Despues de tanta corrpcion y desfalco por los anteriores gobiernos ladrones que esperaba Rolando? ahora si se puede ver que los fondos de nuestros impuestos se estan usando en lo que deberian de haberse usado hace 40 anios, es muy bueno ver que al fin hay un presidente que esta trabajando no sentado atras de un escritorio llenandose las bolsas!                                                                                                                                                                                                                                                                                                                                                                                                                                                                                                                                                                                                                                                                                                    ",True,14,despues de tanta corrpcion y desfalco por los anteriores gobiernos ladrones que esperaba rolando ahora si se puede ver que los fondos de nuestros impuestos se estan usando en lo que deberian de haberse usado hace anios es muy bueno ver que al fin hay un presidente que esta trabajando no sentado atras de un escritorio llenandose las bolsas,False,[],[],[],0,tanto corrpcion desfalco anterior gobierno ladrón esperar rolar fondo impuesto usar deberiar haber él usar anio presidente trabajar sentar escritorio llenar él bolsa,"['tanto', 'corrpcion', 'desfalco', 'anterior', 'gobierno', 'ladrón', 'esperar', 'rolar', 'fondo', 'impuesto', 'usar', 'deberiar', 'haber él', 'usar', 'anio', 'presidente', 'trabajar', 'sentar', 'escritorio', 'llenar él', 'bolsa']",1022,165,"Despues de tanta corrpcion y desfalco por los anteriores gobiernos ladrones que esperaba Rolando? ahora si se puede ver que los fondos de nuestros impuestos se estan usando en lo que deberian de haberse usado hace 40 anios, es muy bueno ver que al fin hay un presidente que esta trabajando no sentado atras de un escritorio llenandose las bolsas!",classified,POS,0.25584733486175537,0.27108094096183777,0.47307178378105164,71,False,0.47307178378105164,True,0.21722444891929626,pysentimiento/robertuito-sentiment-analysis,a2cc0f67ebd705c55191e25a05ba23d885fcc09b,2,2,True
6W4u8sGEnGM,UgzMXsCXt9Lh-tk3fZd4AaABAg.A_zGMKwFBhPA_zWhjiGKb7,Inician los trabajos de recuperación del Puente Belice II.,Gobierno de la República de Guatemala,UC-ZtFBHzgkYFh7whZkuR_Ag,@Murmullodelbarrio,UCyJhqmMbsvjpoarBBStA2kg,"Esoooooo
                                                                                                                                                                                                                                                                                               Así mero es",Gobierno de la República de Guatemala,topic,youtube_guatemala_plus_comments.csv | youtube_lab_targets_small_comments.csv,/@Murmullodelbarrio,hace 6 días,1.0,0,False,,"Esoooooo
                                                                                                                                                                                                                                                                                               Así mero es                                                                                                                                                                                                                                                                                                                                                                                                                                                                                                                                                                                                                                                                                                                                                                                                                                                                                                                                                                                                                                                    ",True,1,esoooooo así mero es,False,[],[],[],0,esoooooo mero,"['esoooooo', 'mero']",1320,13,"Esooo
   Así mero es",classified,POS,0.013143538497388363,0.19083577394485474,0.7960206866264343,10,False,0.7960206866264343,False,0.782877148129046,pysentimiento/robertuito-sentiment-analysis,a2cc0f67ebd705c55191e25a05ba23d885fcc09b,2,2,True
n8iP75gIpmw,UgzM_dw7xZDkJJ8eYQ94AaABAg,Qué rico come tu diputado,Quorum,UCE4rsXcgDb6e1-a9iTbWzfg,@Rogergh-nw4oj,UCXgr7vXlRrsaskPdo097kGA,asi o mas envelequero...,@quorumgt/videos,channel,quorum_complete_comments.csv | youtube_guatemala_plus_comments.csv,/@Rogergh-nw4oj,hace 2 años,,0,False,,asi o mas envelequero...                                                                                                                                                                                                                                                                                                                                                                                                                                                                                                                                                                                                                                                                                                                                                                                                                                                                                                                                                                                                                                        ,False,0,asi o mas envelequero,False,[],[],[],0,envelequero,['envelequero'],1024,11,asi o mas envelequero...,classified,NEG,0.6588798761367798,0.30907922983169556,0.03204094618558884,9,False,0.6588798761367798,False,-0.626838929951191,pysentimiento/robertuito-sentiment-analysis,a2cc0f67ebd705c55191e25a05ba23d885fcc09b,0,0,True
n8iP75gIpmw,UgzMppllQcjsXkBLgiZ4AaABAg,Qué rico come tu diputado,Quorum,UCE4rsXcgDb6e1-a9iTbWzfg,@Jel.Awesh.M,UCylqlpsh8ENNM1LqgQ1KbxA,Y eso es a lo que sale a luz ¿qué más  nos esconderán?,@quorumgt/videos,channel,quorum_complete_comments.csv | youtube_guatemala_plus_comments.csv,/@Jel.Awesh.M,hace 1 año,,0,False,,Y eso es a lo que sale a luz ¿qué más  nos esconderán?                                                                                                                                                                                                                                                                                                                                                                                                                                                                                                                                                                                                                                                                                                                                                                                                                                                                                                                                                                                                          ,False,0,y eso es a lo que sale a luz qué más nos esconderán,False,[],[],[],0,salir luz esconder,"['salir', 'luz', 'esconder']",1024,18,Y eso es a lo que sale a luz ¿qué más  nos esconderán?,classified,NEG,0.8680897951126099,0.12120257318019867,0.010707645677030087,18,False,0.8680897951126099,False,-0.8573821494355798,pysentimiento/robertuito-sentiment-analysis,a2cc0f67ebd705c55191e25a05ba23d885fcc09b,1,0,False
n8iP75gIpmw,UgzOB-KAGGElQGAPxEZ4AaABAg,Qué rico come tu diputado,Quorum,UCE4rsXcgDb6e1-a9iTbWzfg,@aluxdel4792,UC4cXueR2bKGFJV0Fk76gwmA,"Por qué hay 160 diPUTAdos ? Máximo deberían ser 80 diPUTAdos , hambrientos porque saben que el pueblo paga y hasta da propina. Y mientras tanto en el corredor seco la gente se está muriendo de hambre",@quorumgt/videos,channel,quorum_complete_comments.csv | youtube_guatemala_plus_comments.csv,/@aluxdel4792,hace 1 año,,0,False,,"Por qué hay 160 diPUTAdos ? Máximo deberían ser 80 diPUTAdos , hambrientos porque saben que el pueblo paga y hasta da propina. Y mientras tanto en el corredor seco la gente se está muriendo de hambre                                                                                                                                                                                                                                                                                                                                                                                                                                                                                                                                                                                                                                                                                                                                                                                                                                                       ",False,0,por qué hay diputados máximo deberían ser diputados hambrientos porque saben que el pueblo paga y hasta da propina y mientras tanto en el corredor seco la gente se está muriendo de hambre,False,[],[],[],0,diputado máximo deber diputado hambriento pueblo pagar propina corredor seco gente morir hambre,"['diputado', 'máximo', 'deber', 'diputado', 'hambriento', 'pueblo', 'pagar', 'propina', 'corredor', 'seco', 'gente', 'morir', 'hambre']",1022,95,"Por qué hay 160 diPUTAdos ? Máximo deberían ser 80 diPUTAdos , hambrientos porque saben que el pueblo paga y hasta da propina. Y mientras tanto en el corredor seco la gente se está muriendo de hambre",classified,NEG,0.9705830812454224,0.025960324332118034,0.003456666599959135,41,False,0.9705830812454224,False,-0.9671264146454632,pysentimiento/robertuito-sentiment-analysis,a2cc0f67ebd705c55191e25a05ba23d885fcc09b,0,0,True
n8iP75gIpmw,UgzOGr7KGQ9pa-CJdgN4AaABAg,Qué rico come tu diputado,Quorum,UCE4rsXcgDb6e1-a9iTbWzfg,@LE_A22,UCNBnKqWf4d-rS4HwJRQljmQ,"Ósea que por ser diputados TIENEN QUE TENER PRIVILEGIOS A HUEVOS?  25 mil al mes más dietas,mocos etc. pero hablemos de 25 mil,ese ese el salario de 5 ó 6 meses de un ciudadano de a pie… y no tiene carro comida,tel etc gratis como estas ratas,y entre esos diputados los de la junta,los jefes de bloque son los más chuchos,pero quiere justificar todo como que fuese un derecho  y ellos fuesen reyes del país",@quorumgt/videos,channel,quorum_complete_comments.csv | youtube_guatemala_plus_comments.csv,/@LE_A22,hace 2 años,,0,False,,"Ósea que por ser diputados TIENEN QUE TENER PRIVILEGIOS A HUEVOS?  25 mil al mes más dietas,mocos etc. pero hablemos de 25 mil,ese ese el salario de 5 ó 6 meses de un ciudadano de a pie… y no tiene carro comida,tel etc gratis como estas ratas,y entre esos diputados los de la junta,los jefes de bloque son los más chuchos,pero quiere justificar todo como que fuese un derecho  y ellos fuesen reyes del país                                                                                                                                                                                                                                                                                                                                                                                                                                                                                                                                                                                                                                        ",False,0,ósea que por ser diputados tienen que tener privilegios a huevos mil al mes más dietas mocos etc pero hablemos de mil ese ese el salario de ó meses de un ciudadano de a pie y no tiene carro comida tel etc gratis como estas ratas y entre esos diputados los de la junta los jefes de bloque son los más chuchos pero quiere justificar todo como que fuese un derecho y ellos fuesen reyes del país,False,[],[],[],0,ósear diputado privilegio huevo mil mes dieta moco etc hablar mil salario ó mes ciudadano pie carro comida tel etc gratis rata diputado junta jefe bloque chucho justificar ser derecho ser rey país,"['ósear', 'diputado', 'privilegio', 'huevo', 'mil', 'mes', 'dieta', 'moco', 'etc', 'hablar', 'mil', 'salario', 'ó', 'mes', 'ciudadano', 'pie', 'carro', 'comida', 'tel', 'etc', 'gratis', 'rata', 'diputado', 'junta', 'jefe', 'bloque', 'chucho', 'justificar', 'ser', 'derecho', 'ser', 'rey', 'país']",1022,196,"Ósea que por ser diputados TIENEN QUE TENER PRIVILEGIOS A HUEVOS?  25 mil al mes más dietas,mocos etc. pero hablemos de 25 mil,ese ese el salario de 5 ó 6 meses de un ciudadano de a pie y no tiene carro comida,tel etc gratis como estas ratas,y entre esos diputados los de la junta,los jefes de bloque son los más chuchos,pero quiere justificar todo como que fuese un derecho  y ellos fuesen reyes del país",classified,NEG,0.9248942732810974,0.06898108124732971,0.006124562583863735,92,False,0.9248942732810974,False,-0.9187697106972337,pysentimiento/robertuito-sentiment-analysis,a2cc0f67ebd705c55191e25a05ba23d885fcc09b,0,0,True
n8iP75gIpmw,UgzOYjc2Ii04ZArW7vF4AaABAg,Qué rico come tu diputado,Quorum,UCE4rsXcgDb6e1-a9iTbWzfg,@mariorodas593,UCmvOgzmmXbjUthHy-WJ52hQ,Eso del ferrogaril nunca se va a realisar.,@quorumgt/videos,channel,quorum_complete_comments.csv | youtube_guatemala_plus_comments.csv,/@mariorodas593,hace 2 años,1.0,0,False,,Eso del ferrogaril nunca se va a realisar.                                                                                                                                                                                                                                                                                                                                                                                                                                                                                                                                                                                                                                                                                                                                                                                                                                                                                                                                                                                                                      ,True,1,eso del ferrogaril nunca se va a realisar,False,[],[],[],0,ferrogaril realisar,"['ferrogaril', 'realisar']",1024,19,Eso del ferrogaril nunca se va a realisar.,classified,NEG,0.7932335138320923,0.19191314280033112,0.014853294938802719,14,False,0.7932335138320923,False,-0.7783802188932896,pysentimiento/robertuito-sentiment-analysis,a2cc0f67ebd705c55191e25a05ba23d885fcc09b,0,0,True
s0eco-BofOs,UgzOeIbOqa0dhaWyj_B4AaABAg,¿Quiénes pagan más en Centroamérica?,Quorum,UCE4rsXcgDb6e1-a9iTbWzfg,@jahirdiaz5862,UC6xI_MOaxajIWpoP8BH6E_Q,wooow,@quorumgt/videos,channel,quorum_complete_comments.csv | youtube_guatemala_plus_comments.csv,/@jahirdiaz5862,hace 1 año,,0,False,,wooow                                                                                                                                                                                                                                                                                                                                                                                                                                                                                                                                                                                                                                                                                                                                                                                                                                                                                                                                                                                                                                                           ,False,0,wooow,False,[],[],[],0,wooow,['wooow'],1024,5,wooow,classified,POS,0.034289710223674774,0.21356485784053802,0.7521454095840454,3,False,0.7521454095840454,False,0.7178556993603706,pysentimiento/robertuito-sentiment-analysis,a2cc0f67ebd705c55191e25a05ba23d885fcc09b,16,16,True
lj983NWyAQY,UgzPExq20lnf7-8d7_p4AaABAg,Plan 2032 Ciudad de Guatemala,Municipalidad de Guatemala,UCXa6LVjBzUtmcM3cwbd9e2w,@mynorgudiel8646,UCtMBF_1O2jY2INlb_luuB_A,Que Bonita ciudad mi Guatemala como te extraño algún día regresaremos saludos a todos los paisanos que estamos en el extranjero,Municipalidad de Guatemala,topic,lj983NWyAQY_out_comments.csv | youtube_guatemala_plus_comments.csv,/@mynorgudiel8646,hace 7 años,15.0,0,False,,Que Bonita ciudad mi Guatemala como te extraño algún día regresaremos saludos a todos los paisanos que estamos en el extranjero                                                                                                                                                                                                                                                                                                                                                                                                                                                                                                                                                                                                                                                                                                                                                                                                                                                                                                                                 ,True,15,que bonita ciudad mi guatemala como te extraño algún día regresaremos saludos a todos los paisanos que estamos en el extranjero,False,[],[],[],0,bonitir ciudad guatemala extraño regresarer saludo paisano extranjero,"['bonitir', 'ciudad', 'guatemala', 'extraño', 'regresarer', 'saludo', 'paisano', 'extranjero']",1024,69,Que Bonita ciudad mi Guatemala como te extraño algún día regresaremos saludos a todos los paisanos que estamos en el extranjero,classified,POS,0.08729821443557739,0.20816895365715027,0.70453280210495,25,False,0.70453280210495,False,0.6172345876693726,pysentimiento/robertuito-sentiment-analysis,a2cc0f67ebd705c55191e25a05ba23d885fcc09b,3,3,True
OkXlHx0hx-8,UgzQTWwjC_XVPUNxuXp4AaABAg,EE.UU. envía a mexicanos deportados a Guatemala antes de su regreso a México | Noticias Telemundo,Noticias Telemundo,UCRwA1NUcUnwsly35ikGhp0A,@flornolberto2425,UCrqXyRsg-_hTosURZ-uvoKg,Que desgraciados sin Corazón y porque mandarlos a un pais del que no pertenesen ???? Si los  deportan por lo menos deverian de hacerlo al pais que pertenesen haci la familia puede verlos y ver sus nesecidad.,guatemala noticias,topic,youtube_guatemala_comments.csv | youtube_guatemala_plus_comments.csv,/@flornolberto2425,hace 1 día,,0,False,,Que desgraciados sin Corazón y porque mandarlos a un pais del que no pertenesen ???? Si los  deportan por lo menos deverian de hacerlo al pais que pertenesen haci la familia puede verlos y ver sus nesecidad.                                                                                                                                                                                                                                                                                                                                                                                                                                                                                                                                                                                                                                                                                                                                                                                                                                                 ,False,0,que desgraciados sin corazón y porque mandarlos a un pais del que no pertenesen si los deportan por lo menos deverian de hacerlo al pais que pertenesen haci la familia puede verlos y ver sus nesecidad,False,[],[],[],0,desgraciado corazón mandarlo pais pertenesen deportar deveriar pais pertenesar haci familia ver él nesecidad,"['desgraciado', 'corazón', 'mandarlo', 'pais', 'pertenesen', 'deportar', 'deveriar', 'pais', 'pertenesar', 'haci', 'familia', 'ver él', 'nesecidad']",1024,108,Que desgraciados sin Corazón y porque mandarlos a un pais del que no pertenesen ??? Si los  deportan por lo menos deverian de hacerlo al pais que pertenesen haci la familia puede verlos y ver sus nesecidad.,classified,NEG,0.9549195170402527,0.03864685446023941,0.006433662958443165,49,False,0.9549195170402527,False,-0.9484858540818095,pysentimiento/robertuito-sentiment-analysis,a2cc0f67ebd705c55191e25a05ba23d885fcc09b,5,5,True
OkXlHx0hx-8,UgzRlz8OqalaHh8EnUl4AaABAg,EE.UU. envía a mexicanos deportados a Guatemala antes de su regreso a México | Noticias Telemundo,Noticias Telemundo,UCRwA1NUcUnwsly35ikGhp0A,@pasionpornada,UCGZMgmM92E3njyXNe9-kjAQ,""" Ayudanos a luchar contra el racismo y los malos tratos; vete de regreso a tu pais""
                                                                                                                                                                                                                                                                                               Someone.",guatemala noticias,topic,youtube_guatemala_comments.csv | youtube_guatemala_plus_comments.csv,/@pasionpornada,hace 1 día (editado),2.0,1,False,,""" Ayudanos a luchar contra el racismo y los malos tratos; vete de regreso a tu pais""
                                                                                                                                                                                                                                                                                               Someone.                                                                                                                                                                                                                                                                                                                                                                                                                                                                                                                                                                                                                                                                                                                                                                                                                                                                                                                                                                                                                                                       ",True,2,ayudanos a luchar contra el racismo y los malos tratos vete de regreso a tu pais someone,False,[],[],[],0,ayuda yo luchar racismo malo trato vetir regreso pais someonir,"['ayuda yo', 'luchar', 'racismo', 'malo', 'trato', 'vetir', 'regreso', 'pais', 'someonir']",1396,62,""" Ayudanos a luchar contra el racismo y los malos tratos; vete de regreso a tu pais""
   Someone.",classified,NEU,0.2667864263057709,0.500369668006897,0.23284392058849335,29,False,0.500369668006897,True,-0.03394250571727753,pysentimiento/robertuito-sentiment-analysis,a2cc0f67ebd705c55191e25a05ba23d885fcc09b,5,5,True
OkXlHx0hx-8,UgzRlz8OqalaHh8EnUl4AaABAg.Aa9hqaKl_ywAaB_OUjpKKh,EE.UU. envía a mexicanos deportados a Guatemala antes de su regreso a México | Noticias Telemundo,Noticias Telemundo,UCRwA1NUcUnwsly35ikGhp0A,@eugeneramirez4405,UCi2KiZq63sRq8Mfbcp-MelQ,"It ghe LAW
                                                                                                                                                                                                                                                                                               You don't make your own rules!",guatemala noticias,topic,youtube_guatemala_comments.csv | youtube_guatemala_plus_comments.csv,/@eugeneramirez4405,hace 20 horas,,0,False,,"It ghe LAW
                                                                                                                                                                                                                                                                                               You don't make your own rules!                                                                                                                                                                                                                                                                                                                                                                                                                                                                                                                                                                                                                                                                                                                                                                                                                                                                                                                                                                                                                                 ",False,0,it ghe law you don t make your own rules,False,[],[],[],0,it ghe law you don t make your own rul,"['it', 'ghe', 'law', 'you', 'don', 't', 'make', 'your', 'own', 'rul']",1322,38,"It ghe LAW
   You don't make your own rules!",classified,NEG,0.6371588706970215,0.28782758116722107,0.07501355558633804,17,False,0.6371588706970215,False,-0.5621453151106834,pysentimiento/robertuito-sentiment-analysis,a2cc0f67ebd705c55191e25a05ba23d885fcc09b,5,5,True
yLZS3JiEBg8,UgzRyWsi9Ed1wsXKgwd4AaABAg,Arroz con pollo a la MONOPOLIO,Quorum,UCE4rsXcgDb6e1-a9iTbWzfg,@franciscorodas9686,UCOY3XpD9qMCRSA8AA8c4CAw,Muy buena explicación para entender los carteles y la necesidad de una Ley de Competencia. Felicitaciones.,@quorumgt/videos,channel,quorum_complete_comments.csv | youtube_guatemala_plus_comments.csv,/@franciscorodas9686,hace 2 años,1.0,0,False,,Muy buena explicación para entender los carteles y la necesidad de una Ley de Competencia. Felicitaciones.                                                                                                                                                                                                                                                                                                                                                                                                                                                                                                                                                                                                                                                                                                                                                                                                                                                                                                                                                      ,True,1,muy buena explicación para entender los carteles y la necesidad de una ley de competencia felicitaciones,False,[],[],[],0,explicación entender cartel necesidad ley competencia felicitación,"['explicación', 'entender', 'cartel', 'necesidad', 'ley', 'competencia', 'felicitación']",1024,66,Muy buena explicación para entender los carteles y la necesidad de una Ley de Competencia. Felicitaciones.,classified,POS,0.007759062573313713,0.04705978184938431,0.945181131362915,20,False,0.945181131362915,False,0.9374220687896013,pysentimiento/robertuito-sentiment-analysis,a2cc0f67ebd705c55191e25a05ba23d885fcc09b,7,7,True
is3Mk5oC19g,UgzSjpcAY2zvJ6i-poh4AaABAg,Capturan a ladrón que había quedado grabado mientras robaba en una parroquia de Retalhuleu,TN23 Guatemala,UCt5Dw7ePnn0AqPqRF8Xpjkw,@Williams-Garcia67E,UCfRqgt2O-vjzUDMZY_tnxQw,Robando en una iglesia eso es un gran pecado,guatemala noticias,topic,youtube_guatemala_comments.csv | youtube_guatemala_plus_comments.csv,/@Williams-Garcia67E,hace 23 horas,,0,False,,Robando en una iglesia eso es un gran pecado                                                                                                                                                                                                                                                                                                                                                                                                                                                                                                                                                                                                                                                                                                                                                                                                                                                                                                                                                                                                                    ,False,0,robando en una iglesia eso es un gran pecado,False,[],[],[],0,robar iglesia pecado,"['robar', 'iglesia', 'pecado']",1024,20,Robando en una iglesia eso es un gran pecado,classified,NEG,0.743943452835083,0.22535821795463562,0.030698316171765327,11,False,0.743943452835083,False,-0.7132451366633177,pysentimiento/robertuito-sentiment-analysis,a2cc0f67ebd705c55191e25a05ba23d885fcc09b,15,15,True
n8iP75gIpmw,UgzSu6dFpC7PrEYl7AF4AaABAg,Qué rico come tu diputado,Quorum,UCE4rsXcgDb6e1-a9iTbWzfg,@ErvinLeonardoCarreraLatín,UC9vMq1YF-e7C-VO0SHkbUTA,Este señor le vale cuánto es el valor del almuerzo de un pobre y cuánto gana la población  más pobre,@quorumgt/videos,channel,quorum_complete_comments.csv | youtube_guatemala_plus_comments.csv,/@ErvinLeonardoCarreraLat%C3%ADn,hace 2 años,,0,False,,Este señor le vale cuánto es el valor del almuerzo de un pobre y cuánto gana la población  más pobre                                                                                                                                                                                                                                                                                                                                                                                                                                                                                                                                                                                                                                                                                                                                                                                                                                                                                                                                                            ,False,0,este señor le vale cuánto es el valor del almuerzo de un pobre y cuánto gana la población más pobre,False,[],[],[],0,señor valer valor almuerzo pobre ganar población pobre,"['señor', 'valer', 'valor', 'almuerzo', 'pobre', 'ganar', 'población', 'pobre']",1024,54,Este señor le vale cuánto es el valor del almuerzo de un pobre y cuánto gana la población  más pobre,classified,NEG,0.9328250288963318,0.06085163354873657,0.006323398556560278,23,False,0.9328250288963318,False,-0.9265016303397715,pysentimiento/robertuito-sentiment-analysis,a2cc0f67ebd705c55191e25a05ba23d885fcc09b,0,0,True
6W4u8sGEnGM,UgzT_1dx4pvgJTFMsnZ4AaABAg,Inician los trabajos de recuperación del Puente Belice II.,Gobierno de la República de Guatemala,UC-ZtFBHzgkYFh7whZkuR_Ag,@robertoescobar5507,UCp29O_C7cchZV8IxV7Crdag,"Parafraseando a Bukele, cuando no hay hueveo el pisto alcanza.",Gobierno de la República de Guatemala,topic,youtube_guatemala_plus_comments.csv | youtube_lab_targets_small_comments.csv,/@robertoescobar5507,hace 5 días (editado),,0,False,,"Parafraseando a Bukele, cuando no hay hueveo el pisto alcanza.                                                                                                                                                                                                                                                                                                                                                                                                                                                                                                                                                                                                                                                                                                                                                                                                                                                                                                                                                                                                ",False,0,parafraseando a bukele cuando no hay hueveo el pisto alcanza,False,[],[],[],0,parafrasear bukele hueveo pisto alcanzar,"['parafrasear', 'bukele', 'hueveo', 'pisto', 'alcanzar']",1022,40,"Parafraseando a Bukele, cuando no hay hueveo el pisto alcanza.",classified,NEU,0.23061344027519226,0.6183148622512817,0.15107174217700958,20,False,0.6183148622512817,False,-0.07954169809818268,pysentimiento/robertuito-sentiment-analysis,a2cc0f67ebd705c55191e25a05ba23d885fcc09b,2,2,True
n8iP75gIpmw,UgzTqBd3og9IPuVu3o94AaABAg,Qué rico come tu diputado,Quorum,UCE4rsXcgDb6e1-a9iTbWzfg,@josecarrera9623,UCrJn_rbo_ENAdeqneS-RmRw,se be q ese neri rodas kiere seguir comiendo acostillas de los pobres de guatemala verguenza no conose,@quorumgt/videos,channel,quorum_complete_comments.csv | youtube_guatemala_plus_comments.csv,/@josecarrera9623,hace 2 años,1.0,0,False,,se be q ese neri rodas kiere seguir comiendo acostillas de los pobres de guatemala verguenza no conose                                                                                                                                                                                                                                                                                                                                                                                                                                                                                                                                                                                                                                                                                                                                                                                                                                                                                                                                                          ,True,1,se be q ese neri rodas kiere seguir comiendo acostillas de los pobres de guatemala verguenza no conose,False,[],[],[],0,bir q neri roda kierir seguir comer acostilla pobre guatemala verguenzar cono él,"['bir', 'q', 'neri', 'roda', 'kierir', 'seguir', 'comer', 'acostilla', 'pobre', 'guatemala', 'verguenzar', 'cono él']",1024,80,se be q ese neri rodas kiere seguir comiendo acostillas de los pobres de guatemala verguenza no conose,classified,NEG,0.9419182538986206,0.050210610032081604,0.00787107553333044,25,False,0.9419182538986206,False,-0.9340471783652902,pysentimiento/robertuito-sentiment-analysis,a2cc0f67ebd705c55191e25a05ba23d885fcc09b,0,0,True
ndAZjHqzzT8,UgzU2eLo006-Cz6rYLZ4AaABAg,Internet: escoger el menos malo,Quorum,UCE4rsXcgDb6e1-a9iTbWzfg,@2jose82,UCjJf-AJKRFFWtiN-CSwkDmA,En Tigo tienen una práctica que se llama falla programada y como lo dice el nombre lo hacen para obligar a los a clientes a migrar a nuevos servicios que seguramente podrían llegar a ser más caros o para que paguen x adelantado en el caso del internet residencial sin contrato,@quorumgt/videos,channel,quorum_complete_comments.csv | youtube_guatemala_plus_comments.csv,/@2jose82,hace 1 año,,0,False,,En Tigo tienen una práctica que se llama falla programada y como lo dice el nombre lo hacen para obligar a los a clientes a migrar a nuevos servicios que seguramente podrían llegar a ser más caros o para que paguen x adelantado en el caso del internet residencial sin contrato                                                                                                                                                                                                                                                                                                                                                                                                                                                                                                                                                                                                                                                                                                                                                                            ,False,0,en tigo tienen una práctica que se llama falla programada y como lo dice el nombre lo hacen para obligar a los a clientes a migrar a nuevos servicios que seguramente podrían llegar a ser más caros o para que paguen x adelantado en el caso del internet residencial sin contrato,False,[],[],[],0,tigo práctica llamar falla programado nombre obligar cliente migrar servicio seguramente llegar caro pagar x adelantado caso internet residencial contrato,"['tigo', 'práctica', 'llamar', 'falla', 'programado', 'nombre', 'obligar', 'cliente', 'migrar', 'servicio', 'seguramente', 'llegar', 'caro', 'pagar', 'x', 'adelantado', 'caso', 'internet', 'residencial', 'contrato']",1024,154,En Tigo tienen una práctica que se llama falla programada y como lo dice el nombre lo hacen para obligar a los a clientes a migrar a nuevos servicios que seguramente podrían llegar a ser más caros o para que paguen x adelantado en el caso del internet residencial sin contrato,classified,NEG,0.8759531378746033,0.1204180121421814,0.0036288329865783453,56,False,0.8759531378746033,False,-0.8723243048880249,pysentimiento/robertuito-sentiment-analysis,a2cc0f67ebd705c55191e25a05ba23d885fcc09b,7,7,True
is3Mk5oC19g,UgzVRaRar_M-cPPi92x4AaABAg,Capturan a ladrón que había quedado grabado mientras robaba en una parroquia de Retalhuleu,TN23 Guatemala,UCt5Dw7ePnn0AqPqRF8Xpjkw,@alexmonzon4257,UCBtB5dIyx-C16UN8ClUD2UA,Parece hijo del policia que esta a su lado...,guatemala noticias,topic,youtube_guatemala_comments.csv | youtube_guatemala_plus_comments.csv,/@alexmonzon4257,hace 17 horas,,0,False,,Parece hijo del policia que esta a su lado...                                                                                                                                                                                                                                                                                                                                                                                                                                                                                                                                                                                                                                                                                                                                                                                                                                                                                                                                                                                                                   ,False,0,parece hijo del policia que esta a su lado,False,[],[],[],0,hijo policia,"['hijo', 'policia']",1024,12,Parece hijo del policia que esta a su lado...,classified,NEG,0.5962638854980469,0.3593139052391052,0.044422224164009094,12,False,0.5962638854980469,True,-0.5518416613340378,pysentimiento/robertuito-sentiment-analysis,a2cc0f67ebd705c55191e25a05ba23d885fcc09b,15,15,True
n8iP75gIpmw,UgzVSZ19e2Cc28bFi-94AaABAg,Qué rico come tu diputado,Quorum,UCE4rsXcgDb6e1-a9iTbWzfg,@luisletona2842,UCDUffaruH6dyUnUGwsTKpgg,Pobrecito dipucaco,@quorumgt/videos,channel,quorum_complete_comments.csv | youtube_guatemala_plus_comments.csv,/@luisletona2842,hace 2 años,2.0,0,False,,Pobrecito dipucaco                                                                                                                                                                                                                                                                                                                                                                                                                                                                                                                                                                                                                                                                                                                                                                                                                                                                                                                                                                                                                                              ,True,2,pobrecito dipucaco,False,[],[],[],0,pobrecito dipucaco,"['pobrecito', 'dipucaco']",1024,18,Pobrecito dipucaco,classified,NEG,0.8573841452598572,0.08753231912851334,0.05508352816104889,6,False,0.8573841452598572,False,-0.8023006170988083,pysentimiento/robertuito-sentiment-analysis,a2cc0f67ebd705c55191e25a05ba23d885fcc09b,0,0,True
6W4u8sGEnGM,UgzVsPOuFAogocL8wKB4AaABAg,Inician los trabajos de recuperación del Puente Belice II.,Gobierno de la República de Guatemala,UC-ZtFBHzgkYFh7whZkuR_Ag,@pattyfigueroa5609,UCgGqw4aqMdMVSGkKiMgrJRQ,Interesante 😊 de haya cosas buenas en el país de guatemala.con el puente Belice dos.,Gobierno de la República de Guatemala,topic,youtube_guatemala_plus_comments.csv | youtube_lab_targets_small_comments.csv,/@pattyfigueroa5609,hace 4 días,,0,False,,Interesante 😊 de haya cosas buenas en el país de guatemala.con el puente Belice dos.                                                                                                                                                                                                                                                                                                                                                                                                                                                                                                                                                                                                                                                                                                                                                                                                                                                                                                                                                                           ,False,0,interesante de haya cosas buenas en el país de guatemala con el puente belice dos,False,[],[],['😊'],1,interesante cosa país guatemala puente belice,"['interesante', 'cosa', 'país', 'guatemala', 'puente', 'belice']",1023,45,Interesante  emoji cara feliz con ojos sonrientes emoji  de haya cosas buenas en el país de urln el puente Belice dos.,classified,POS,0.005623918026685715,0.11763186752796173,0.8767442107200623,30,False,0.8767442107200623,False,0.8711202926933765,pysentimiento/robertuito-sentiment-analysis,a2cc0f67ebd705c55191e25a05ba23d885fcc09b,2,2,True
j43HgwYFKfk,UgzWNBqTQMz8ba4pbUd4AaABAg,La cooptación de Walter Mazariegos en la USAC,Quorum,UCE4rsXcgDb6e1-a9iTbWzfg,@RauldejesusOlivagonzalez,UC32oozucwCF3q8d4m8fyOUg,La pregunta  es.quetanto poder tiene ese delicuente de. Masariego  porque es impone ese indibidodespierte amigo unibersitarios que pasa,@quorumgt/videos,channel,quorum_complete_comments.csv | youtube_guatemala_plus_comments.csv,/@RauldejesusOlivagonzalez,hace 6 meses,,0,False,,La pregunta  es.quetanto poder tiene ese delicuente de. Masariego  porque es impone ese indibidodespierte amigo unibersitarios que pasa                                                                                                                                                                                                                                                                                                                                                                                                                                                                                                                                                                                                                                                                                                                                                                                                                                                                                                                         ,False,0,la pregunta es quetanto poder tiene ese delicuente de masariego porque es impone ese indibidodespierte amigo unibersitarios que pasa,False,[],[],[],0,pregunta quetanto delicuente masariego imponer indibidodespierte amigo unibersitario pasar,"['pregunta', 'quetanto', 'delicuente', 'masariego', 'imponer', 'indibidodespierte', 'amigo', 'unibersitario', 'pasar']",1024,90,La pregunta  es.quetanto poder tiene ese delicuente de. Masariego  porque es impone ese indibidodespierte amigo unibersitarios que pasa,classified,NEG,0.8749881982803345,0.11868889629840851,0.006322889123111963,34,False,0.8749881982803345,False,-0.8686653091572225,pysentimiento/robertuito-sentiment-analysis,a2cc0f67ebd705c55191e25a05ba23d885fcc09b,1,1,True
n8iP75gIpmw,UgzWNJK42U_F1IKlwwh4AaABAg,Qué rico come tu diputado,Quorum,UCE4rsXcgDb6e1-a9iTbWzfg,@davidgaher9550,UCvApqeCbLod-wejtT4CcVuA,"Prepotente todavía, ni vergüenza tienen, gastar como no les cuesta nada deberían pagarlo con sus propio sueldo",@quorumgt/videos,channel,quorum_complete_comments.csv | youtube_guatemala_plus_comments.csv,/@davidgaher9550,hace 2 años,15.0,0,False,,"Prepotente todavía, ni vergüenza tienen, gastar como no les cuesta nada deberían pagarlo con sus propio sueldo                                                                                                                                                                                                                                                                                                                                                                                                                                                                                                                                                                                                                                                                                                                                                                                                                                                                                                                                                ",True,15,prepotente todavía ni vergüenza tienen gastar como no les cuesta nada deberían pagarlo con sus propio sueldo,False,[],[],[],0,prepotente vergüenza gastar costar deber pagar él sueldo,"['prepotente', 'vergüenza', 'gastar', 'costar', 'deber', 'pagar él', 'sueldo']",1022,56,"Prepotente todavía, ni vergüenza tienen, gastar como no les cuesta nada deberían pagarlo con sus propio sueldo",classified,NEG,0.9662943482398987,0.025103505700826645,0.008602139540016651,22,False,0.9662943482398987,False,-0.957692208699882,pysentimiento/robertuito-sentiment-analysis,a2cc0f67ebd705c55191e25a05ba23d885fcc09b,0,0,True
JkpVO1hx2f8,UgzWs20muY6Ghm9Z7094AaABAg,10 Preguntas a un año del Paro Nacional,Quorum,UCE4rsXcgDb6e1-a9iTbWzfg,@noemiherrera3152,UCHGd14aYuZZShLD73dkk6mg,Fue emocionante! ❤🥹,@quorumgt/videos,channel,quorum_complete_comments.csv | youtube_guatemala_plus_comments.csv,/@noemiherrera3152,hace 1 año,,0,False,,Fue emocionante! ❤🥹                                                                                                                                                                                                                                                                                                                                                                                                                                                                                                                                                                                                                                                                                                                                                                                                                                                                                                                                                                                                                                            ,False,0,fue emocionante,False,[],[],"['❤', '🥹']",2,emocionante,['emocionante'],1023,11,Fue emocionante!  emoji cara aguantándose las lágrimas emoji,classified,POS,0.04664463549852371,0.19163566827774048,0.7617197036743164,16,False,0.7617197036743164,False,0.7150750681757927,pysentimiento/robertuito-sentiment-analysis,a2cc0f67ebd705c55191e25a05ba23d885fcc09b,10,10,True
n8iP75gIpmw,UgzXDN6uNEworKy3uqZ4AaABAg,Qué rico come tu diputado,Quorum,UCE4rsXcgDb6e1-a9iTbWzfg,@JavierBecerra-h6x,UCiMythXHsw7eQEMykCdmMUA,"Con la venta de fertilizantes se repone todo lo gastado y queda ganancia todavía, dice que tiene 40 agroservicios.",@quorumgt/videos,channel,quorum_complete_comments.csv | youtube_guatemala_plus_comments.csv,/@JavierBecerra-h6x,hace 2 años,2.0,0,False,,"Con la venta de fertilizantes se repone todo lo gastado y queda ganancia todavía, dice que tiene 40 agroservicios.                                                                                                                                                                                                                                                                                                                                                                                                                                                                                                                                                                                                                                                                                                                                                                                                                                                                                                                                            ",True,2,con la venta de fertilizantes se repone todo lo gastado y queda ganancia todavía dice que tiene agroservicios,False,[],[],[],0,venta fertilizant reponer gastado quedar ganancia agroservicio,"['venta', 'fertilizant', 'reponer', 'gastado', 'quedar', 'ganancia', 'agroservicio']",1022,62,"Con la venta de fertilizantes se repone todo lo gastado y queda ganancia todavía, dice que tiene 40 agroservicios.",classified,NEU,0.023087650537490845,0.6439626812934875,0.3329496681690216,32,False,0.6439626812934875,False,0.30986201763153076,pysentimiento/robertuito-sentiment-analysis,a2cc0f67ebd705c55191e25a05ba23d885fcc09b,0,0,True
j43HgwYFKfk,UgzYz6n8mPI0dBWsP2h4AaABAg,La cooptación de Walter Mazariegos en la USAC,Quorum,UCE4rsXcgDb6e1-a9iTbWzfg,@Tommii.10,UC-fiZBS5Gp1eCJd9ucgWnCg,Hay que sacar a como de lugar a estos 37 miembros del consejo que cumplieron su tiempo y colocar una denuncia penal contra estos que están usurpado los cargos en el CSU,@quorumgt,topic,j43HgwYFKfk_out_comments.csv | quorum_complete_comments.csv | youtube_guatemala_plus_comments.csv,/@Tommii.10,hace 1 año,6.0,0,False,,Hay que sacar a como de lugar a estos 37 miembros del consejo que cumplieron su tiempo y colocar una denuncia penal contra estos que están usurpado los cargos en el CSU                                                                                                                                                                                                                                                                                                                                                                                                                                                                                                                                                                                                                                                                                                                                                                                                                                                                                        ,True,6,hay que sacar a como de lugar a estos miembros del consejo que cumplieron su tiempo y colocar una denuncia penal contra estos que están usurpado los cargos en el csu,False,[],[],[],0,sacar lugar miembro consejo cumplir tiempo colocar denuncia penal usurpar cargo csu,"['sacar', 'lugar', 'miembro', 'consejo', 'cumplir', 'tiempo', 'colocar', 'denuncia', 'penal', 'usurpar', 'cargo', 'csu']",1024,83,Hay que sacar a como de lugar a estos 37 miembros del consejo que cumplieron su tiempo y colocar una denuncia penal contra estos que están usurpado los cargos en el CSU,classified,NEG,0.5209766030311584,0.43403351306915283,0.04498995095491409,37,False,0.5209766030311584,True,-0.47598665207624435,pysentimiento/robertuito-sentiment-analysis,a2cc0f67ebd705c55191e25a05ba23d885fcc09b,1,1,True
b_Hkrkl3adA,UgzZMPOIKJlwEpgh7zd4AaABAg,Bloqueos en Guatemala este 31 de agosto por alza en combustibles afectan rutas principales,PrensaLibreOficial,UCEepOY2svuxbsJ-zsAPT9Fg,@lazarochavez8269,UC5PrBbmUlQolwqmiru7yZhw,Porque estan aciendo protestas si la gasolina aun subira mas de precio yo claro les edicho que si Nosotros perdemos la guerra Con Irán 🇮🇷 ustedes países como Mexico Guatemala todos los países del mundo 🌎no podrán comprar gasolina porque el galón subira $10. por galón cuánto es esto en tu país es mucho dinero saludos desde mi hermoso país 🇺🇸🇺🇸💵🦅🇺🇸🇺🇸♥️,guatemala noticias,topic,debug_comments_fixed2_comments.csv | youtube_guatemala_comments.csv | youtube_guatemala_plus_comments.csv,/@lazarochavez8269,hace 5 horas,,1,False,,Porque estan aciendo protestas si la gasolina aun subira mas de precio yo claro les edicho que si Nosotros perdemos la guerra Con Irán 🇮🇷 ustedes países como Mexico Guatemala todos los países del mundo 🌎no podrán comprar gasolina porque el galón subira $10. por galón cuánto es esto en tu país es mucho dinero saludos desde mi hermoso país 🇺🇸🇺🇸💵🦅🇺🇸🇺🇸♥️                                                                                                                                                                                                                                                                                                                                                                                                                                                                                                                                                                                                                                                                                    ,False,0,porque estan aciendo protestas si la gasolina aun subira mas de precio yo claro les edicho que si nosotros perdemos la guerra con irán ustedes países como mexico guatemala todos los países del mundo no podrán comprar gasolina porque el galón subira por galón cuánto es esto en tu país es mucho dinero saludos desde mi hermoso país,False,[],[],"['🇮🇷', '🌎', '🇺🇸', '🇺🇸', '💵', '🦅', '🇺🇸', '🇺🇸', '♥️']",9,aceir protesta gasolina subirar precio edecir perder guerra irán país mexico guatemala país mundo comprar gasolina galón subira galón país dinero saludo hermoso país,"['aceir', 'protesta', 'gasolina', 'subirar', 'precio', 'edecir', 'perder', 'guerra', 'irán', 'país', 'mexico', 'guatemala', 'país', 'mundo', 'comprar', 'gasolina', 'galón', 'subira', 'galón', 'país', 'dinero', 'saludo', 'hermoso', 'país']",1012,165,Porque estan aciendo protestas si la gasolina aun subira mas de precio yo claro les edicho que si Nosotros perdemos la guerra Con Irán  emoji bandera irán emoji  ustedes países como Mexico Guatemala todos los países del mundo  emoji globo terráqueo mostrando américa emoji no podrán comprar gasolina porque el galón subira $10. por galón cuánto es esto en tu país es mucho dinero saludos desde mi hermoso país  emoji bandera estados unidos emoji  emoji bandera estados unidos emoji  emoji billete de dólar emoji  emoji águila emoji  emoji bandera estados unidos emoji  emoji bandera estados unidos emoji  emoji corazón rojo emoji,classified,NEG,0.78279048204422,0.20706278085708618,0.010146821849048138,138,True,0.78279048204422,False,-0.7726436601951718,pysentimiento/robertuito-sentiment-analysis,a2cc0f67ebd705c55191e25a05ba23d885fcc09b,8,8,True
b_Hkrkl3adA,UgzZMPOIKJlwEpgh7zd4AaABAg.AaB6SZj2UadAaBRkGrUAJI,Bloqueos en Guatemala este 31 de agosto por alza en combustibles afectan rutas principales,PrensaLibreOficial,UCEepOY2svuxbsJ-zsAPT9Fg,@CelestinoQuej-j7k,UC094EFEmMSdwVa8NQjjYBXg,Pero ay que entender esta a 10 o un poco MAs de impuesto x galon en en Guatemala,guatemala noticias,topic,debug_comments_fixed2_comments.csv | youtube_guatemala_comments.csv | youtube_guatemala_plus_comments.csv,/@CelestinoQuej-j7k,hace 2 horas,,0,False,,Pero ay que entender esta a 10 o un poco MAs de impuesto x galon en en Guatemala                                                                                                                                                                                                                                                                                                                                                                                                                                                                                                                                                                                                                                                                                                                                                                                                                                                                                                                                                                                ,False,0,pero ay que entender esta a o un poco mas de impuesto x galon en en guatemala,False,[],[],[],0,ay entender impuesto x galon guatemala,"['ay', 'entender', 'impuesto', 'x', 'galon', 'guatemala']",1024,38,Pero ay que entender esta a 10 o un poco MAs de impuesto x galon en en Guatemala,classified,NEU,0.18777509033679962,0.7816064953804016,0.030618418008089066,21,False,0.7816064953804016,False,-0.15715667232871056,pysentimiento/robertuito-sentiment-analysis,a2cc0f67ebd705c55191e25a05ba23d885fcc09b,8,8,True
b_Hkrkl3adA,UgzZMPOIKJlwEpgh7zd4AaABAg.AaB6SZj2UadAaCH5adXxCo,Bloqueos en Guatemala este 31 de agosto por alza en combustibles afectan rutas principales,PrensaLibreOficial,UCEepOY2svuxbsJ-zsAPT9Fg,@JoséLopez-g6k,UCGm3gRBEHGRJYmtCryZLtDw,Pues  dile a tu presidente que deje de andar haciendo guerra a lo baboseo .,guatemala noticias,topic,youtube_guatemala_comments.csv | youtube_guatemala_plus_comments.csv,/@Jos%C3%A9Lopez-g6k,hace 13 horas,,0,False,,Pues  dile a tu presidente que deje de andar haciendo guerra a lo baboseo .                                                                                                                                                                                                                                                                                                                                                                                                                                                                                                                                                                                                                                                                                                                                                                                                                                                                                                                                                                                     ,False,0,pues dile a tu presidente que deje de andar haciendo guerra a lo baboseo,False,[],[],[],0,dile presidente dejar andar guerra baboseo,"['dile', 'presidente', 'dejar', 'andar', 'guerra', 'baboseo']",1024,42,Pues  dile a tu presidente que deje de andar haciendo guerra a lo baboseo .,classified,NEG,0.8569008111953735,0.10553326457738876,0.037565991282463074,20,False,0.8569008111953735,False,-0.8193348199129105,pysentimiento/robertuito-sentiment-analysis,a2cc0f67ebd705c55191e25a05ba23d885fcc09b,8,8,True
lj983NWyAQY,UgzZc-W-gVj1t4SXc-54AaABAg,Plan 2032 Ciudad de Guatemala,Municipalidad de Guatemala,UCXa6LVjBzUtmcM3cwbd9e2w,@kingr4706,UCwUAv3_LpWVtTIi7lkmTL7A,"Sería muy bueno que hicieran eso, y que también mejoren muchas cosas no solo en la capital. Ojalá antes lo hagan.
                                                                                                                                                                                                                                                                                               Vamos Guate, saldremos adelante con pasos pequeño pero firmes 🇬🇹❤️🇬🇹",Municipalidad de Guatemala,topic,lj983NWyAQY_out_comments.csv | youtube_guatemala_plus_comments.csv,/@kingr4706,hace 6 años,16.0,0,False,,"Sería muy bueno que hicieran eso, y que también mejoren muchas cosas no solo en la capital. Ojalá antes lo hagan.
                                                                                                                                                                                                                                                                                               Vamos Guate, saldremos adelante con pasos pequeño pero firmes 🇬🇹❤️🇬🇹                                                                                                                                                                                                                                                                                                                                                                                                                                                                                                                                                                                                                                                                                                                                                                                                                                                                                                                                                                                        ",True,16,sería muy bueno que hicieran eso y que también mejoren muchas cosas no solo en la capital ojalá antes lo hagan vamos guate saldremos adelante con pasos pequeño pero firmes,False,[],[],"['🇬🇹', '❤️', '🇬🇹']",3,hacer mejorar cosa capital ojalá hacer guate salir paso pequeño firme,"['hacer', 'mejorar', 'cosa', 'capital', 'ojalá', 'hacer', 'guate', 'salir', 'paso', 'pequeño', 'firme']",1422,69,"Sería muy bueno que hicieran eso, y que también mejoren muchas cosas no solo en la capital. Ojalá antes lo hagan.
   Vamos Guate, saldremos adelante con pasos pequeño pero firmes  emoji bandera guatemala emoji  emoji bandera guatemala emoji",classified,POS,0.0257488451898098,0.30688852071762085,0.667362630367279,53,False,0.667362630367279,False,0.6416137851774693,pysentimiento/robertuito-sentiment-analysis,a2cc0f67ebd705c55191e25a05ba23d885fcc09b,3,3,True
n8iP75gIpmw,UgzaTUgOy4ekC0xQoFt4AaABAg,Qué rico come tu diputado,Quorum,UCE4rsXcgDb6e1-a9iTbWzfg,@ManuelEdran,UC5H8ASmMC9WrURmzeB4ySog,Es su obligacion trabajar...no se aproveche,@quorumgt/videos,channel,quorum_complete_comments.csv | youtube_guatemala_plus_comments.csv,/@ManuelEdran,hace 2 años,1.0,0,False,,Es su obligacion trabajar...no se aproveche                                                                                                                                                                                                                                                                                                                                                                                                                                                                                                                                                                                                                                                                                                                                                                                                                                                                                                                                                                                                                     ,True,1,es su obligacion trabajar no se aproveche,False,[],[],[],0,obligacion trabajar aprovechar,"['obligacion', 'trabajar', 'aprovechar']",1024,30,Es su obligacion trabajar...no se aproveche,classified,NEU,0.3261435627937317,0.6006972193717957,0.07315921038389206,10,False,0.6006972193717957,False,-0.25298435240983963,pysentimiento/robertuito-sentiment-analysis,a2cc0f67ebd705c55191e25a05ba23d885fcc09b,0,0,True
ndAZjHqzzT8,UgzaWev1Ju6338Y7Ehl4AaABAg,Internet: escoger el menos malo,Quorum,UCE4rsXcgDb6e1-a9iTbWzfg,@allanreneramirezgonzalez534,UC5wuDq3U3vRAhOQI3D7gNdw,"Excelente informacion, me suscribí al canal por una publicacion en FB",@quorumgt/videos,channel,quorum_complete_comments.csv | youtube_guatemala_plus_comments.csv,/@allanreneramirezgonzalez534,hace 2 años,2.0,1,False,,"Excelente informacion, me suscribí al canal por una publicacion en FB                                                                                                                                                                                                                                                                                                                                                                                                                                                                                                                                                                                                                                                                                                                                                                                                                                                                                                                                                                                         ",True,2,excelente informacion me suscribí al canal por una publicacion en fb,False,[],[],[],0,excelente informacion suscribir canal publicacion fb,"['excelente', 'informacion', 'suscribir', 'canal', 'publicacion', 'fb']",1022,52,"Excelente informacion, me suscribí al canal por una publicacion en FB",classified,POS,0.006266359239816666,0.17094427347183228,0.8227894306182861,17,False,0.8227894306182861,False,0.8165230713784695,pysentimiento/robertuito-sentiment-analysis,a2cc0f67ebd705c55191e25a05ba23d885fcc09b,7,7,True
ndAZjHqzzT8,UgzaWev1Ju6338Y7Ehl4AaABAg.A3Wof66r37mA3WrEtkJyep,Internet: escoger el menos malo,Quorum,UCE4rsXcgDb6e1-a9iTbWzfg,@hashojea7348,UCvcu1kR8xMYy_I1Ty-2mV2Q,Me pasó,@quorumgt/videos,channel,quorum_complete_comments.csv | youtube_guatemala_plus_comments.csv,/@hashojea7348,hace 2 años,,0,False,,Me pasó                                                                                                                                                                                                                                                                                                                                                                                                                                                                                                                                                                                                                                                                                                                                                                                                                                                                                                                                                                                                                                                         ,False,0,me pasó,False,[],[],[],0,pasar,['pasar'],1024,5,Me pasó,classified,NEU,0.35225436091423035,0.528963565826416,0.11878203600645065,4,False,0.528963565826416,True,-0.2334723249077797,pysentimiento/robertuito-sentiment-analysis,a2cc0f67ebd705c55191e25a05ba23d885fcc09b,7,7,True
n8iP75gIpmw,Ugzb66mq9Rv0T7aalfJ4AaABAg,Qué rico come tu diputado,Quorum,UCE4rsXcgDb6e1-a9iTbWzfg,@MrDuenderojo,UCXXh7yg5KUFIWylTiKVEFKQ,El poeta de el diablo el portillo... y no que muy honesto el pastorcito  pues......,@quorumgt/videos,channel,quorum_complete_comments.csv | youtube_guatemala_plus_comments.csv,/@MrDuenderojo,hace 2 años,1.0,0,False,,El poeta de el diablo el portillo... y no que muy honesto el pastorcito  pues......                                                                                                                                                                                                                                                                                                                                                                                                                                                                                                                                                                                                                                                                                                                                                                                                                                                                                                                                                                             ,True,1,el poeta de el diablo el portillo y no que muy honesto el pastorcito pues,False,[],[],[],0,poeta diablo portillo honesto pastorcito,"['poeta', 'diablo', 'portillo', 'honesto', 'pastorcito']",1024,40,El poeta de el diablo el portillo... y no que muy honesto el pastorcito  pues...,classified,NEG,0.6570687890052795,0.268017441034317,0.07491372525691986,21,False,0.6570687890052795,False,-0.5821550637483597,pysentimiento/robertuito-sentiment-analysis,a2cc0f67ebd705c55191e25a05ba23d885fcc09b,0,0,True
n8iP75gIpmw,UgzcJTEHjaN8bEV8Hfd4AaABAg,Qué rico come tu diputado,Quorum,UCE4rsXcgDb6e1-a9iTbWzfg,@marioajset4283,UC3XTwHxygNCgjndsg-UiCQA,"Julio Héctor Estrada, que triste que inconsciencia.",@quorumgt/videos,channel,quorum_complete_comments.csv | youtube_guatemala_plus_comments.csv,/@marioajset4283,hace 2 años,1.0,0,False,,"Julio Héctor Estrada, que triste que inconsciencia.                                                                                                                                                                                                                                                                                                                                                                                                                                                                                                                                                                                                                                                                                                                                                                                                                                                                                                                                                                                                           ",True,1,julio héctor estrada que triste que inconsciencia,False,[],[],[],0,julio héctor estrado tristir inconscienciar,"['julio', 'héctor', 'estrado', 'tristir', 'inconscienciar']",1022,43,"Julio Héctor Estrada, que triste que inconsciencia.",classified,NEG,0.9800772070884705,0.015663351863622665,0.004259472247213125,12,False,0.9800772070884705,False,-0.9758177348412573,pysentimiento/robertuito-sentiment-analysis,a2cc0f67ebd705c55191e25a05ba23d885fcc09b,0,0,True
n8iP75gIpmw,UgzcVyiuFGJ0Yv0C4Zt4AaABAg,Qué rico come tu diputado,Quorum,UCE4rsXcgDb6e1-a9iTbWzfg,@nestorlorenzana1168,UCsJJAvrVGupdmhOqgtDp8dg,Mentiras los diputados no ganan Q25mil......Ellos ganan Q45mil....no sea mentiroso,@quorumgt/videos,channel,quorum_complete_comments.csv | youtube_guatemala_plus_comments.csv,/@nestorlorenzana1168,hace 2 años,1.0,0,False,,Mentiras los diputados no ganan Q25mil......Ellos ganan Q45mil....no sea mentiroso                                                                                                                                                                                                                                                                                                                                                                                                                                                                                                                                                                                                                                                                                                                                                                                                                                                                                                                                                                              ,True,1,mentiras los diputados no ganan q mil ellos ganan q mil no sea mentiroso,False,[],[],[],0,mentira diputado ganar q mil ganar q mil mentiroso,"['mentira', 'diputado', 'ganar', 'q', 'mil', 'ganar', 'q', 'mil', 'mentiroso']",1024,50,Mentiras los diputados no ganan Q25mil...Ellos ganan Q45mil...no sea mentiroso,classified,NEG,0.6038219332695007,0.3526935875415802,0.04348454996943474,19,False,0.6038219332695007,False,-0.560337383300066,pysentimiento/robertuito-sentiment-analysis,a2cc0f67ebd705c55191e25a05ba23d885fcc09b,0,0,True
n8iP75gIpmw,Ugzd2CVlJWOmHWBPSkN4AaABAg,Qué rico come tu diputado,Quorum,UCE4rsXcgDb6e1-a9iTbWzfg,@MegaKristenstewart,UCQ_-LPP8JAbfkc-b1Q6NvWw,Diputados ladrones sin verguenza por eso guate nunca va salir adelante que pena.,@quorumgt/videos,channel,quorum_complete_comments.csv | youtube_guatemala_plus_comments.csv,/@MegaKristenstewart,hace 2 años,,0,False,,Diputados ladrones sin verguenza por eso guate nunca va salir adelante que pena.                                                                                                                                                                                                                                                                                                                                                                                                                                                                                                                                                                                                                                                                                                                                                                                                                                                                                                                                                                                ,False,0,diputados ladrones sin verguenza por eso guate nunca va salir adelante que pena,False,[],[],[],0,diputado ladrón verguenza guatar salir penar,"['diputado', 'ladrón', 'verguenza', 'guatar', 'salir', 'penar']",1024,44,Diputados ladrones sin verguenza por eso guate nunca va salir adelante que pena.,classified,NEG,0.9763292074203491,0.016544479876756668,0.007126285694539547,15,False,0.9763292074203491,False,-0.9692029217258096,pysentimiento/robertuito-sentiment-analysis,a2cc0f67ebd705c55191e25a05ba23d885fcc09b,0,0,True
n8iP75gIpmw,UgzeCbhVJhOJATewi5J4AaABAg,Qué rico come tu diputado,Quorum,UCE4rsXcgDb6e1-a9iTbWzfg,@JosueRamirez-ey3ih,UCtNfIBnc5S5DbbQj_yxgJTw,Mantenidos,@quorumgt/videos,channel,quorum_complete_comments.csv | youtube_guatemala_plus_comments.csv,/@JosueRamirez-ey3ih,hace 2 años,1.0,0,False,,Mantenidos                                                                                                                                                                                                                                                                                                                                                                                                                                                                                                                                                                                                                                                                                                                                                                                                                                                                                                                                                                                                                                                      ,True,1,mantenidos,False,[],[],[],0,mantenido,['mantenido'],1024,9,Mantenidos,classified,NEU,0.4305973947048187,0.47023120522499084,0.09917139261960983,4,False,0.47023120522499084,True,-0.3314260020852089,pysentimiento/robertuito-sentiment-analysis,a2cc0f67ebd705c55191e25a05ba23d885fcc09b,0,0,True
6W4u8sGEnGM,UgzfLTatI6lJD6Z_u_94AaABAg,Inician los trabajos de recuperación del Puente Belice II.,Gobierno de la República de Guatemala,UC-ZtFBHzgkYFh7whZkuR_Ag,@AlbertoMancilla-p9h,UC-Iul5tDYH_oiAMXQH-KaaQ,Wooooooooooooooooooooooooow calidad va llegará el tren asta izabal puerto Barrios el Atlántico y pacifico va ser súper lindo proyecto va ver mucho trabajo en el país saludos desde USA 🇺🇸 🎉,Gobierno de la República de Guatemala,topic,youtube_guatemala_plus_comments.csv | youtube_lab_targets_small_comments.csv,/@AlbertoMancilla-p9h,hace 6 días,1.0,0,False,,Wooooooooooooooooooooooooow calidad va llegará el tren asta izabal puerto Barrios el Atlántico y pacifico va ser súper lindo proyecto va ver mucho trabajo en el país saludos desde USA 🇺🇸 🎉                                                                                                                                                                                                                                                                                                                                                                                                                                                                                                                                                                                                                                                                                                                                                                                                                                                                 ,True,1,wooooooooooooooooooooooooow calidad va llegará el tren asta izabal puerto barrios el atlántico y pacifico va ser súper lindo proyecto va ver mucho trabajo en el país saludos desde usa,False,[],[],"['🇺🇸', '🎉']",2,wooooooooooooooooooooooooow calidad llegar tren asta izabal puerto barrio atlántico pacifico súper lindo proyecto trabajo país saludo,"['wooooooooooooooooooooooooow', 'calidad', 'llegar', 'tren', 'asta', 'izabal', 'puerto', 'barrio', 'atlántico', 'pacifico', 'súper', 'lindo', 'proyecto', 'trabajo', 'país', 'saludo']",1021,133,Wooow calidad va llegará el tren asta izabal puerto Barrios el Atlántico y pacifico va ser súper lindo proyecto va ver mucho trabajo en el país saludos desde USA  emoji bandera estados unidos emoji   emoji cañón de confeti emoji,classified,POS,0.0050194840878248215,0.07031495124101639,0.924665629863739,52,False,0.924665629863739,False,0.9196461457759142,pysentimiento/robertuito-sentiment-analysis,a2cc0f67ebd705c55191e25a05ba23d885fcc09b,2,2,True
WIUZtitfLRw,UgzfXuFsM8L3Qt6qWJV4AaABAg,Caminar en una ciudad hecha para carros,Quorum,UCE4rsXcgDb6e1-a9iTbWzfg,@ZabalaXabier,UCyW68EGZey4ao_Vf2cR5Ztg,"Y los popos por las calles, humanos y de perros principalmente, nadie los limpia, un problema de seguridad vial y de salud pública. Hay que hacer algo más por los peatones.",@quorumgt/videos,channel,quorum_complete_comments.csv | youtube_guatemala_plus_comments.csv,/@ZabalaXabier,hace 1 año,,0,False,,"Y los popos por las calles, humanos y de perros principalmente, nadie los limpia, un problema de seguridad vial y de salud pública. Hay que hacer algo más por los peatones.                                                                                                                                                                                                                                                                                                                                                                                                                                                                                                                                                                                                                                                                                                                                                                                                                                                                                  ",False,0,y los popos por las calles humanos y de perros principalmente nadie los limpia un problema de seguridad vial y de salud pública hay que hacer algo más por los peatones,False,[],[],[],0,popo calle humano perro principalmente limpia problema seguridad vial salud público peatón,"['popo', 'calle', 'humano', 'perro', 'principalmente', 'limpia', 'problema', 'seguridad', 'vial', 'salud', 'público', 'peatón']",1022,90,"Y los popos por las calles, humanos y de perros principalmente, nadie los limpia, un problema de seguridad vial y de salud pública. Hay que hacer algo más por los peatones.",classified,NEG,0.9561845660209656,0.037224434316158295,0.006591003388166428,37,False,0.9561845660209656,False,-0.9495935626327991,pysentimiento/robertuito-sentiment-analysis,a2cc0f67ebd705c55191e25a05ba23d885fcc09b,7,7,True
OkXlHx0hx-8,Ugzfc9D5wlSKYgY5Jrh4AaABAg,EE.UU. envía a mexicanos deportados a Guatemala antes de su regreso a México | Noticias Telemundo,Noticias Telemundo,UCRwA1NUcUnwsly35ikGhp0A,@MariaNavarroYT,UCZjm6U576nX8WOiLhmMR3bw,Cuantas maldad😢😢😢,guatemala noticias,topic,youtube_guatemala_comments.csv | youtube_guatemala_plus_comments.csv,/@MariaNavarroYT,hace 1 día,3.0,1,False,,Cuantas maldad😢😢😢                                                                                                                                                                                                                                                                                                                                                                                                                                                                                                                                                                                                                                                                                                                                                                                                                                                                                                                                                                                                                                            ,True,3,cuantas maldad,False,[],[],"['😢', '😢', '😢']",3,maldad,['maldad'],1021,6,Cuantas maldad emoji cara llorando emoji  emoji cara llorando emoji  emoji cara llorando emoji,classified,NEG,0.7651814222335815,0.2174755334854126,0.017343077808618546,24,False,0.7651814222335815,False,-0.747838344424963,pysentimiento/robertuito-sentiment-analysis,a2cc0f67ebd705c55191e25a05ba23d885fcc09b,5,5,True
OkXlHx0hx-8,Ugzfc9D5wlSKYgY5Jrh4AaABAg.Aa9bbFyRF_AAaB_C3DtL_L,EE.UU. envía a mexicanos deportados a Guatemala antes de su regreso a México | Noticias Telemundo,Noticias Telemundo,UCRwA1NUcUnwsly35ikGhp0A,@eugeneramirez4405,UCi2KiZq63sRq8Mfbcp-MelQ,Mexico deports people all the time! So. Why is this different??,guatemala noticias,topic,youtube_guatemala_comments.csv | youtube_guatemala_plus_comments.csv,/@eugeneramirez4405,hace 20 horas,1.0,0,False,,Mexico deports people all the time! So. Why is this different??                                                                                                                                                                                                                                                                                                                                                                                                                                                                                                                                                                                                                                                                                                                                                                                                                                                                                                                                                                                                 ,True,1,mexico deports people all the time so why is this different,False,[],[],[],0,mexico deports peoplir all the time so why is this different,"['mexico', 'deports', 'peoplir', 'all', 'the', 'time', 'so', 'why', 'is', 'this', 'different']",1024,60,Mexico deports people all the time! So. Why is this different??,classified,NEG,0.8806573152542114,0.09981248527765274,0.019530219957232475,17,False,0.8806573152542114,False,-0.861127095296979,pysentimiento/robertuito-sentiment-analysis,a2cc0f67ebd705c55191e25a05ba23d885fcc09b,5,5,True
j43HgwYFKfk,Ugzhc5zg6rDOR3ltTAZ4AaABAg,La cooptación de Walter Mazariegos en la USAC,Quorum,UCE4rsXcgDb6e1-a9iTbWzfg,@javiercifuentesarchila6041,UC_LYoGs5C3mbZKZuKuqYCvw,Gracias por explicarlo!,@quorumgt,topic,j43HgwYFKfk_out_comments.csv | quorum_complete_comments.csv | youtube_guatemala_plus_comments.csv,/@javiercifuentesarchila6041,hace 1 año,7.0,0,False,,Gracias por explicarlo!                                                                                                                                                                                                                                                                                                                                                                                                                                                                                                                                                                                                                                                                                                                                                                                                                                                                                                                                                                                                                                         ,True,7,gracias por explicarlo,False,[],[],[],0,gracias explicar él,"['gracias', 'explicar él']",1024,19,Gracias por explicarlo!,classified,POS,0.030125821009278297,0.2464640885591507,0.7234100699424744,6,False,0.7234100699424744,False,0.6932842489331961,pysentimiento/robertuito-sentiment-analysis,a2cc0f67ebd705c55191e25a05ba23d885fcc09b,1,1,True
6W4u8sGEnGM,UgzhjFXjeUslGQMZ7KB4AaABAg,Inician los trabajos de recuperación del Puente Belice II.,Gobierno de la República de Guatemala,UC-ZtFBHzgkYFh7whZkuR_Ag,@BernerSoza-mg3vx,UCRfkkatKrNtAARnXMMYBGlA,Que se termine la corrupcion para construier obras como estas  correjir el pais mano dura,Gobierno de la República de Guatemala,topic,youtube_guatemala_plus_comments.csv | youtube_lab_targets_small_comments.csv,/@BernerSoza-mg3vx,hace 5 días,,0,False,,Que se termine la corrupcion para construier obras como estas  correjir el pais mano dura                                                                                                                                                                                                                                                                                                                                                                                                                                                                                                                                                                                                                                                                                                                                                                                                                                                                                                                                                                       ,False,0,que se termine la corrupcion para construier obras como estas correjir el pais mano dura,False,[],[],[],0,terminar corrupcion construier obra correjir pais mano duro,"['terminar', 'corrupcion', 'construier', 'obra', 'correjir', 'pais', 'mano', 'duro']",1024,59,Que se termine la corrupcion para construier obras como estas  correjir el pais mano dura,classified,NEG,0.7939881682395935,0.17382851243019104,0.03218330442905426,21,False,0.7939881682395935,False,-0.7618048638105392,pysentimiento/robertuito-sentiment-analysis,a2cc0f67ebd705c55191e25a05ba23d885fcc09b,2,2,True
n8iP75gIpmw,UgzhtSisQXcyX7bqkzB4AaABAg,Qué rico come tu diputado,Quorum,UCE4rsXcgDb6e1-a9iTbWzfg,@oswaldosolis8728,UCA93ym2TXs_Ibyxb4Vcn-6Q,"Tiene razón el diputado, le dan importancia a babosaditas",@quorumgt/videos,channel,quorum_complete_comments.csv | youtube_guatemala_plus_comments.csv,/@oswaldosolis8728,hace 2 años,,0,False,,"Tiene razón el diputado, le dan importancia a babosaditas                                                                                                                                                                                                                                                                                                                                                                                                                                                                                                                                                                                                                                                                                                                                                                                                                                                                                                                                                                                                     ",False,0,tiene razón el diputado le dan importancia a babosaditas,False,[],[],[],0,razón diputado importancia babosadita,"['razón', 'diputado', 'importancia', 'babosadita']",1022,37,"Tiene razón el diputado, le dan importancia a babosaditas",classified,NEG,0.9514305591583252,0.03648282587528229,0.012086666189134121,14,False,0.9514305591583252,False,-0.9393438929691911,pysentimiento/robertuito-sentiment-analysis,a2cc0f67ebd705c55191e25a05ba23d885fcc09b,0,0,True
n8iP75gIpmw,Ugzi82q6lRyjtKUL5lV4AaABAg,Qué rico come tu diputado,Quorum,UCE4rsXcgDb6e1-a9iTbWzfg,@Aura-vf6dm,UCAmtbUiIrUIhikru0ZoTFig,SON CÍNICOS,@quorumgt/videos,channel,quorum_complete_comments.csv | youtube_guatemala_plus_comments.csv,/@Aura-vf6dm,hace 2 años,7.0,0,False,,SON CÍNICOS                                                                                                                                                                                                                                                                                                                                                                                                                                                                                                                                                                                                                                                                                                                                                                                                                                                                                                                                                                                                                                                     ,True,7,son cínicos,False,[],[],[],0,cínico,['cínico'],1024,6,SON CÍNICOS,classified,NEG,0.8982052206993103,0.07795636355876923,0.02383843995630741,5,False,0.8982052206993103,False,-0.8743667807430029,pysentimiento/robertuito-sentiment-analysis,a2cc0f67ebd705c55191e25a05ba23d885fcc09b,0,0,True
n8iP75gIpmw,Ugzin8yr1Zz1k47GsSp4AaABAg,Qué rico come tu diputado,Quorum,UCE4rsXcgDb6e1-a9iTbWzfg,@domingopeneleu6457,UCr1emrogPKkKTs_WTtx71xg,Ay ricos shucos en la calle jajaja,@quorumgt/videos,channel,quorum_complete_comments.csv | youtube_guatemala_plus_comments.csv,/@domingopeneleu6457,hace 2 años,,0,False,,Ay ricos shucos en la calle jajaja                                                                                                                                                                                                                                                                                                                                                                                                                                                                                                                                                                                                                                                                                                                                                                                                                                                                                                                                                                                                                              ,False,0,ay ricos shucos en la calle jajaja,False,[],[],[],0,ay rico shuco calle jajajo,"['ay', 'rico', 'shuco', 'calle', 'jajajo']",1024,26,Ay ricos shucos en la calle jaja,classified,NEG,0.4353407621383667,0.42012155055999756,0.14453774690628052,11,False,0.4353407621383667,True,-0.2908030152320862,pysentimiento/robertuito-sentiment-analysis,a2cc0f67ebd705c55191e25a05ba23d885fcc09b,0,0,True
lj983NWyAQY,UgzjFGboqNxQ7BcH0bZ4AaABAg,Plan 2032 Ciudad de Guatemala,Municipalidad de Guatemala,UCXa6LVjBzUtmcM3cwbd9e2w,@jimmygomez724,UCRznz9-N3Qc1w-qNdLSIY2Q,Hermosa cuidad de guatemala saludos desde el salvador,Municipalidad de Guatemala,topic,lj983NWyAQY_out_comments.csv | youtube_guatemala_plus_comments.csv,/@jimmygomez724,hace 6 años,14.0,0,False,,Hermosa cuidad de guatemala saludos desde el salvador                                                                                                                                                                                                                                                                                                                                                                                                                                                                                                                                                                                                                                                                                                                                                                                                                                                                                                                                                                                                           ,True,14,hermosa cuidad de guatemala saludos desde el salvador,False,[],[],[],0,hermoso cuidad guatemala saludo salvador,"['hermoso', 'cuidad', 'guatemala', 'saludo', 'salvador']",1024,40,Hermosa cuidad de guatemala saludos desde el salvador,classified,POS,0.006863821297883987,0.07084497809410095,0.9222911596298218,10,False,0.9222911596298218,False,0.9154273383319378,pysentimiento/robertuito-sentiment-analysis,a2cc0f67ebd705c55191e25a05ba23d885fcc09b,3,3,True
lj983NWyAQY,UgzjqVqTKYeOrM1kW0F4AaABAg,Plan 2032 Ciudad de Guatemala,Municipalidad de Guatemala,UCXa6LVjBzUtmcM3cwbd9e2w,@maynorcalel1442,UCY7Hq7F9Lnucf-Yr6JkHZNw,Primero Dios,Municipalidad de Guatemala,topic,lj983NWyAQY_out_comments.csv | youtube_guatemala_plus_comments.csv,/@maynorcalel1442,hace 7 años,79.0,0,False,,Primero Dios                                                                                                                                                                                                                                                                                                                                                                                                                                                                                                                                                                                                                                                                                                                                                                                                                                                                                                                                                                                                                                                    ,True,79,primero dios,False,[],[],[],0,dio,['dio'],1024,3,Primero Dios,classified,NEU,0.20075289905071259,0.57061368227005,0.22863338887691498,4,False,0.57061368227005,True,0.027880489826202393,pysentimiento/robertuito-sentiment-analysis,a2cc0f67ebd705c55191e25a05ba23d885fcc09b,3,3,True
OkXlHx0hx-8,Ugzk5XnOVKoVj8FiOCB4AaABAg,EE.UU. envía a mexicanos deportados a Guatemala antes de su regreso a México | Noticias Telemundo,Noticias Telemundo,UCRwA1NUcUnwsly35ikGhp0A,@mariaalexander427,UC-QOpE7GOxlXcHZ8b7HbQKA,Y??? Entraron ilegalmente a un pais AJENO!! No tenemos obligacion de dejarlos en las puertas de sus ranchos! Problema de otro gobierno!🇺🇸💪🗽⚖️✈️✈️✈️,guatemala noticias,topic,youtube_guatemala_comments.csv | youtube_guatemala_plus_comments.csv,/@mariaalexander427,hace 1 día,,0,False,,Y??? Entraron ilegalmente a un pais AJENO!! No tenemos obligacion de dejarlos en las puertas de sus ranchos! Problema de otro gobierno!🇺🇸💪🗽⚖️✈️✈️✈️                                                                                                                                                                                                                                                                                                                                                                                                                                                                                                                                                                                                                                                                                                                                                                                                                                                                                                             ,False,0,y entraron ilegalmente a un pais ajeno no tenemos obligacion de dejarlos en las puertas de sus ranchos problema de otro gobierno,False,[],[],"['🇺🇸', '💪', '🗽', '⚖️', '✈️', '✈️', '✈️']",7,entrar ilegalmente pais ajeno obligacion dejar él puerta rancho problema gobierno,"['entrar', 'ilegalmente', 'pais', 'ajeno', 'obligacion', 'dejar él', 'puerta', 'rancho', 'problema', 'gobierno']",1024,81,Y??? Entraron ilegalmente a un pais AJENO!! No tenemos obligacion de dejarlos en las puertas de sus ranchos! Problema de otro gobierno! emoji bandera estados unidos emoji  emoji bíceps flexionado emoji  emoji estatua de la libertad emoji  emoji balanza emoji,classified,NEG,0.6866451501846313,0.29417189955711365,0.019182944670319557,60,False,0.6866451501846313,False,-0.6674622055143118,pysentimiento/robertuito-sentiment-analysis,a2cc0f67ebd705c55191e25a05ba23d885fcc09b,5,5,True
n8iP75gIpmw,UgzlqevYeQWpdUl_KON4AaABAg,Qué rico come tu diputado,Quorum,UCE4rsXcgDb6e1-a9iTbWzfg,@josehidalgo4875,UCjSKM9j0Q7HLDr1hD6D-TUw,Solo lo que sale a luz se da cuenta el pueblo de lo que hasen estos malvados y lo que hasen a escondidas quien les dise algo estos bien bien comidos y el pueblo que en eso yo mismo se los e dicho que el que sale beneficiado en todo es el político ustedes creen que se preocupan x el pueblo yo siempre les e dicho que solo las sobras le dejan al pueblo x que esta clase de gente solo tiene que ver primero sus intereses y lo demás les vale madre,@quorumgt/videos,channel,quorum_complete_comments.csv | youtube_guatemala_plus_comments.csv,/@josehidalgo4875,hace 2 años,2.0,0,False,,Solo lo que sale a luz se da cuenta el pueblo de lo que hasen estos malvados y lo que hasen a escondidas quien les dise algo estos bien bien comidos y el pueblo que en eso yo mismo se los e dicho que el que sale beneficiado en todo es el político ustedes creen que se preocupan x el pueblo yo siempre les e dicho que solo las sobras le dejan al pueblo x que esta clase de gente solo tiene que ver primero sus intereses y lo demás les vale madre                                                                                                                                                                                                                                                                                                                                                                                                                                                                                                                                                                                                    ,True,2,solo lo que sale a luz se da cuenta el pueblo de lo que hasen estos malvados y lo que hasen a escondidas quien les dise algo estos bien bien comidos y el pueblo que en eso yo mismo se los e dicho que el que sale beneficiado en todo es el político ustedes creen que se preocupan x el pueblo yo siempre les e dicho que solo las sobras le dejan al pueblo x que esta clase de gente solo tiene que ver primero sus intereses y lo demás les vale madre,False,[],[],[],0,salir luz pueblo har malvado har escondidas disar comido pueblo salir beneficiado político creer preocupar x pueblo sobra dejar pueblo x clase gente interés valer madre,"['salir', 'luz', 'pueblo', 'har', 'malvado', 'har', 'escondidas', 'disar', 'comido', 'pueblo', 'salir', 'beneficiado', 'político', 'creer', 'preocupar', 'x', 'pueblo', 'sobra', 'dejar', 'pueblo', 'x', 'clase', 'gente', 'interés', 'valer', 'madre']",1024,168,Solo lo que sale a luz se da cuenta el pueblo de lo que hasen estos malvados y lo que hasen a escondidas quien les dise algo estos bien bien comidos y el pueblo que en eso yo mismo se los e dicho que el que sale beneficiado en todo es el político ustedes creen que se preocupan x el pueblo yo siempre les e dicho que solo las sobras le dejan al pueblo x que esta clase de gente solo tiene que ver primero sus intereses y lo demás les vale madre,classified,NEG,0.9535322189331055,0.040257517248392105,0.006210210267454386,103,False,0.9535322189331055,False,-0.9473220086656511,pysentimiento/robertuito-sentiment-analysis,a2cc0f67ebd705c55191e25a05ba23d885fcc09b,0,0,True
06mFNPU0aB8,Ugzm7wFhhdctNQt_ubl4AaABAg,Capturan a presuntos delincuentes disfrazados de mujer señalados de cometer asalto,Noti7,UCVpSRoZgngfSL03Nlbjtq9A,@JessicaHuaz-96,UCwCfs-2zbD5k0lG-UVg_JBw,Al fin hicieron algo bueno los polis👏👏👏👏👏,guatemala noticias,topic,youtube_guatemala_comments.csv | youtube_guatemala_plus_comments.csv,/@JessicaHuaz-96,hace 2 semanas,,0,False,,Al fin hicieron algo bueno los polis👏👏👏👏👏                                                                                                                                                                                                                                                                                                                                                                                                                                                                                                                                                                                                                                                                                                                                                                                                                                                                                                                                                                                                                  ,False,0,al fin hicieron algo bueno los polis,False,[],[],"['👏', '👏', '👏', '👏', '👏']",5,poli,['poli'],1019,4,Al fin hicieron algo bueno los polis emoji manos aplaudiendo emoji  emoji manos aplaudiendo emoji  emoji manos aplaudiendo emoji,classified,POS,0.06848815083503723,0.37976378202438354,0.5517480373382568,30,False,0.5517480373382568,True,0.4832598865032196,pysentimiento/robertuito-sentiment-analysis,a2cc0f67ebd705c55191e25a05ba23d885fcc09b,6,6,True
n8iP75gIpmw,UgzmBKXDgncBFsDjRwd4AaABAg,Qué rico come tu diputado,Quorum,UCE4rsXcgDb6e1-a9iTbWzfg,@osmanmorales3012,UC72gBAtyb_VXQlYDcFrh6oQ,Siempre tienen excusa,@quorumgt/videos,channel,quorum_complete_comments.csv | youtube_guatemala_plus_comments.csv,/@osmanmorales3012,hace 2 años,1.0,0,False,,Siempre tienen excusa                                                                                                                                                                                                                                                                                                                                                                                                                                                                                                                                                                                                                                                                                                                                                                                                                                                                                                                                                                                                                                           ,True,1,siempre tienen excusa,False,[],[],[],0,excusa,['excusa'],1024,6,Siempre tienen excusa,classified,NEG,0.6671791076660156,0.2940438985824585,0.03877697139978409,5,False,0.6671791076660156,False,-0.6284021362662315,pysentimiento/robertuito-sentiment-analysis,a2cc0f67ebd705c55191e25a05ba23d885fcc09b,0,0,True
PjmxCj-a9Hg,UgzmBVMoFVO53-_ZZ-54AaABAg,Conferencia de Prensa del Gobierno de Guatemala. #LaRondaGt,Gobierno de la República de Guatemala,UC-ZtFBHzgkYFh7whZkuR_Ag,@NormaLópez-v7e,UC8xlJWNHz1V_W6q3fbuQH8g,Excelente señor ministro.,@GobiernodeGuatemala,topic,PjmxCj-a9Hg_out_comments.csv | youtube_guatemala_plus_comments.csv,/@NormaL%C3%B3pez-v7e,hace 1 año,1.0,0,False,,Excelente señor ministro.                                                                                                                                                                                                                                                                                                                                                                                                                                                                                                                                                                                                                                                                                                                                                                                                                                                                                                                                                                                                                                       ,True,1,excelente señor ministro,False,[],[],[],0,excelente señor ministro,"['excelente', 'señor', 'ministro']",1024,24,Excelente señor ministro.,classified,POS,0.023982632905244827,0.08837519586086273,0.8876421451568604,6,False,0.8876421451568604,False,0.8636595122516155,pysentimiento/robertuito-sentiment-analysis,a2cc0f67ebd705c55191e25a05ba23d885fcc09b,4,4,True
6W4u8sGEnGM,UgzpHaLJJjoD9FnKO6p4AaABAg,Inician los trabajos de recuperación del Puente Belice II.,Gobierno de la República de Guatemala,UC-ZtFBHzgkYFh7whZkuR_Ag,@Murmullodelbarrio,UCyJhqmMbsvjpoarBBStA2kg,Viva nuestra Guatemala bendita y viva nuestro presidente Bernardo Arévalo,Gobierno de la República de Guatemala,topic,youtube_guatemala_plus_comments.csv | youtube_lab_targets_small_comments.csv,/@Murmullodelbarrio,hace 6 días,5.0,0,False,,Viva nuestra Guatemala bendita y viva nuestro presidente Bernardo Arévalo                                                                                                                                                                                                                                                                                                                                                                                                                                                                                                                                                                                                                                                                                                                                                                                                                                                                                                                                                                                       ,True,5,viva nuestra guatemala bendita y viva nuestro presidente bernardo arévalo,False,[],[],[],0,vivir guatemala bendito vivir presidente bernardo arévalo,"['vivir', 'guatemala', 'bendito', 'vivir', 'presidente', 'bernardo', 'arévalo']",1024,57,Viva nuestra Guatemala bendita y viva nuestro presidente Bernardo Arévalo,classified,POS,0.012749670073390007,0.09586746990680695,0.8913828730583191,14,False,0.8913828730583191,False,0.8786332029849291,pysentimiento/robertuito-sentiment-analysis,a2cc0f67ebd705c55191e25a05ba23d885fcc09b,2,2,True
PjmxCj-a9Hg,UgzpdnDQDBV6UZ96GZh4AaABAg,Conferencia de Prensa del Gobierno de Guatemala. #LaRondaGt,Gobierno de la República de Guatemala,UC-ZtFBHzgkYFh7whZkuR_Ag,@srms70,UCgQJgI9vu1FI2dnC9mrFthw,NO QUEREMOS EL TREN MAYA EN GUATEMALA,@GobiernodeGuatemala,topic,PjmxCj-a9Hg_out_comments.csv | youtube_guatemala_plus_comments.csv,/@srms70,hace 1 año,2.0,0,False,,NO QUEREMOS EL TREN MAYA EN GUATEMALA                                                                                                                                                                                                                                                                                                                                                                                                                                                                                                                                                                                                                                                                                                                                                                                                                                                                                                                                                                                                                           ,True,2,no queremos el tren maya en guatemala,False,[],[],[],0,tren maya guatemala,"['tren', 'maya', 'guatemala']",1024,19,NO QUEREMOS EL TREN MAYA EN GUATEMALA,classified,NEG,0.9006651639938354,0.07787036150693893,0.02146453596651554,9,False,0.9006651639938354,False,-0.8792006280273199,pysentimiento/robertuito-sentiment-analysis,a2cc0f67ebd705c55191e25a05ba23d885fcc09b,4,4,True
n8iP75gIpmw,UgzpzyaFY6F6IdFxzk14AaABAg,Qué rico come tu diputado,Quorum,UCE4rsXcgDb6e1-a9iTbWzfg,@kanterra4584,UCLFdHr9BEbXHkoJopbEPLZw,Por lo general es así cuando los sujetos provienen de bajos estratos de la sociedad y son tirados con honda.,@quorumgt/videos,channel,quorum_complete_comments.csv | youtube_guatemala_plus_comments.csv,/@kanterra4584,hace 2 años,11.0,0,False,,Por lo general es así cuando los sujetos provienen de bajos estratos de la sociedad y son tirados con honda.                                                                                                                                                                                                                                                                                                                                                                                                                                                                                                                                                                                                                                                                                                                                                                                                                                                                                                                                                    ,True,11,por lo general es así cuando los sujetos provienen de bajos estratos de la sociedad y son tirados con honda,False,[],[],[],0,general sujeto provenir bajo estrato sociedad tirar honda,"['general', 'sujeto', 'provenir', 'bajo', 'estrato', 'sociedad', 'tirar', 'honda']",1024,57,Por lo general es así cuando los sujetos provienen de bajos estratos de la sociedad y son tirados con honda.,classified,NEG,0.649642825126648,0.33690378069877625,0.013453326188027859,26,False,0.649642825126648,False,-0.6361894989386201,pysentimiento/robertuito-sentiment-analysis,a2cc0f67ebd705c55191e25a05ba23d885fcc09b,0,0,True
n8iP75gIpmw,UgzrrbkpudLqNqr7s6R4AaABAg,Qué rico come tu diputado,Quorum,UCE4rsXcgDb6e1-a9iTbWzfg,@Joseroland21,UCRETAiYdh2dL5ZxB0_N1zDA,"A todos no a unos si 😂
                                                                                                                                                                                                                                                                                               Mejor no hubiera se hubiera entrevistado. 😂
                                                                                                                                                                                                                                                                                               
                                                                                                                                                                                                                                                                                               Un calcetín el
                                                                                                                                                                                                                                                                                               Señor. Abre la boca y meta la pata",@quorumgt/videos,channel,quorum_complete_comments.csv | youtube_guatemala_plus_comments.csv,/@Joseroland21,hace 2 años,,0,False,,"A todos no a unos si 😂
                                                                                                                                                                                                                                                                                               Mejor no hubiera se hubiera entrevistado. 😂
                                                                                                                                                                                                                                                                                               
                                                                                                                                                                                                                                                                                               Un calcetín el
                                                                                                                                                                                                                                                                                               Señor. Abre la boca y meta la pata                                                                                                                                                                                                                                                                                                                                                                                                                                                                                                                                                                                                                                                                                                                                                                                                                                                                                                                                                                                                                             ",False,0,a todos no a unos si mejor no hubiera se hubiera entrevistado un calcetín el señor abre la boca y meta la pata,False,[],[],"['😂', '😂']",2,haber haber entrevistar calcetín señor abrir boca meta pata,"['haber', 'haber', 'entrevistar', 'calcetín', 'señor', 'abrir', 'boca', 'meta', 'pata']",2258,59,"A todos no a unos si  emoji cara llorando de risa emoji 
   Mejor no hubiera se hubiera entrevistado.  emoji cara llorando de risa emoji 
   
   Un calcetín el
   Señor. Abre la boca y meta la pata",classified,NEG,0.7285479307174683,0.25361040234565735,0.017841599881649017,64,False,0.7285479307174683,False,-0.7107063308358192,pysentimiento/robertuito-sentiment-analysis,a2cc0f67ebd705c55191e25a05ba23d885fcc09b,0,0,True
lj983NWyAQY,Ugzs8eXa8mdQ8wlS4FZ4AaABAg,Plan 2032 Ciudad de Guatemala,Municipalidad de Guatemala,UCXa6LVjBzUtmcM3cwbd9e2w,@bryansicasales4280,UCi-vPdnpQreC7BkFs40mJGA,"Es un proyecto extraordinario , vamos adelante mi guate hermosa!",Municipalidad de Guatemala,topic,lj983NWyAQY_out_comments.csv | youtube_guatemala_plus_comments.csv,/@bryansicasales4280,hace 7 años,35.0,0,False,,"Es un proyecto extraordinario , vamos adelante mi guate hermosa!                                                                                                                                                                                                                                                                                                                                                                                                                                                                                                                                                                                                                                                                                                                                                                                                                                                                                                                                                                                              ",True,35,es un proyecto extraordinario vamos adelante mi guate hermosa,False,[],[],[],0,proyecto extraordinario guate hermoso,"['proyecto', 'extraordinario', 'guate', 'hermoso']",1022,37,"Es un proyecto extraordinario , vamos adelante mi guate hermosa!",classified,POS,0.002412419766187668,0.019569670781493187,0.9780178666114807,13,False,0.9780178666114807,False,0.975605446845293,pysentimiento/robertuito-sentiment-analysis,a2cc0f67ebd705c55191e25a05ba23d885fcc09b,3,3,True
PjmxCj-a9Hg,UgztKpwRx20oET8wGLJ4AaABAg,Conferencia de Prensa del Gobierno de Guatemala. #LaRondaGt,Gobierno de la República de Guatemala,UC-ZtFBHzgkYFh7whZkuR_Ag,@virgiliogarcia3039,UCHTGCgY2l-DQJIvlA_cpa_Q,Con mucho Respeto  sen̈or presidente lo saludo y que Dios los vendiga lo unico que le pido que mencione y hagan algo por la seguridad del pais ya que siguen matando personas trabajadores y honrradas hagan algo con esos delincuentes .,@GobiernodeGuatemala,topic,PjmxCj-a9Hg_out_comments.csv | youtube_guatemala_plus_comments.csv,/@virgiliogarcia3039,hace 1 año,1.0,0,False,,Con mucho Respeto  sen̈or presidente lo saludo y que Dios los vendiga lo unico que le pido que mencione y hagan algo por la seguridad del pais ya que siguen matando personas trabajadores y honrradas hagan algo con esos delincuentes .                                                                                                                                                                                                                                                                                                                                                                                                                                                                                                                                                                                                                                                                                                                                                                                                                        ,True,1,con mucho respeto sen or presidente lo saludo y que dios los vendiga lo unico que le pido que mencione y hagan algo por la seguridad del pais ya que siguen matando personas trabajadores y honrradas hagan algo con esos delincuentes,False,[],[],[],0,respeto sen or presidente saludo dios vendigar unico pedir mencionir hacer seguridad pais seguir matar persona trabajador honrrada hacer delincuente,"['respeto', 'sen', 'or', 'presidente', 'saludo', 'dios', 'vendigar', 'unico', 'pedir', 'mencionir', 'hacer', 'seguridad', 'pais', 'seguir', 'matar', 'persona', 'trabajador', 'honrrada', 'hacer', 'delincuente']",1025,148,Con mucho Respeto  sen̈or presidente lo saludo y que Dios los vendiga lo unico que le pido que mencione y hagan algo por la seguridad del pais ya que siguen matando personas trabajadores y honrradas hagan algo con esos delincuentes .,classified,NEG,0.7728755474090576,0.17624598741531372,0.05087848752737045,49,False,0.7728755474090576,False,-0.7219970598816872,pysentimiento/robertuito-sentiment-analysis,a2cc0f67ebd705c55191e25a05ba23d885fcc09b,0,4,False
PjmxCj-a9Hg,UgzuugQO6qMSbkVsdGp4AaABAg,Conferencia de Prensa del Gobierno de Guatemala. #LaRondaGt,Gobierno de la República de Guatemala,UC-ZtFBHzgkYFh7whZkuR_Ag,@aureliomaldonado4793,UCtNyHmRZtvGF2hSvI2dUBWw,Pregúntenle si se acuerda de la marca del vino que se toma todos los días,@GobiernodeGuatemala,topic,PjmxCj-a9Hg_out_comments.csv | youtube_guatemala_plus_comments.csv,/@aureliomaldonado4793,hace 1 año,1.0,0,False,,Pregúntenle si se acuerda de la marca del vino que se toma todos los días                                                                                                                                                                                                                                                                                                                                                                                                                                                                                                                                                                                                                                                                                                                                                                                                                                                                                                                                                                                       ,True,1,pregúntenle si se acuerda de la marca del vino que se toma todos los días,False,[],[],[],0,pregúntenle acordar marca vino tomar,"['pregúntenle', 'acordar', 'marca', 'vino', 'tomar']",1024,36,Pregúntenle si se acuerda de la marca del vino que se toma todos los días,classified,NEU,0.05542636290192604,0.8852434158325195,0.059330251067876816,19,False,0.8852434158325195,False,0.003903888165950775,pysentimiento/robertuito-sentiment-analysis,a2cc0f67ebd705c55191e25a05ba23d885fcc09b,4,4,True
n8iP75gIpmw,UgzvKLXKEkVzjn_XRHp4AaABAg,Qué rico come tu diputado,Quorum,UCE4rsXcgDb6e1-a9iTbWzfg,@alvaroesquivel563,UCsjs5Hp_r86x1xbK6FAeqaA,Eso es exactamente lo que significa la verdadera politica: dividirse la riqueza del país entre unos cuantos. Sólo se puede guardar por todos estos delincuentes políticos un sentimiento de vivisima repugnancia.-,@quorumgt/videos,channel,quorum_complete_comments.csv | youtube_guatemala_plus_comments.csv,/@alvaroesquivel563,hace 2 años,2.0,0,False,,Eso es exactamente lo que significa la verdadera politica: dividirse la riqueza del país entre unos cuantos. Sólo se puede guardar por todos estos delincuentes políticos un sentimiento de vivisima repugnancia.-                                                                                                                                                                                                                                                                                                                                                                                                                                                                                                                                                                                                                                                                                                                                                                                                                                              ,True,2,eso es exactamente lo que significa la verdadera politica dividirse la riqueza del país entre unos cuantos sólo se puede guardar por todos estos delincuentes políticos un sentimiento de vivisima repugnancia,False,[],[],[],0,exactamente significar politico dividir él riqueza país guardar delincuente político sentimiento vivisimo repugnancia,"['exactamente', 'significar', 'politico', 'dividir él', 'riqueza', 'país', 'guardar', 'delincuente', 'político', 'sentimiento', 'vivisimo', 'repugnancia']",1024,117,Eso es exactamente lo que significa la verdadera politica: dividirse la riqueza del país entre unos cuantos. Sólo se puede guardar por todos estos delincuentes políticos un sentimiento de vivisima repugnancia.-,classified,NEG,0.9698033332824707,0.02565772458910942,0.004538930952548981,40,False,0.9698033332824707,False,-0.9652644023299217,pysentimiento/robertuito-sentiment-analysis,a2cc0f67ebd705c55191e25a05ba23d885fcc09b,0,0,True
lj983NWyAQY,UgzwvEpQc3M_AWvNDad4AaABAg,Plan 2032 Ciudad de Guatemala,Municipalidad de Guatemala,UCXa6LVjBzUtmcM3cwbd9e2w,@WalksandSuch,UCRcSR3Lvn9DZAmJpVPANfZQ,muy padre. saludos desde mexico.,Municipalidad de Guatemala,topic,lj983NWyAQY_out_comments.csv | youtube_guatemala_plus_comments.csv,/@WalksandSuch,hace 7 años,68.0,0,False,,muy padre. saludos desde mexico.                                                                                                                                                                                                                                                                                                                                                                                                                                                                                                                                                                                                                                                                                                                                                                                                                                                                                                                                                                                                                                ,True,68,muy padre saludos desde mexico,False,[],[],[],0,padre saludo mexico,"['padre', 'saludo', 'mexico']",1024,19,muy padre. saludos desde mexico.,classified,POS,0.0051336344331502914,0.0255742110311985,0.969292163848877,7,False,0.969292163848877,False,0.9641585294157267,pysentimiento/robertuito-sentiment-analysis,a2cc0f67ebd705c55191e25a05ba23d885fcc09b,3,3,True
n8iP75gIpmw,Ugzx7TTfRu5S-pT0LuZ4AaABAg,Qué rico come tu diputado,Quorum,UCE4rsXcgDb6e1-a9iTbWzfg,@eusebiovasquez4385,UCz3gu01bmjNv0DpRq-K3XYg,Pero que estará aportando éste delincuente,@quorumgt/videos,channel,quorum_complete_comments.csv | youtube_guatemala_plus_comments.csv,/@eusebiovasquez4385,hace 2 años,1.0,0,False,,Pero que estará aportando éste delincuente                                                                                                                                                                                                                                                                                                                                                                                                                                                                                                                                                                                                                                                                                                                                                                                                                                                                                                                                                                                                                      ,True,1,pero que estará aportando éste delincuente,False,[],[],[],0,aportar delincuente,"['aportar', 'delincuente']",1024,19,Pero que estará aportando éste delincuente,classified,NEG,0.6484339833259583,0.3222980797290802,0.0292679313570261,9,False,0.6484339833259583,False,-0.6191660519689322,pysentimiento/robertuito-sentiment-analysis,a2cc0f67ebd705c55191e25a05ba23d885fcc09b,0,0,True
PjmxCj-a9Hg,UgzxhrnRAMNePfy6u7J4AaABAg,Conferencia de Prensa del Gobierno de Guatemala. #LaRondaGt,Gobierno de la República de Guatemala,UC-ZtFBHzgkYFh7whZkuR_Ag,@ronaldgarcia8522,UCGX_UbAQOXGZknv5iqklwTA,Este hombre esta loco,@GobiernodeGuatemala,topic,PjmxCj-a9Hg_out_comments.csv | youtube_guatemala_plus_comments.csv,/@ronaldgarcia8522,hace 1 año,1.0,0,False,,Este hombre esta loco                                                                                                                                                                                                                                                                                                                                                                                                                                                                                                                                                                                                                                                                                                                                                                                                                                                                                                                                                                                                                                           ,True,1,este hombre esta loco,False,[],[],[],0,hombre loco,"['hombre', 'loco']",1024,11,Este hombre esta loco,classified,NEU,0.3289962410926819,0.3548085391521454,0.31619521975517273,6,False,0.3548085391521454,True,-0.012801021337509155,pysentimiento/robertuito-sentiment-analysis,a2cc0f67ebd705c55191e25a05ba23d885fcc09b,4,4,True
n8iP75gIpmw,UgzzpE27HS1dmWfyATJ4AaABAg,Qué rico come tu diputado,Quorum,UCE4rsXcgDb6e1-a9iTbWzfg,@normaleticiaorozcojuarez2418,UC-hfX8J5JPJ-dfuakzegMLA,"Si son asesores los que participan en las mesas de trabajo, ellos también tienen buenos sueldos y pueden costear sus gastos personales, jamás con el sueldo de  los Diputados y menos con recursos del pueblo, hay que ser  verdaderamente CABAL. Con respecto a el trabajo que realizan , cualquier proyecto que sea  y en sus diferentes etapas, considero que lo hace porque le gusta  y se siente realizado, se le recuerda que no es gratis, reciben un sueldo y que los compromisos laborales no se resuelven en un restaurante,  para eso están oficinas, las reuniones  en estos lugares es más convivencia que trabajo.  Que Dios les ilumine.",@quorumgt/videos,channel,quorum_complete_comments.csv | youtube_guatemala_plus_comments.csv,/@normaleticiaorozcojuarez2418,hace 2 años (editado),6.0,0,False,,"Si son asesores los que participan en las mesas de trabajo, ellos también tienen buenos sueldos y pueden costear sus gastos personales, jamás con el sueldo de  los Diputados y menos con recursos del pueblo, hay que ser  verdaderamente CABAL. Con respecto a el trabajo que realizan , cualquier proyecto que sea  y en sus diferentes etapas, considero que lo hace porque le gusta  y se siente realizado, se le recuerda que no es gratis, reciben un sueldo y que los compromisos laborales no se resuelven en un restaurante,  para eso están oficinas, las reuniones  en estos lugares es más convivencia que trabajo.  Que Dios les ilumine.                                                                                                                                                                                                                                                                                                                                                                                                       ",True,6,si son asesores los que participan en las mesas de trabajo ellos también tienen buenos sueldos y pueden costear sus gastos personales jamás con el sueldo de los diputados y menos con recursos del pueblo hay que ser verdaderamente cabal con respecto a el trabajo que realizan cualquier proyecto que sea y en sus diferentes etapas considero que lo hace porque le gusta y se siente realizado se le recuerda que no es gratis reciben un sueldo y que los compromisos laborales no se resuelven en un restaurante para eso están oficinas las reuniones en estos lugares es más convivencia que trabajo que dios les ilumine,False,[],[],[],0,asesor participar mesa trabajo sueldo costear gasto personal jamás sueldo diputado recurso pueblo verdaderamente cabal trabajo realizar proyecto etapa considero gustar sentir recordar gratis recibir sueldo compromiso laboral resolver restaurante oficina reunión lugar convivencia trabajar dio iluminir,"['asesor', 'participar', 'mesa', 'trabajo', 'sueldo', 'costear', 'gasto', 'personal', 'jamás', 'sueldo', 'diputado', 'recurso', 'pueblo', 'verdaderamente', 'cabal', 'trabajo', 'realizar', 'proyecto', 'etapa', 'considero', 'gustar', 'sentir', 'recordar', 'gratis', 'recibir', 'sueldo', 'compromiso', 'laboral', 'resolver', 'restaurante', 'oficina', 'reunión', 'lugar', 'convivencia', 'trabajar', 'dio', 'iluminir']",1022,301,"Si son asesores los que participan en las mesas de trabajo, ellos también tienen buenos sueldos y pueden costear sus gastos personales, jamás con el sueldo de  los Diputados y menos con recursos del pueblo, hay que ser  verdaderamente CABAL. Con respecto a el trabajo que realizan , cualquier proyecto que sea  y en sus diferentes etapas, considero que lo hace porque le gusta  y se siente realizado, se le recuerda que no es gratis, reciben un sueldo y que los compromisos laborales no se resuelven en un restaurante,  para eso están oficinas, las reuniones  en estos lugares es más convivencia que trabajo.  Que Dios les ilumine.",classified,POS,0.04954575374722481,0.3270370066165924,0.6234172582626343,125,False,0.6234172582626343,False,0.5738715045154095,pysentimiento/robertuito-sentiment-analysis,a2cc0f67ebd705c55191e25a05ba23d885fcc09b,0,0,True
